Group,Code,Name,Year,Antigen,Antigen_description,Coverage_category,Coverage_category_description,Target_number,Doses,Coverage
COUNTRIES,IND,India,2010,BCG,Bacille Calmette-Guerin (Tuberculosis),ADMIN,Administrative coverage (doses given / target population),2279774.0,1942316,85.2
COUNTRIES,IND,India,2010,BCG,Bacille Calmette-Guerin (Tuberculosis),OFFICIAL,Official country-reported coverage estimate,1174831.0,907345,77.2
COUNTRIES,IND,India,2010,BCG,Bacille Calmette-Guerin (Tuberculosis),WUENIC,WHO/UNICEF Estimates of National Immunization Coverage,4298541.0,3554279,82.7
COUNTRIES,IND,India,2010,DTP1,Diphtheria/Tetanus/Pertussis - 1st dose,ADMIN,Administrative coverage (doses given / target population),4146774.0,3395216,81.9
COUNTRIES,IND,India,2010,DTP1,Diphtheria/Tetanus/Pertussis - 1st dose,OFFICIAL,Official country-reported coverage estimate,3517588.0,3177103,90.3
COUNTRIES,IND,India,2010,DTP1,Diphtheria/Tetanus/Pertussis - 1st dose,WUENIC,WHO/UNICEF Estimates of National Immunization Coverage,1804903.0,1481069,82.1
COUNTRIES,IND,India,2010,DTP3,Diphtheria/Tetanus/Pertussis - 3rd dose,ADMIN,Administrative coverage (doses given / target population),3405699.0,2754273,
COUNTRIES,IND,India,2010,DTP3,Diphtheria/Tetanus/Pertussis - 3rd dose,OFFICIAL,Official country-reported coverage estimate,3902998.0,3363569,86.2
COUNTRIES,IND,India,2010,DTP3,Diphtheria/Tetanus/Pertussis - 3rd dose,WUENIC,WHO/UNICEF Estimates of National Immunization Coverage,2514068.0,2148564,85.5
COUNTRIES,IND,India,2010,MCV1,Measles-containing vaccine - 1st dose,ADMIN,Administrative coverage (doses given / target population),266828.0,228325,85.6
COUNTRIES,IND,India,2010,MCV1,Measles-containing vaccine - 1st dose,OFFICIAL,Official country-reported coverage estimate,4616512.0,3718451,80.5
COUNTRIES,IND,India,2010,MCV1,Measles-containing vaccine - 1st dose,WUENIC,WHO/UNICEF Estimates of National Immunization Coverage,3736572.0,2985962,79.9
COUNTRIES,IND,India,2010,MCV2,Measles-containing vaccine - 2nd dose (booster),ADMIN,Administrative coverage (doses given / target population),4532402.0,3928738,86.7
COUNTRIES,IND,India,2010,MCV2,Measles-containing vaccine - 2nd dose (booster),OFFICIAL,Official country-reported coverage estimate,1883775.0,1690859,89.8
COUNTRIES,IND,India,2010,MCV2,Measles-containing vaccine - 2nd dose (booster),WUENIC,WHO/UNICEF Estimates of National Immunization Coverage,2341555.0,1825109,77.9
COUNTRIES,IND,India,2010,POL3,Polio - 3rd dose,ADMIN,Administrative coverage (doses given / target population),693111.0,540892,78.0
COUNTRIES,IND,India,2010,POL3,Polio - 3rd dose,OFFICIAL,Official country-reported coverage estimate,2844274.0,2487169,87.4
COUNTRIES,IND,India,2010,POL3,Polio - 3rd dose,WUENIC,WHO/UNICEF Estimates of National Immunization Coverage,3365579.0,2902616,86.2
COUNTRIES,IND,India,2010,HEPB3,Hepatitis B - 3rd dose,ADMIN,Administrative coverage (doses given / target population),3850827.0,3249260,
COUNTRIES,IND,India,2010,HEPB3,Hepatitis B - 3rd dose,OFFICIAL,Official country-reported coverage estimate,4169686.0,3489417,
COUNTRIES,IND,India,2010,HEPB3,Hepatitis B - 3rd dose,WUENIC,WHO/UNICEF Estimates of National Immunization Coverage,4495533.0,3965682,88.2
COUNTRIES,IND,India,2010,PCV3,Pneumococcal conjugate vaccine - 3rd dose,ADMIN,Administrative coverage (doses given / target population),1477224.0,1245696,84.3
COUNTRIES,IND,India,2010,PCV3,Pneumococcal conjugate vaccine - 3rd dose,OFFICIAL,Official country-reported coverage estimate,4172046.0,3479100,83.4
COUNTRIES,IND,India,2010,PCV3,Pneumococcal conjugate vaccine - 3rd dose,WUENIC,WHO/UNICEF Estimates of National Immunization Coverage,,880702,84.7
COUNTRIES,IND,India,2011,BCG,Bacille Calmette-Guerin (Tuberculosis),ADMIN,Administrative coverage (doses given / target population),3912803.0,2920607,74.6
COUNTRIES,IND,India,2011,BCG,Bacille Calmette-Guerin (Tuberculosis),OFFICIAL,Official country-reported coverage estimate,3341011.0,2721829,
COUNTRIES,IND,India,2011,BCG,Bacille Calmette-Guerin (Tuberculosis),WUENIC,WHO/UNICEF Estimates of National Immunization Coverage,2800452.0,2227815,79.6
COUNTRIES,IND,India,2011,DTP1,Diphtheria/Tetanus/Pertussis - 1st dose,ADMIN,Administrative coverage (doses given / target population),2321633.0,1897573,81.7
COUNTRIES,IND,India,2011,DTP1,Diphtheria/Tetanus/Pertussis - 1st dose,OFFICIAL,Official country-reported coverage estimate,1265131.0,989209,78.2
COUNTRIES,IND,India,2011,DTP1,Diphtheria/Tetanus/Pertussis - 1st dose,WUENIC,WHO/UNICEF Estimates of National Immunization Coverage,616923.0,550264,89.2
COUNTRIES,IND,India,2011,DTP3,Diphtheria/Tetanus/Pertussis - 3rd dose,ADMIN,Administrative coverage (doses given / target population),4282646.0,3485044,81.4
COUNTRIES,IND,India,2011,DTP3,Diphtheria/Tetanus/Pertussis - 3rd dose,OFFICIAL,Official country-reported coverage estimate,2847918.0,2402554,84.4
COUNTRIES,IND,India,2011,DTP3,Diphtheria/Tetanus/Pertussis - 3rd dose,WUENIC,WHO/UNICEF Estimates of National Immunization Coverage,2848597.0,2496870,87.7
COUNTRIES,IND,India,2011,MCV1,Measles-containing vaccine - 1st dose,ADMIN,Administrative coverage (doses given / target population),2790218.0,2459447,88.1
COUNTRIES,IND,India,2011,MCV1,Measles-containing vaccine - 1st dose,OFFICIAL,Official country-reported coverage estimate,3034049.0,2445782,80.6
COUNTRIES,IND,India,2011,MCV1,Measles-containing vaccine - 1st dose,WUENIC,WHO/UNICEF Estimates of National Immunization Coverage,202548.0,179322,88.5
COUNTRIES,IND,India,2011,MCV2,Measles-containing vaccine - 2nd dose (booster),ADMIN,Administrative coverage (doses given / target population),1418914.0,1074559,75.7
COUNTRIES,IND,India,2011,MCV2,Measles-containing vaccine - 2nd dose (booster),OFFICIAL,Official country-reported coverage estimate,2072216.0,1587018,76.6
COUNTRIES,IND,India,2011,MCV2,Measles-containing vaccine - 2nd dose (booster),WUENIC,WHO/UNICEF Estimates of National Immunization Coverage,4117288.0,3556029,
COUNTRIES,IND,India,2011,POL3,Polio - 3rd dose,ADMIN,Administrative coverage (doses given / target population),338598.0,285234,84.2
COUNTRIES,IND,India,2011,POL3,Polio - 3rd dose,OFFICIAL,Official country-reported coverage estimate,2199868.0,1777972,80.8
COUNTRIES,IND,India,2011,POL3,Polio - 3rd dose,WUENIC,WHO/UNICEF Estimates of National Immunization Coverage,3326486.0,2805442,84.3
COUNTRIES,IND,India,2011,HEPB3,Hepatitis B - 3rd dose,ADMIN,Administrative coverage (doses given / target population),4980729.0,4060748,81.5
COUNTRIES,IND,India,2011,HEPB3,Hepatitis B - 3rd dose,OFFICIAL,Official country-reported coverage estimate,3338352.0,2875186,86.1
COUNTRIES,IND,India,2011,HEPB3,Hepatitis B - 3rd dose,WUENIC,WHO/UNICEF Estimates of National Immunization Coverage,1640017.0,1331807,81.2
COUNTRIES,IND,India,2011,PCV3,Pneumococcal conjugate vaccine - 3rd dose,ADMIN,Administrative coverage (doses given / target population),876515.0,710808,81.1
COUNTRIES,IND,India,2011,PCV3,Pneumococcal conjugate vaccine - 3rd dose,OFFICIAL,Official country-reported coverage estimate,3869184.0,3339380,86.3
COUNTRIES,IND,India,2011,PCV3,Pneumococcal conjugate vaccine - 3rd dose,WUENIC,WHO/UNICEF Estimates of National Immunization Coverage,3625678.0,2921167,80.6
COUNTRIES,IND,India,2012,BCG,Bacille Calmette-Guerin (Tuberculosis),ADMIN,Administrative coverage (doses given / target population),4508077.0,3907139,86.7
COUNTRIES,IND,India,2012,BCG,Bacille Calmette-Guerin (Tuberculosis),OFFICIAL,Official country-reported coverage estimate,2530171.0,2187698,86.5
COUNTRIES,IND,India,2012,BCG,Bacille Calmette-Guerin (Tuberculosis),WUENIC,WHO/UNICEF Estimates of National Immunization Coverage,2503348.0,2082644,83.2
COUNTRIES,IND,India,2012,DTP1,Diphtheria/Tetanus/Pertussis - 1st dose,ADMIN,Administrative coverage (doses given / target population),2258473.0,1834907,81.2
COUNTRIES,IND,India,2012,DTP1,Diphtheria/Tetanus/Pertussis - 1st dose,OFFICIAL,Official country-reported coverage estimate,3434318.0,2529762,73.7
COUNTRIES,IND,India,2012,DTP1,Diphtheria/Tetanus/Pertussis - 1st dose,WUENIC,WHO/UNICEF Estimates of National Immunization Coverage,3169898.0,2380675,75.1
COUNTRIES,IND,India,2012,DTP3,Diphtheria/Tetanus/Pertussis - 3rd dose,ADMIN,Administrative coverage (doses given / target population),1745824.0,1358282,77.8
COUNTRIES,IND,India,2012,DTP3,Diphtheria/Tetanus/Pertussis - 3rd dose,OFFICIAL,Official country-reported coverage estimate,634129.0,546517,86.2
COUNTRIES,IND,India,2012,DTP3,Diphtheria/Tetanus/Pertussis - 3rd dose,WUENIC,WHO/UNICEF Estimates of National Immunization Coverage,2500575.0,2038376,81.5
COUNTRIES,IND,India,2012,MCV1,Measles-containing vaccine - 1st dose,ADMIN,Administrative coverage (doses given / target population),3513550.0,3217731,91.6
COUNTRIES,IND,India,2012,MCV1,Measles-containing vaccine - 1st dose,OFFICIAL,Official country-reported coverage estimate,1354448.0,1194763,88.2
COUNTRIES,IND,India,2012,MCV1,Measles-containing vaccine - 1st dose,WUENIC,WHO/UNICEF Estimates of National Immunization Coverage,,3052924,78.2
COUNTRIES,IND,India,2012,MCV2,Measles-containing vaccine - 2nd dose (booster),ADMIN,Administrative coverage (doses given / target population),3697752.0,2887394,78.1
COUNTRIES,IND,India,2012,MCV2,Measles-containing vaccine - 2nd dose (booster),OFFICIAL,Official country-reported coverage estimate,1397595.0,1142548,81.8
COUNTRIES,IND,India,2012,MCV2,Measles-containing vaccine - 2nd dose (booster),WUENIC,WHO/UNICEF Estimates of National Immunization Coverage,681505.0,500370,73.4
COUNTRIES,IND,India,2012,POL3,Polio - 3rd dose,ADMIN,Administrative coverage (doses given / target population),2306092.0,1992274,86.4
COUNTRIES,IND,India,2012,POL3,Polio - 3rd dose,OFFICIAL,Official country-reported coverage estimate,4052870.0,3251227,80.2
COUNTRIES,IND,India,2012,POL3,Polio - 3rd dose,WUENIC,WHO/UNICEF Estimates of National Immunization Coverage,2917136.0,2191029,75.1
COUNTRIES,IND,India,2012,HEPB3,Hepatitis B - 3rd dose,ADMIN,Administrative coverage (doses given / target population),146643.0,118206,80.6
COUNTRIES,IND,India,2012,HEPB3,Hepatitis B - 3rd dose,OFFICIAL,Official country-reported coverage estimate,3804671.0,3240869,85.2
COUNTRIES,IND,India,2012,HEPB3,Hepatitis B - 3rd dose,WUENIC,WHO/UNICEF Estimates of National Immunization Coverage,1577902.0,1473696,93.4
COUNTRIES,IND,India,2012,PCV3,Pneumococcal conjugate vaccine - 3rd dose,ADMIN,Administrative coverage (doses given / target population),3155178.0,2598261,82.3
COUNTRIES,IND,India,2012,PCV3,Pneumococcal conjugate vaccine - 3rd dose,OFFICIAL,Official country-reported coverage estimate,3162289.0,2683547,84.9
COUNTRIES,IND,India,2012,PCV3,Pneumococcal conjugate vaccine - 3rd dose,WUENIC,WHO/UNICEF Estimates of National Immunization Coverage,467999.0,398291,85.1
COUNTRIES,IND,India,2013,BCG,Bacille Calmette-Guerin (Tuberculosis),ADMIN,Administrative coverage (doses given / target population),938309.0,836933,89.2
COUNTRIES,IND,India,2013,BCG,Bacille Calmette-Guerin (Tuberculosis),OFFICIAL,Official country-reported coverage estimate,2495254.0,2154065,86.3
COUNTRIES,IND,India,2013,BCG,Bacille Calmette-Guerin (Tuberculosis),WUENIC,WHO/UNICEF Estimates of National Immunization Coverage,3404629.0,2623358,77.1
COUNTRIES,IND,India,2013,DTP1,Diphtheria/Tetanus/Pertussis - 1st dose,ADMIN,Administrative coverage (doses given / target population),561844.0,451423,80.3
COUNTRIES,IND,India,2013,DTP1,Diphtheria/Tetanus/Pertussis - 1st dose,OFFICIAL,Official country-reported coverage estimate,1534964.0,1256313,81.8
COUNTRIES,IND,India,2013,DTP1,Diphtheria/Tetanus/Pertussis - 1st dose,WUENIC,WHO/UNICEF Estimates of National Immunization Coverage,4629344.0,3514836,75.9
COUNTRIES,IND,India,2013,DTP3,Diphtheria/Tetanus/Pertussis - 3rd dose,ADMIN,Administrative coverage (doses given / target population),3081637.0,2553196,82.9
COUNTRIES,IND,India,2013,DTP3,Diphtheria/Tetanus/Pertussis - 3rd dose,OFFICIAL,Official country-reported coverage estimate,2975031.0,2241996,75.4
COUNTRIES,IND,India,2013,DTP3,Diphtheria/Tetanus/Pertussis - 3rd dose,WUENIC,WHO/UNICEF Estimates of National Immunization Coverage,2119866.0,1824491,86.1
COUNTRIES,IND,India,2013,MCV1,Measles-containing vaccine - 1st dose,ADMIN,Administrative coverage (doses given / target population),2437402.0,2174504,89.2
COUNTRIES,IND,India,2013,MCV1,Measles-containing vaccine - 1st dose,OFFICIAL,Official country-reported coverage estimate,1415443.0,1415443,100.0
COUNTRIES,IND,India,2013,MCV1,Measles-containing vaccine - 1st dose,WUENIC,WHO/UNICEF Estimates of National Immunization Coverage,2458958.0,2131221,86.7
COUNTRIES,IND,India,2013,MCV2,Measles-containing vaccine - 2nd dose (booster),ADMIN,Administrative coverage (doses given / target population),,604729,71.4
COUNTRIES,IND,India,2013,MCV2,Measles-containing vaccine - 2nd dose (booster),OFFICIAL,Official country-reported coverage estimate,2880053.0,2470841,85.8
COUNTRIES,IND,India,2013,MCV2,Measles-containing vaccine - 2nd dose (booster),WUENIC,WHO/UNICEF Estimates of National Immunization Coverage,4771175.0,3897722,81.7
COUNTRIES,IND,India,2013,POL3,Polio - 3rd dose,ADMIN,Administrative coverage (doses given / target population),1691266.0,1361683,80.5
COUNTRIES,IND,India,2013,POL3,Polio - 3rd dose,OFFICIAL,Official country-reported coverage estimate,1458566.0,1321185,90.6
COUNTRIES,IND,India,2013,POL3,Polio - 3rd dose,WUENIC,WHO/UNICEF Estimates of National Immunization Coverage,156979.0,133632,85.1
COUNTRIES,IND,India,2013,HEPB3,Hepatitis B - 3rd dose,ADMIN,Administrative coverage (doses given / target population),2736994.0,2134071,78.0
COUNTRIES,IND,India,2013,HEPB3,Hepatitis B - 3rd dose,OFFICIAL,Official country-reported coverage estimate,,551752,74.1
COUNTRIES,IND,India,2013,HEPB3,Hepatitis B - 3rd dose,WUENIC,WHO/UNICEF Estimates of National Immunization Coverage,3346644.0,2806581,83.9
COUNTRIES,IND,India,2013,PCV3,Pneumococcal conjugate vaccine - 3rd dose,ADMIN,Administrative coverage (doses given / target population),3377588.0,3201712,94.8
COUNTRIES,IND,India,2013,PCV3,Pneumococcal conjugate vaccine - 3rd dose,OFFICIAL,Official country-reported coverage estimate,4696868.0,4231019,90.1
COUNTRIES,IND,India,2013,PCV3,Pneumococcal conjugate vaccine - 3rd dose,WUENIC,WHO/UNICEF Estimates of National Immunization Coverage,3854805.0,3129696,81.2
COUNTRIES,IND,India,2014,BCG,Bacille Calmette-Guerin (Tuberculosis),ADMIN,Administrative coverage (doses given / target population),4877018.0,3842825,78.8
COUNTRIES,IND,India,2014,BCG,Bacille Calmette-Guerin (Tuberculosis),OFFICIAL,Official country-reported coverage estimate,1189559.0,954429,80.2
COUNTRIES,IND,India,2014,BCG,Bacille Calmette-Guerin (Tuberculosis),WUENIC,WHO/UNICEF Estimates of National Immunization Coverage,2756676.0,2195884,79.7
COUNTRIES,IND,India,2014,DTP1,Diphtheria/Tetanus/Pertussis - 1st dose,ADMIN,Administrative coverage (doses given / target population),1886065.0,1690219,89.6
COUNTRIES,IND,India,2014,DTP1,Diphtheria/Tetanus/Pertussis - 1st dose,OFFICIAL,Official country-reported coverage estimate,4817898.0,4344525,90.2
COUNTRIES,IND,India,2014,DTP1,Diphtheria/Tetanus/Pertussis - 1st dose,WUENIC,WHO/UNICEF Estimates of National Immunization Coverage,1619837.0,1407557,86.9
COUNTRIES,IND,India,2014,DTP3,Diphtheria/Tetanus/Pertussis - 3rd dose,ADMIN,Administrative coverage (doses given / target population),3128206.0,2638350,84.3
COUNTRIES,IND,India,2014,DTP3,Diphtheria/Tetanus/Pertussis - 3rd dose,OFFICIAL,Official country-reported coverage estimate,2599532.0,2096692,80.7
COUNTRIES,IND,India,2014,DTP3,Diphtheria/Tetanus/Pertussis - 3rd dose,WUENIC,WHO/UNICEF Estimates of National Immunization Coverage,944474.0,773102,81.9
COUNTRIES,IND,India,2014,MCV1,Measles-containing vaccine - 1st dose,ADMIN,Administrative coverage (doses given / target population),864808.0,667905,77.2
COUNTRIES,IND,India,2014,MCV1,Measles-containing vaccine - 1st dose,OFFICIAL,Official country-reported coverage estimate,4848397.0,4151236,85.6
COUNTRIES,IND,India,2014,MCV1,Measles-containing vaccine - 1st dose,WUENIC,WHO/UNICEF Estimates of National Immunization Coverage,4962259.0,4667492,94.1
COUNTRIES,IND,India,2014,MCV2,Measles-containing vaccine - 2nd dose (booster),ADMIN,Administrative coverage (doses given / target population),4235931.0,3552821,83.9
COUNTRIES,IND,India,2014,MCV2,Measles-containing vaccine - 2nd dose (booster),OFFICIAL,Official country-reported coverage estimate,4459422.0,3848491,86.3
COUNTRIES,IND,India,2014,MCV2,Measles-containing vaccine - 2nd dose (booster),WUENIC,WHO/UNICEF Estimates of National Immunization Coverage,2374249.0,2039517,85.9
COUNTRIES,IND,India,2014,POL3,Polio - 3rd dose,ADMIN,Administrative coverage (doses given / target population),1613848.0,1325287,82.1
COUNTRIES,IND,India,2014,POL3,Polio - 3rd dose,OFFICIAL,Official country-reported coverage estimate,2080588.0,1813395,87.2
COUNTRIES,IND,India,2014,POL3,Polio - 3rd dose,WUENIC,WHO/UNICEF Estimates of National Immunization Coverage,1899605.0,1781825,93.8
COUNTRIES,IND,India,2014,HEPB3,Hepatitis B - 3rd dose,ADMIN,Administrative coverage (doses given / target population),1930957.0,1491441,77.2
COUNTRIES,IND,India,2014,HEPB3,Hepatitis B - 3rd dose,OFFICIAL,Official country-reported coverage estimate,1349179.0,1030453,76.4
COUNTRIES,IND,India,2014,HEPB3,Hepatitis B - 3rd dose,WUENIC,WHO/UNICEF Estimates of National Immunization Coverage,207959.0,197409,94.9
COUNTRIES,IND,India,2014,PCV3,Pneumococcal conjugate vaccine - 3rd dose,ADMIN,Administrative coverage (doses given / target population),657651.0,549192,83.5
COUNTRIES,IND,India,2014,PCV3,Pneumococcal conjugate vaccine - 3rd dose,OFFICIAL,Official country-reported coverage estimate,3746360.0,3497374,93.4
COUNTRIES,IND,India,2014,PCV3,Pneumococcal conjugate vaccine - 3rd dose,WUENIC,WHO/UNICEF Estimates of National Immunization Coverage,937378.0,730620,77.9
COUNTRIES,IND,India,2015,BCG,Bacille Calmette-Guerin (Tuberculosis),ADMIN,Administrative coverage (doses given / target population),1438517.0,1278053,88.8
COUNTRIES,IND,India,2015,BCG,Bacille Calmette-Guerin (Tuberculosis),OFFICIAL,Official country-reported coverage estimate,1586102.0,1310400,82.6
COUNTRIES,IND,India,2015,BCG,Bacille Calmette-Guerin (Tuberculosis),WUENIC,WHO/UNICEF Estimates of National Immunization Coverage,2521569.0,2118234,84.0
COUNTRIES,IND,India,2015,DTP1,Diphtheria/Tetanus/Pertussis - 1st dose,ADMIN,Administrative coverage (doses given / target population),2528668.0,2200212,87.0
COUNTRIES,IND,India,2015,DTP1,Diphtheria/Tetanus/Pertussis - 1st dose,OFFICIAL,Official country-reported coverage estimate,912678.0,780602,85.5
COUNTRIES,IND,India,2015,DTP1,Diphtheria/Tetanus/Pertussis - 1st dose,WUENIC,WHO/UNICEF Estimates of National Immunization Coverage,1186797.0,1054456,88.8
COUNTRIES,IND,India,2015,DTP3,Diphtheria/Tetanus/Pertussis - 3rd dose,ADMIN,Administrative coverage (doses given / target population),4848084.0,4105986,84.7
COUNTRIES,IND,India,2015,DTP3,Diphtheria/Tetanus/Pertussis - 3rd dose,OFFICIAL,Official country-reported coverage estimate,653070.0,521972,79.9
COUNTRIES,IND,India,2015,DTP3,Diphtheria/Tetanus/Pertussis - 3rd dose,WUENIC,WHO/UNICEF Estimates of National Immunization Coverage,3842631.0,3063205,
COUNTRIES,IND,India,2015,MCV1,Measles-containing vaccine - 1st dose,ADMIN,Administrative coverage (doses given / target population),2926527.0,2428447,83.0
COUNTRIES,IND,India,2015,MCV1,Measles-containing vaccine - 1st dose,OFFICIAL,Official country-reported coverage estimate,174251.0,134220,77.0
COUNTRIES,IND,India,2015,MCV1,Measles-containing vaccine - 1st dose,WUENIC,WHO/UNICEF Estimates of National Immunization Coverage,3591265.0,3058646,85.2
COUNTRIES,IND,India,2015,MCV2,Measles-containing vaccine - 2nd dose (booster),ADMIN,Administrative coverage (doses given / target population),2197487.0,1931950,87.9
COUNTRIES,IND,India,2015,MCV2,Measles-containing vaccine - 2nd dose (booster),OFFICIAL,Official country-reported coverage estimate,662581.0,543848,82.1
COUNTRIES,IND,India,2015,MCV2,Measles-containing vaccine - 2nd dose (booster),WUENIC,WHO/UNICEF Estimates of National Immunization Coverage,4866946.0,4429009,91.0
COUNTRIES,IND,India,2015,POL3,Polio - 3rd dose,ADMIN,Administrative coverage (doses given / target population),1539696.0,1358226,88.2
COUNTRIES,IND,India,2015,POL3,Polio - 3rd dose,OFFICIAL,Official country-reported coverage estimate,1603000.0,1347453,84.1
COUNTRIES,IND,India,2015,POL3,Polio - 3rd dose,WUENIC,WHO/UNICEF Estimates of National Immunization Coverage,4780335.0,3862970,80.8
COUNTRIES,IND,India,2015,HEPB3,Hepatitis B - 3rd dose,ADMIN,Administrative coverage (doses given / target population),2520865.0,2179042,86.4
COUNTRIES,IND,India,2015,HEPB3,Hepatitis B - 3rd dose,OFFICIAL,Official country-reported coverage estimate,173054.0,148903,86.0
COUNTRIES,IND,India,2015,HEPB3,Hepatitis B - 3rd dose,WUENIC,WHO/UNICEF Estimates of National Immunization Coverage,4211928.0,3602386,
COUNTRIES,IND,India,2015,PCV3,Pneumococcal conjugate vaccine - 3rd dose,ADMIN,Administrative coverage (doses given / target population),574192.0,495841,86.4
COUNTRIES,IND,India,2015,PCV3,Pneumococcal conjugate vaccine - 3rd dose,OFFICIAL,Official country-reported coverage estimate,82229.0,79142,96.2
COUNTRIES,IND,India,2015,PCV3,Pneumococcal conjugate vaccine - 3rd dose,WUENIC,WHO/UNICEF Estimates of National Immunization Coverage,4832847.0,3859792,79.9
COUNTRIES,IND,India,2016,BCG,Bacille Calmette-Guerin (Tuberculosis),ADMIN,Administrative coverage (doses given / target population),,2837979,76.6
COUNTRIES,IND,India,2016,BCG,Bacille Calmette-Guerin (Tuberculosis),OFFICIAL,Official country-reported coverage estimate,4031586.0,3299491,81.8
COUNTRIES,IND,India,2016,BCG,Bacille Calmette-Guerin (Tuberculosis),WUENIC,WHO/UNICEF Estimates of National Immunization Coverage,4242548.0,3929464,92.6
COUNTRIES,IND,India,2016,DTP1,Diphtheria/Tetanus/Pertussis - 1st dose,ADMIN,Administrative coverage (doses given / target population),138292.0,112031,81.0
COUNTRIES,IND,India,2016,DTP1,Diphtheria/Tetanus/Pertussis - 1st dose,OFFICIAL,Official country-reported coverage estimate,1290040.0,935298,72.5
COUNTRIES,IND,India,2016,DTP1,Diphtheria/Tetanus/Pertussis - 1st dose,WUENIC,WHO/UNICEF Estimates of National Immunization Coverage,3994244.0,3371512,84.4
COUNTRIES,IND,India,2016,DTP3,Diphtheria/Tetanus/Pertussis - 3rd dose,ADMIN,Administrative coverage (doses given / target population),3837478.0,3154738,82.2
COUNTRIES,IND,India,2016,DTP3,Diphtheria/Tetanus/Pertussis - 3rd dose,OFFICIAL,Official country-reported coverage estimate,3049778.0,2443607,80.1
COUNTRIES,IND,India,2016,DTP3,Diphtheria/Tetanus/Pertussis - 3rd dose,WUENIC,WHO/UNICEF Estimates of National Immunization Coverage,612957.0,458730,74.8
COUNTRIES,IND,India,2016,MCV1,Measles-containing vaccine - 1st dose,ADMIN,Administrative coverage (doses given / target population),3277058.0,2509669,76.6
COUNTRIES,IND,India,2016,MCV1,Measles-containing vaccine - 1st dose,OFFICIAL,Official country-reported coverage estimate,2678531.0,2080166,
COUNTRIES,IND,India,2016,MCV1,Measles-containing vaccine - 1st dose,WUENIC,WHO/UNICEF Estimates of National Immunization Coverage,1276805.0,1006180,78.8
COUNTRIES,IND,India,2016,MCV2,Measles-containing vaccine - 2nd dose (booster),ADMIN,Administrative coverage (doses given / target population),4212239.0,4212239,100.0
COUNTRIES,IND,India,2016,MCV2,Measles-containing vaccine - 2nd dose (booster),OFFICIAL,Official country-reported coverage estimate,4092015.0,3206334,78.4
COUNTRIES,IND,India,2016,MCV2,Measles-containing vaccine - 2nd dose (booster),WUENIC,WHO/UNICEF Estimates of National Immunization Coverage,2403334.0,2101345,87.4
COUNTRIES,IND,India,2016,POL3,Polio - 3rd dose,ADMIN,Administrative coverage (doses given / target population),2992446.0,2865490,95.8
COUNTRIES,IND,India,2016,POL3,Polio - 3rd dose,OFFICIAL,Official country-reported coverage estimate,1627683.0,1365847,83.9
COUNTRIES,IND,India,2016,POL3,Polio - 3rd dose,WUENIC,WHO/UNICEF Estimates of National Immunization Coverage,1586156.0,1428322,90.0
COUNTRIES,IND,India,2016,HEPB3,Hepatitis B - 3rd dose,ADMIN,Administrative coverage (doses given / target population),3012870.0,2504548,83.1
COUNTRIES,IND,India,2016,HEPB3,Hepatitis B - 3rd dose,OFFICIAL,Official country-reported coverage estimate,,735343,84.6
COUNTRIES,IND,India,2016,HEPB3,Hepatitis B - 3rd dose,WUENIC,WHO/UNICEF Estimates of National Immunization Coverage,2305506.0,1935615,84.0
COUNTRIES,IND,India,2016,PCV3,Pneumococcal conjugate vaccine - 3rd dose,ADMIN,Administrative coverage (doses given / target population),621675.0,520882,83.8
COUNTRIES,IND,India,2016,PCV3,Pneumococcal conjugate vaccine - 3rd dose,OFFICIAL,Official country-reported coverage estimate,1014368.0,832322,82.1
COUNTRIES,IND,India,2016,PCV3,Pneumococcal conjugate vaccine - 3rd dose,WUENIC,WHO/UNICEF Estimates of National Immunization Coverage,914475.0,806699,88.2
COUNTRIES,IND,India,2017,BCG,Bacille Calmette-Guerin (Tuberculosis),ADMIN,Administrative coverage (doses given / target population),2604177.0,2258286,86.7
COUNTRIES,IND,India,2017,BCG,Bacille Calmette-Guerin (Tuberculosis),OFFICIAL,Official country-reported coverage estimate,3419536.0,3005628,87.9
COUNTRIES,IND,India,2017,BCG,Bacille Calmette-Guerin (Tuberculosis),WUENIC,WHO/UNICEF Estimates of National Immunization Coverage,4922892.0,4223141,85.8
COUNTRIES,IND,India,2017,DTP1,Diphtheria/Tetanus/Pertussis - 1st dose,ADMIN,Administrative coverage (doses given / target population),2547404.0,2075011,81.5
COUNTRIES,IND,India,2017,DTP1,Diphtheria/Tetanus/Pertussis - 1st dose,OFFICIAL,Official country-reported coverage estimate,2705742.0,2305334,85.2
COUNTRIES,IND,India,2017,DTP1,Diphtheria/Tetanus/Pertussis - 1st dose,WUENIC,WHO/UNICEF Estimates of National Immunization Coverage,265201.0,260810,98.3
COUNTRIES,IND,India,2017,DTP3,Diphtheria/Tetanus/Pertussis - 3rd dose,ADMIN,Administrative coverage (doses given / target population),3230702.0,2846259,88.1
COUNTRIES,IND,India,2017,DTP3,Diphtheria/Tetanus/Pertussis - 3rd dose,OFFICIAL,Official country-reported coverage estimate,2877601.0,2336811,81.2
COUNTRIES,IND,India,2017,DTP3,Diphtheria/Tetanus/Pertussis - 3rd dose,WUENIC,WHO/UNICEF Estimates of National Immunization Coverage,85025.0,74271,87.4
COUNTRIES,IND,India,2017,MCV1,Measles-containing vaccine - 1st dose,ADMIN,Administrative coverage (doses given / target population),1899389.0,1502621,79.1
COUNTRIES,IND,India,2017,MCV1,Measles-containing vaccine - 1st dose,OFFICIAL,Official country-reported coverage estimate,,447238,
COUNTRIES,IND,India,2017,MCV1,Measles-containing vaccine - 1st dose,WUENIC,WHO/UNICEF Estimates of National Immunization Coverage,4175619.0,3702359,88.7
COUNTRIES,IND,India,2017,MCV2,Measles-containing vaccine - 2nd dose (booster),ADMIN,Administrative coverage (doses given / target population),3462447.0,3162942,91.3
COUNTRIES,IND,India,2017,MCV2,Measles-containing vaccine - 2nd dose (booster),OFFICIAL,Official country-reported coverage estimate,540610.0,478503,88.5
COUNTRIES,IND,India,2017,MCV2,Measles-containing vaccine - 2nd dose (booster),WUENIC,WHO/UNICEF Estimates of National Immunization Coverage,1237396.0,1026495,83.0
COUNTRIES,IND,India,2017,POL3,Polio - 3rd dose,ADMIN,Administrative coverage (doses given / target population),4898874.0,4280027,87.4
COUNTRIES,IND,India,2017,POL3,Polio - 3rd dose,OFFICIAL,Official country-reported coverage estimate,3157706.0,2653491,84.0
COUNTRIES,IND,India,2017,POL3,Polio - 3rd dose,WUENIC,WHO/UNICEF Estimates of National Immunization Coverage,3230292.0,2751057,85.2
COUNTRIES,IND,India,2017,HEPB3,Hepatitis B - 3rd dose,ADMIN,Administrative coverage (doses given / target population),4138971.0,3588514,86.7
COUNTRIES,IND,India,2017,HEPB3,Hepatitis B - 3rd dose,OFFICIAL,Official country-reported coverage estimate,,2557929,94.6
COUNTRIES,IND,India,2017,HEPB3,Hepatitis B - 3rd dose,WUENIC,WHO/UNICEF Estimates of National Immunization Coverage,4176807.0,3523728,84.4
COUNTRIES,IND,India,2017,PCV3,Pneumococcal conjugate vaccine - 3rd dose,ADMIN,Administrative coverage (doses given / target population),,2032901,86.8
COUNTRIES,IND,India,2017,PCV3,Pneumococcal conjugate vaccine - 3rd dose,OFFICIAL,Official country-reported coverage estimate,1286503.0,1074921,83.6
COUNTRIES,IND,India,2017,PCV3,Pneumococcal conjugate vaccine - 3rd dose,WUENIC,WHO/UNICEF Estimates of National Immunization Coverage,1368993.0,1030098,75.2
COUNTRIES,IND,India,2018,BCG,Bacille Calmette-Guerin (Tuberculosis),ADMIN,Administrative coverage (doses given / target population),867347.0,837418,96.5
COUNTRIES,IND,India,2018,BCG,Bacille Calmette-Guerin (Tuberculosis),OFFICIAL,Official country-reported coverage estimate,2113602.0,1627095,77.0
COUNTRIES,IND,India,2018,BCG,Bacille Calmette-Guerin (Tuberculosis),WUENIC,WHO/UNICEF Estimates of National Immunization Coverage,2550016.0,2147473,84.2
COUNTRIES,IND,India,2018,DTP1,Diphtheria/Tetanus/Pertussis - 1st dose,ADMIN,Administrative coverage (doses given / target population),1863642.0,1599327,85.8
COUNTRIES,IND,India,2018,DTP1,Diphtheria/Tetanus/Pertussis - 1st dose,OFFICIAL,Official country-reported coverage estimate,955433.0,804269,84.2
COUNTRIES,IND,India,2018,DTP1,Diphtheria/Tetanus/Pertussis - 1st dose,WUENIC,WHO/UNICEF Estimates of National Immunization Coverage,,3237265,94.0
COUNTRIES,IND,India,2018,DTP3,Diphtheria/Tetanus/Pertussis - 3rd dose,ADMIN,Administrative coverage (doses given / target population),3370673.0,3255367,96.6
COUNTRIES,IND,India,2018,DTP3,Diphtheria/Tetanus/Pertussis - 3rd dose,OFFICIAL,Official country-reported coverage estimate,4585922.0,4276360,93.2
COUNTRIES,IND,India,2018,DTP3,Diphtheria/Tetanus/Pertussis - 3rd dose,WUENIC,WHO/UNICEF Estimates of National Immunization Coverage,2329460.0,2251397,96.6
COUNTRIES,IND,India,2018,MCV1,Measles-containing vaccine - 1st dose,ADMIN,Administrative coverage (doses given / target population),2700402.0,2398476,88.8
COUNTRIES,IND,India,2018,MCV1,Measles-containing vaccine - 1st dose,OFFICIAL,Official country-reported coverage estimate,1051664.0,887665,84.4
COUNTRIES,IND,India,2018,MCV1,Measles-containing vaccine - 1st dose,WUENIC,WHO/UNICEF Estimates of National Immunization Coverage,4031739.0,3490863,86.6
COUNTRIES,IND,India,2018,MCV2,Measles-containing vaccine - 2nd dose (booster),ADMIN,Administrative coverage (doses given / target population),408712.0,376516,92.1
COUNTRIES,IND,India,2018,MCV2,Measles-containing vaccine - 2nd dose (booster),OFFICIAL,Official country-reported coverage estimate,1476370.0,1168036,79.1
COUNTRIES,IND,India,2018,MCV2,Measles-containing vaccine - 2nd dose (booster),WUENIC,WHO/UNICEF Estimates of National Immunization Coverage,3007352.0,2557493,85.0
COUNTRIES,IND,India,2018,POL3,Polio - 3rd dose,ADMIN,Administrative coverage (doses given / target population),3489250.0,3252426,93.2
COUNTRIES,IND,India,2018,POL3,Polio - 3rd dose,OFFICIAL,Official country-reported coverage estimate,3199284.0,3106797,97.1
COUNTRIES,IND,India,2018,POL3,Polio - 3rd dose,WUENIC,WHO/UNICEF Estimates of National Immunization Coverage,520723.0,471618,
COUNTRIES,IND,India,2018,HEPB3,Hepatitis B - 3rd dose,ADMIN,Administrative coverage (doses given / target population),2639975.0,2264664,85.8
COUNTRIES,IND,India,2018,HEPB3,Hepatitis B - 3rd dose,OFFICIAL,Official country-reported coverage estimate,,3706668,79.2
COUNTRIES,IND,India,2018,HEPB3,Hepatitis B - 3rd dose,WUENIC,WHO/UNICEF Estimates of National Immunization Coverage,,846326,95.3
COUNTRIES,IND,India,2018,PCV3,Pneumococcal conjugate vaccine - 3rd dose,ADMIN,Administrative coverage (doses given / target population),4014376.0,3613359,90.0
COUNTRIES,IND,India,2018,PCV3,Pneumococcal conjugate vaccine - 3rd dose,OFFICIAL,Official country-reported coverage estimate,4983466.0,3991904,80.1
COUNTRIES,IND,India,2018,PCV3,Pneumococcal conjugate vaccine - 3rd dose,WUENIC,WHO/UNICEF Estimates of National Immunization Coverage,3985818.0,3443028,86.4
COUNTRIES,IND,India,2019,BCG,Bacille Calmette-Guerin (Tuberculosis),ADMIN,Administrative coverage (doses given / target population),3623190.0,2991248,82.6
COUNTRIES,IND,India,2019,BCG,Bacille Calmette-Guerin (Tuberculosis),OFFICIAL,Official country-reported coverage estimate,2970875.0,2627956,88.5
COUNTRIES,IND,India,2019,BCG,Bacille Calmette-Guerin (Tuberculosis),WUENIC,WHO/UNICEF Estimates of National Immunization Coverage,,622852,90.2
COUNTRIES,IND,India,2019,DTP1,Diphtheria/Tetanus/Pertussis - 1st dose,ADMIN,Administrative coverage (doses given / target population),2846505.0,2073324,72.8
COUNTRIES,IND,India,2019,DTP1,Diphtheria/Tetanus/Pertussis - 1st dose,OFFICIAL,Official country-reported coverage estimate,3412417.0,2969399,87.0
COUNTRIES,IND,India,2019,DTP1,Diphtheria/Tetanus/Pertussis - 1st dose,WUENIC,WHO/UNICEF Estimates of National Immunization Coverage,2637027.0,2348763,89.1
COUNTRIES,IND,India,2019,DTP3,Diphtheria/Tetanus/Pertussis - 3rd dose,ADMIN,Administrative coverage (doses given / target population),2612645.0,1938735,74.2
COUNTRIES,IND,India,2019,DTP3,Diphtheria/Tetanus/Pertussis - 3rd dose,OFFICIAL,Official country-reported coverage estimate,2486158.0,2064472,
COUNTRIES,IND,India,2019,DTP3,Diphtheria/Tetanus/Pertussis - 3rd dose,WUENIC,WHO/UNICEF Estimates of National Immunization Coverage,4232969.0,3263437,77.1
COUNTRIES,IND,India,2019,MCV1,Measles-containing vaccine - 1st dose,ADMIN,Administrative coverage (doses given / target population),642681.0,613380,95.4
COUNTRIES,IND,India,2019,MCV1,Measles-containing vaccine - 1st dose,OFFICIAL,Official country-reported coverage estimate,,2260964,91.7
COUNTRIES,IND,India,2019,MCV1,Measles-containing vaccine - 1st dose,WUENIC,WHO/UNICEF Estimates of National Immunization Coverage,3306423.0,2749608,83.2
COUNTRIES,IND,India,2019,MCV2,Measles-containing vaccine - 2nd dose (booster),ADMIN,Administrative coverage (doses given / target population),1080910.0,1005204,
COUNTRIES,IND,India,2019,MCV2,Measles-containing vaccine - 2nd dose (booster),OFFICIAL,Official country-reported coverage estimate,3372595.0,2967294,88.0
COUNTRIES,IND,India,2019,MCV2,Measles-containing vaccine - 2nd dose (booster),WUENIC,WHO/UNICEF Estimates of National Immunization Coverage,4094715.0,3611838,88.2
COUNTRIES,IND,India,2019,POL3,Polio - 3rd dose,ADMIN,Administrative coverage (doses given / target population),3824534.0,3113369,81.4
COUNTRIES,IND,India,2019,POL3,Polio - 3rd dose,OFFICIAL,Official country-reported coverage estimate,2684374.0,2299706,85.7
COUNTRIES,IND,India,2019,POL3,Polio - 3rd dose,WUENIC,WHO/UNICEF Estimates of National Immunization Coverage,1606477.0,1427927,88.9
COUNTRIES,IND,India,2019,HEPB3,Hepatitis B - 3rd dose,ADMIN,Administrative coverage (doses given / target population),476981.0,382701,80.2
COUNTRIES,IND,India,2019,HEPB3,Hepatitis B - 3rd dose,OFFICIAL,Official country-reported coverage estimate,4683830.0,4020375,85.8
COUNTRIES,IND,India,2019,HEPB3,Hepatitis B - 3rd dose,WUENIC,WHO/UNICEF Estimates of National Immunization Coverage,683212.0,561079,82.1
COUNTRIES,IND,India,2019,PCV3,Pneumococcal conjugate vaccine - 3rd dose,ADMIN,Administrative coverage (doses given / target population),3661944.0,2990042,81.7
COUNTRIES,IND,India,2019,PCV3,Pneumococcal conjugate vaccine - 3rd dose,OFFICIAL,Official country-reported coverage estimate,1835875.0,1682608,91.7
COUNTRIES,IND,India,2019,PCV3,Pneumococcal conjugate vaccine - 3rd dose,WUENIC,WHO/UNICEF Estimates of National Immunization Coverage,3912492.0,3390324,86.7
COUNTRIES,IND,India,2020,BCG,Bacille Calmette-Guerin (Tuberculosis),ADMIN,Administrative coverage (doses given / target population),3276994.0,3018964,92.1
COUNTRIES,IND,India,2020,BCG,Bacille Calmette-Guerin (Tuberculosis),OFFICIAL,Official country-reported coverage estimate,,4540905,92.0
COUNTRIES,IND,India,2020,BCG,Bacille Calmette-Guerin (Tuberculosis),WUENIC,WHO/UNICEF Estimates of National Immunization Coverage,2147828.0,2147828,100.0
COUNTRIES,IND,India,2020,DTP1,Diphtheria/Tetanus/Pertussis - 1st dose,ADMIN,Administrative coverage (doses given / target population),636468.0,545798,85.8
COUNTRIES,IND,India,2020,DTP1,Diphtheria/Tetanus/Pertussis - 1st dose,OFFICIAL,Official country-reported coverage estimate,657565.0,635278,96.6
COUNTRIES,IND,India,2020,DTP1,Diphtheria/Tetanus/Pertussis - 1st dose,WUENIC,WHO/UNICEF Estimates of National Immunization Coverage,653512.0,550512,84.2
COUNTRIES,IND,India,2020,DTP3,Diphtheria/Tetanus/Pertussis - 3rd dose,ADMIN,Administrative coverage (doses given / target population),2745324.0,2603736,94.8
COUNTRIES,IND,India,2020,DTP3,Diphtheria/Tetanus/Pertussis - 3rd dose,OFFICIAL,Official country-reported coverage estimate,110898.0,85803,77.4
COUNTRIES,IND,India,2020,DTP3,Diphtheria/Tetanus/Pertussis - 3rd dose,WUENIC,WHO/UNICEF Estimates of National Immunization Coverage,2184942.0,1690655,77.4
COUNTRIES,IND,India,2020,MCV1,Measles-containing vaccine - 1st dose,ADMIN,Administrative coverage (doses given / target population),1512027.0,1243195,82.2
COUNTRIES,IND,India,2020,MCV1,Measles-containing vaccine - 1st dose,OFFICIAL,Official country-reported coverage estimate,109853.0,99010,90.1
COUNTRIES,IND,India,2020,MCV1,Measles-containing vaccine - 1st dose,WUENIC,WHO/UNICEF Estimates of National Immunization Coverage,1544540.0,1369125,88.6
COUNTRIES,IND,India,2020,MCV2,Measles-containing vaccine - 2nd dose (booster),ADMIN,Administrative coverage (doses given / target population),2747263.0,2008926,73.1
COUNTRIES,IND,India,2020,MCV2,Measles-containing vaccine - 2nd dose (booster),OFFICIAL,Official country-reported coverage estimate,,521608,87.3
COUNTRIES,IND,India,2020,MCV2,Measles-containing vaccine - 2nd dose (booster),WUENIC,WHO/UNICEF Estimates of National Immunization Coverage,3438253.0,3085542,89.7
COUNTRIES,IND,India,2020,POL3,Polio - 3rd dose,ADMIN,Administrative coverage (doses given / target population),1455346.0,1327231,91.2
COUNTRIES,IND,India,2020,POL3,Polio - 3rd dose,OFFICIAL,Official country-reported coverage estimate,3345460.0,2777100,83.0
COUNTRIES,IND,India,2020,POL3,Polio - 3rd dose,WUENIC,WHO/UNICEF Estimates of National Immunization Coverage,,4386844,87.8
COUNTRIES,IND,India,2020,HEPB3,Hepatitis B - 3rd dose,ADMIN,Administrative coverage (doses given / target population),3135408.0,2770463,88.4
COUNTRIES,IND,India,2020,HEPB3,Hepatitis B - 3rd dose,OFFICIAL,Official country-reported coverage estimate,497681.0,448737,90.2
COUNTRIES,IND,India,2020,HEPB3,Hepatitis B - 3rd dose,WUENIC,WHO/UNICEF Estimates of National Immunization Coverage,1267286.0,1088695,85.9
COUNTRIES,IND,India,2020,PCV3,Pneumococcal conjugate vaccine - 3rd dose,ADMIN,Administrative coverage (doses given / target population),1242098.0,1095107,88.2
COUNTRIES,IND,India,2020,PCV3,Pneumococcal conjugate vaccine - 3rd dose,OFFICIAL,Official country-reported coverage estimate,4051331.0,3428350,
COUNTRIES,IND,India,2020,PCV3,Pneumococcal conjugate vaccine - 3rd dose,WUENIC,WHO/UNICEF Estimates of National Immunization Coverage,1031110.0,929156,90.1
COUNTRIES,IND,India,2021,BCG,Bacille Calmette-Guerin (Tuberculosis),ADMIN,Administrative coverage (doses given / target population),4551710.0,3945423,86.7
COUNTRIES,IND,India,2021,BCG,Bacille Calmette-Guerin (Tuberculosis),OFFICIAL,Official country-reported coverage estimate,229005.0,211514,92.4
COUNTRIES,IND,India,2021,BCG,Bacille Calmette-Guerin (Tuberculosis),WUENIC,WHO/UNICEF Estimates of National Immunization Coverage,4108905.0,3270953,79.6
COUNTRIES,IND,India,2021,DTP1,Diphtheria/Tetanus/Pertussis - 1st dose,ADMIN,Administrative coverage (doses given / target population),3049329.0,2393484,78.5
COUNTRIES,IND,India,2021,DTP1,Diphtheria/Tetanus/Pertussis - 1st dose,OFFICIAL,Official country-reported coverage estimate,1474607.0,1228578,83.3
COUNTRIES,IND,India,2021,DTP1,Diphtheria/Tetanus/Pertussis - 1st dose,WUENIC,WHO/UNICEF Estimates of National Immunization Coverage,4254573.0,3909181,91.9
COUNTRIES,IND,India,2021,DTP3,Diphtheria/Tetanus/Pertussis - 3rd dose,ADMIN,Administrative coverage (doses given / target population),4842571.0,4289162,88.6
COUNTRIES,IND,India,2021,DTP3,Diphtheria/Tetanus/Pertussis - 3rd dose,OFFICIAL,Official country-reported coverage estimate,4642587.0,4360344,93.9
COUNTRIES,IND,India,2021,DTP3,Diphtheria/Tetanus/Pertussis - 3rd dose,WUENIC,WHO/UNICEF Estimates of National Immunization Coverage,4108008.0,3572752,87.0
COUNTRIES,IND,India,2021,MCV1,Measles-containing vaccine - 1st dose,ADMIN,Administrative coverage (doses given / target population),4198002.0,4009376,95.5
COUNTRIES,IND,India,2021,MCV1,Measles-containing vaccine - 1st dose,OFFICIAL,Official country-reported coverage estimate,2763925.0,2276393,82.4
COUNTRIES,IND,India,2021,MCV1,Measles-containing vaccine - 1st dose,WUENIC,WHO/UNICEF Estimates of National Immunization Coverage,3168558.0,2655849,83.8
COUNTRIES,IND,India,2021,MCV2,Measles-containing vaccine - 2nd dose (booster),ADMIN,Administrative coverage (doses given / target population),4075975.0,3344601,82.1
COUNTRIES,IND,India,2021,MCV2,Measles-containing vaccine - 2nd dose (booster),OFFICIAL,Official country-reported coverage estimate,3686374.0,3142161,85.2
COUNTRIES,IND,India,2021,MCV2,Measles-containing vaccine - 2nd dose (booster),WUENIC,WHO/UNICEF Estimates of National Immunization Coverage,544902.0,532423,97.7
COUNTRIES,IND,India,2021,POL3,Polio - 3rd dose,ADMIN,Administrative coverage (doses given / target population),3564028.0,2818867,79.1
COUNTRIES,IND,India,2021,POL3,Polio - 3rd dose,OFFICIAL,Official country-reported coverage estimate,2571101.0,2086243,
COUNTRIES,IND,India,2021,POL3,Polio - 3rd dose,WUENIC,WHO/UNICEF Estimates of National Immunization Coverage,319776.0,288544,90.2
COUNTRIES,IND,India,2021,HEPB3,Hepatitis B - 3rd dose,ADMIN,Administrative coverage (doses given / target population),1134721.0,866925,76.4
COUNTRIES,IND,India,2021,HEPB3,Hepatitis B - 3rd dose,OFFICIAL,Official country-reported coverage estimate,4426521.0,4114675,93.0
COUNTRIES,IND,India,2021,HEPB3,Hepatitis B - 3rd dose,WUENIC,WHO/UNICEF Estimates of National Immunization Coverage,1887224.0,1588700,84.2
COUNTRIES,IND,India,2021,PCV3,Pneumococcal conjugate vaccine - 3rd dose,ADMIN,Administrative coverage (doses given / target population),504018.0,408087,81.0
COUNTRIES,IND,India,2021,PCV3,Pneumococcal conjugate vaccine - 3rd dose,OFFICIAL,Official country-reported coverage estimate,2980218.0,2680784,90.0
COUNTRIES,IND,India,2021,PCV3,Pneumococcal conjugate vaccine - 3rd dose,WUENIC,WHO/UNICEF Estimates of National Immunization Coverage,2319875.0,2000887,86.2
COUNTRIES,IND,India,2022,BCG,Bacille Calmette-Guerin (Tuberculosis),ADMIN,Administrative coverage (doses given / target population),4369822.0,3930952,90.0
COUNTRIES,IND,India,2022,BCG,Bacille Calmette-Guerin (Tuberculosis),OFFICIAL,Official country-reported coverage estimate,2883445.0,2759723,95.7
COUNTRIES,IND,India,2022,BCG,Bacille Calmette-Guerin (Tuberculosis),WUENIC,WHO/UNICEF Estimates of National Immunization Coverage,2729236.0,2154025,78.9
COUNTRIES,IND,India,2022,DTP1,Diphtheria/Tetanus/Pertussis - 1st dose,ADMIN,Administrative coverage (doses given / target population),1541646.0,1452054,94.2
COUNTRIES,IND,India,2022,DTP1,Diphtheria/Tetanus/Pertussis - 1st dose,OFFICIAL,Official country-reported coverage estimate,1324588.0,1251375,94.5
COUNTRIES,IND,India,2022,DTP1,Diphtheria/Tetanus/Pertussis - 1st dose,WUENIC,WHO/UNICEF Estimates of National Immunization Coverage,,2940125,90.1
COUNTRIES,IND,India,2022,DTP3,Diphtheria/Tetanus/Pertussis - 3rd dose,ADMIN,Administrative coverage (doses given / target population),2335209.0,2098837,89.9
COUNTRIES,IND,India,2022,DTP3,Diphtheria/Tetanus/Pertussis - 3rd dose,OFFICIAL,Official country-reported coverage estimate,2566346.0,2553292,99.5
COUNTRIES,IND,India,2022,DTP3,Diphtheria/Tetanus/Pertussis - 3rd dose,WUENIC,WHO/UNICEF Estimates of National Immunization Coverage,690215.0,608780,88.2
COUNTRIES,IND,India,2022,MCV1,Measles-containing vaccine - 1st dose,ADMIN,Administrative coverage (doses given / target population),640126.0,568088,88.7
COUNTRIES,IND,India,2022,MCV1,Measles-containing vaccine - 1st dose,OFFICIAL,Official country-reported coverage estimate,512375.0,423792,82.7
COUNTRIES,IND,India,2022,MCV1,Measles-containing vaccine - 1st dose,WUENIC,WHO/UNICEF Estimates of National Immunization Coverage,1558287.0,1399087,89.8
COUNTRIES,IND,India,2022,MCV2,Measles-containing vaccine - 2nd dose (booster),ADMIN,Administrative coverage (doses given / target population),2033880.0,1823754,89.7
COUNTRIES,IND,India,2022,MCV2,Measles-containing vaccine - 2nd dose (booster),OFFICIAL,Official country-reported coverage estimate,3191414.0,2642014,82.8
COUNTRIES,IND,India,2022,MCV2,Measles-containing vaccine - 2nd dose (booster),WUENIC,WHO/UNICEF Estimates of National Immunization Coverage,4208568.0,3171045,75.3
COUNTRIES,IND,India,2022,POL3,Polio - 3rd dose,ADMIN,Administrative coverage (doses given / target population),1127261.0,913994,81.1
COUNTRIES,IND,India,2022,POL3,Polio - 3rd dose,OFFICIAL,Official country-reported coverage estimate,4606262.0,3962588,86.0
COUNTRIES,IND,India,2022,POL3,Polio - 3rd dose,WUENIC,WHO/UNICEF Estimates of National Immunization Coverage,228496.0,227144,99.4
COUNTRIES,IND,India,2022,HEPB3,Hepatitis B - 3rd dose,ADMIN,Administrative coverage (doses given / target population),782226.0,641524,82.0
COUNTRIES,IND,India,2022,HEPB3,Hepatitis B - 3rd dose,OFFICIAL,Official country-reported coverage estimate,1166684.0,1048516,89.9
COUNTRIES,IND,India,2022,HEPB3,Hepatitis B - 3rd dose,WUENIC,WHO/UNICEF Estimates of National Immunization Coverage,2969086.0,2555762,86.1
COUNTRIES,IND,India,2022,PCV3,Pneumococcal conjugate vaccine - 3rd dose,ADMIN,Administrative coverage (doses given / target population),3524910.0,3133547,88.9
COUNTRIES,IND,India,2022,PCV3,Pneumococcal conjugate vaccine - 3rd dose,OFFICIAL,Official country-reported coverage estimate,3102387.0,2660288,85.7
COUNTRIES,IND,India,2022,PCV3,Pneumococcal conjugate vaccine - 3rd dose,WUENIC,WHO/UNICEF Estimates of National Immunization Coverage,1615260.0,1521064,94.2
COUNTRIES,IND,India,2023,BCG,Bacille Calmette-Guerin (Tuberculosis),ADMIN,Administrative coverage (doses given / target population),1025016.0,904303,88.2
COUNTRIES,IND,India,2023,BCG,Bacille Calmette-Guerin (Tuberculosis),OFFICIAL,Official country-reported coverage estimate,2185520.0,2185520,100.0
COUNTRIES,IND,India,2023,BCG,Bacille Calmette-Guerin (Tuberculosis),WUENIC,WHO/UNICEF Estimates of National Immunization Coverage,4810767.0,4656079,96.8
COUNTRIES,IND,India,2023,DTP1,Diphtheria/Tetanus/Pertussis - 1st dose,ADMIN,Administrative coverage (doses given / target population),2588059.0,2296498,88.7
COUNTRIES,IND,India,2023,DTP1,Diphtheria/Tetanus/Pertussis - 1st dose,OFFICIAL,Official country-reported coverage estimate,684926.0,601670,87.8
COUNTRIES,IND,India,2023,DTP1,Diphtheria/Tetanus/Pertussis - 1st dose,WUENIC,WHO/UNICEF Estimates of National Immunization Coverage,4609233.0,4017537,87.2
COUNTRIES,IND,India,2023,DTP3,Diphtheria/Tetanus/Pertussis - 3rd dose,ADMIN,Administrative coverage (doses given / target population),1380384.0,1252934,90.8
COUNTRIES,IND,India,2023,DTP3,Diphtheria/Tetanus/Pertussis - 3rd dose,OFFICIAL,Official country-reported coverage estimate,4009358.0,3330816,83.1
COUNTRIES,IND,India,2023,DTP3,Diphtheria/Tetanus/Pertussis - 3rd dose,WUENIC,WHO/UNICEF Estimates of National Immunization Coverage,1950434.0,1791672,91.9
COUNTRIES,IND,India,2023,MCV1,Measles-containing vaccine - 1st dose,ADMIN,Administrative coverage (doses given / target population),2496001.0,2300783,92.2
COUNTRIES,IND,India,2023,MCV1,Measles-containing vaccine - 1st dose,OFFICIAL,Official country-reported coverage estimate,4349176.0,3930979,90.4
COUNTRIES,IND,India,2023,MCV1,Measles-containing vaccine - 1st dose,WUENIC,WHO/UNICEF Estimates of National Immunization Coverage,4217866.0,3647095,86.5
COUNTRIES,IND,India,2023,MCV2,Measles-containing vaccine - 2nd dose (booster),ADMIN,Administrative coverage (doses given / target population),2848210.0,2458951,86.3
COUNTRIES,IND,India,2023,MCV2,Measles-containing vaccine - 2nd dose (booster),OFFICIAL,Official country-reported coverage estimate,1703943.0,1598273,93.8
COUNTRIES,IND,India,2023,MCV2,Measles-containing vaccine - 2nd dose (booster),WUENIC,WHO/UNICEF Estimates of National Immunization Coverage,379377.0,326915,86.2
COUNTRIES,IND,India,2023,POL3,Polio - 3rd dose,ADMIN,Administrative coverage (doses given / target population),3726328.0,2840967,76.2
COUNTRIES,IND,India,2023,POL3,Polio - 3rd dose,OFFICIAL,Official country-reported coverage estimate,3545515.0,3416757,96.4
COUNTRIES,IND,India,2023,POL3,Polio - 3rd dose,WUENIC,WHO/UNICEF Estimates of National Immunization Coverage,4289912.0,4013486,93.6
COUNTRIES,IND,India,2023,HEPB3,Hepatitis B - 3rd dose,ADMIN,Administrative coverage (doses given / target population),1235135.0,977859,79.2
COUNTRIES,IND,India,2023,HEPB3,Hepatitis B - 3rd dose,OFFICIAL,Official country-reported coverage estimate,3024160.0,2128951,70.4
COUNTRIES,IND,India,2023,HEPB3,Hepatitis B - 3rd dose,WUENIC,WHO/UNICEF Estimates of National Immunization Coverage,2533635.0,2533635,100.0
COUNTRIES,IND,India,2023,PCV3,Pneumococcal conjugate vaccine - 3rd dose,ADMIN,Administrative coverage (doses given / target population),4794224.0,4352895,90.8
COUNTRIES,IND,India,2023,PCV3,Pneumococcal conjugate vaccine - 3rd dose,OFFICIAL,Official country-reported coverage estimate,2151129.0,1957005,91.0
COUNTRIES,IND,India,2023,PCV3,Pneumococcal conjugate vaccine - 3rd dose,WUENIC,WHO/UNICEF Estimates of National Immunization Coverage,1589259.0,1252646,78.8
COUNTRIES,USA,United States of America,2010,BCG,Bacille Calmette-Guerin (Tuberculosis),ADMIN,Administrative coverage (doses given / target population),3777733.0,2372693,62.8
COUNTRIES,USA,United States of America,2010,BCG,Bacille Calmette-Guerin (Tuberculosis),OFFICIAL,Official country-reported coverage estimate,1969816.0,1215255,61.7
COUNTRIES,USA,United States of America,2010,BCG,Bacille Calmette-Guerin (Tuberculosis),WUENIC,WHO/UNICEF Estimates of National Immunization Coverage,3391053.0,2179712,64.3
COUNTRIES,USA,United States of America,2010,DTP1,Diphtheria/Tetanus/Pertussis - 1st dose,ADMIN,Administrative coverage (doses given / target population),1084835.0,718382,66.2
COUNTRIES,USA,United States of America,2010,DTP1,Diphtheria/Tetanus/Pertussis - 1st dose,OFFICIAL,Official country-reported coverage estimate,3571951.0,2414544,67.6
COUNTRIES,USA,United States of America,2010,DTP1,Diphtheria/Tetanus/Pertussis - 1st dose,WUENIC,WHO/UNICEF Estimates of National Immunization Coverage,871238.0,627152,72.0
COUNTRIES,USA,United States of America,2010,DTP3,Diphtheria/Tetanus/Pertussis - 3rd dose,ADMIN,Administrative coverage (doses given / target population),4792159.0,2725985,56.9
COUNTRIES,USA,United States of America,2010,DTP3,Diphtheria/Tetanus/Pertussis - 3rd dose,OFFICIAL,Official country-reported coverage estimate,2802048.0,1967742,70.2
COUNTRIES,USA,United States of America,2010,DTP3,Diphtheria/Tetanus/Pertussis - 3rd dose,WUENIC,WHO/UNICEF Estimates of National Immunization Coverage,3272192.0,2311260,70.6
COUNTRIES,USA,United States of America,2010,MCV1,Measles-containing vaccine - 1st dose,ADMIN,Administrative coverage (doses given / target population),750899.0,447199,59.6
COUNTRIES,USA,United States of America,2010,MCV1,Measles-containing vaccine - 1st dose,OFFICIAL,Official country-reported coverage estimate,1676533.0,1056205,63.0
COUNTRIES,USA,United States of America,2010,MCV1,Measles-containing vaccine - 1st dose,WUENIC,WHO/UNICEF Estimates of National Immunization Coverage,446243.0,284523,63.8
COUNTRIES,USA,United States of America,2010,MCV2,Measles-containing vaccine - 2nd dose (booster),ADMIN,Administrative coverage (doses given / target population),2424604.0,1455728,60.0
COUNTRIES,USA,United States of America,2010,MCV2,Measles-containing vaccine - 2nd dose (booster),OFFICIAL,Official country-reported coverage estimate,2373168.0,1342352,56.6
COUNTRIES,USA,United States of America,2010,MCV2,Measles-containing vaccine - 2nd dose (booster),WUENIC,WHO/UNICEF Estimates of National Immunization Coverage,,816891,
COUNTRIES,USA,United States of America,2010,POL3,Polio - 3rd dose,ADMIN,Administrative coverage (doses given / target population),4540162.0,2397927,52.8
COUNTRIES,USA,United States of America,2010,POL3,Polio - 3rd dose,OFFICIAL,Official country-reported coverage estimate,1003177.0,591652,59.0
COUNTRIES,USA,United States of America,2010,POL3,Polio - 3rd dose,WUENIC,WHO/UNICEF Estimates of National Immunization Coverage,1495693.0,1033484,69.1
COUNTRIES,USA,United States of America,2010,HEPB3,Hepatitis B - 3rd dose,ADMIN,Administrative coverage (doses given / target population),3630053.0,2086956,57.5
COUNTRIES,USA,United States of America,2010,HEPB3,Hepatitis B - 3rd dose,OFFICIAL,Official country-reported coverage estimate,2491785.0,1298012,52.1
COUNTRIES,USA,United States of America,2010,HEPB3,Hepatitis B - 3rd dose,WUENIC,WHO/UNICEF Estimates of National Immunization Coverage,4210868.0,2682173,63.7
COUNTRIES,USA,United States of America,2010,PCV3,Pneumococcal conjugate vaccine - 3rd dose,ADMIN,Administrative coverage (doses given / target population),4225762.0,2583423,61.1
COUNTRIES,USA,United States of America,2010,PCV3,Pneumococcal conjugate vaccine - 3rd dose,OFFICIAL,Official country-reported coverage estimate,2063694.0,1264123,61.3
COUNTRIES,USA,United States of America,2010,PCV3,Pneumococcal conjugate vaccine - 3rd dose,WUENIC,WHO/UNICEF Estimates of National Immunization Coverage,3367506.0,2136035,63.4
COUNTRIES,USA,United States of America,2011,BCG,Bacille Calmette-Guerin (Tuberculosis),ADMIN,Administrative coverage (doses given / target population),3638499.0,2432393,66.9
COUNTRIES,USA,United States of America,2011,BCG,Bacille Calmette-Guerin (Tuberculosis),OFFICIAL,Official country-reported coverage estimate,,1241645,66.6
COUNTRIES,USA,United States of America,2011,BCG,Bacille Calmette-Guerin (Tuberculosis),WUENIC,WHO/UNICEF Estimates of National Immunization Coverage,4660401.0,3073518,65.9
COUNTRIES,USA,United States of America,2011,DTP1,Diphtheria/Tetanus/Pertussis - 1st dose,ADMIN,Administrative coverage (doses given / target population),4230170.0,2723762,64.4
COUNTRIES,USA,United States of America,2011,DTP1,Diphtheria/Tetanus/Pertussis - 1st dose,OFFICIAL,Official country-reported coverage estimate,3461328.0,2149065,62.1
COUNTRIES,USA,United States of America,2011,DTP1,Diphtheria/Tetanus/Pertussis - 1st dose,WUENIC,WHO/UNICEF Estimates of National Immunization Coverage,,2593258,60.8
COUNTRIES,USA,United States of America,2011,DTP3,Diphtheria/Tetanus/Pertussis - 3rd dose,ADMIN,Administrative coverage (doses given / target population),,879907,56.4
COUNTRIES,USA,United States of America,2011,DTP3,Diphtheria/Tetanus/Pertussis - 3rd dose,OFFICIAL,Official country-reported coverage estimate,2956263.0,1630190,55.1
COUNTRIES,USA,United States of America,2011,DTP3,Diphtheria/Tetanus/Pertussis - 3rd dose,WUENIC,WHO/UNICEF Estimates of National Immunization Coverage,2935440.0,1747403,59.5
COUNTRIES,USA,United States of America,2011,MCV1,Measles-containing vaccine - 1st dose,ADMIN,Administrative coverage (doses given / target population),2519143.0,1442906,57.3
COUNTRIES,USA,United States of America,2011,MCV1,Measles-containing vaccine - 1st dose,OFFICIAL,Official country-reported coverage estimate,158593.0,102476,64.6
COUNTRIES,USA,United States of America,2011,MCV1,Measles-containing vaccine - 1st dose,WUENIC,WHO/UNICEF Estimates of National Immunization Coverage,2022834.0,1272712,62.9
COUNTRIES,USA,United States of America,2011,MCV2,Measles-containing vaccine - 2nd dose (booster),ADMIN,Administrative coverage (doses given / target population),1987943.0,1352031,68.0
COUNTRIES,USA,United States of America,2011,MCV2,Measles-containing vaccine - 2nd dose (booster),OFFICIAL,Official country-reported coverage estimate,928657.0,622636,67.0
COUNTRIES,USA,United States of America,2011,MCV2,Measles-containing vaccine - 2nd dose (booster),WUENIC,WHO/UNICEF Estimates of National Immunization Coverage,1332876.0,782304,58.7
COUNTRIES,USA,United States of America,2011,POL3,Polio - 3rd dose,ADMIN,Administrative coverage (doses given / target population),172874.0,113925,65.9
COUNTRIES,USA,United States of America,2011,POL3,Polio - 3rd dose,OFFICIAL,Official country-reported coverage estimate,2130327.0,1148708,53.9
COUNTRIES,USA,United States of America,2011,POL3,Polio - 3rd dose,WUENIC,WHO/UNICEF Estimates of National Immunization Coverage,1572298.0,978009,62.2
COUNTRIES,USA,United States of America,2011,HEPB3,Hepatitis B - 3rd dose,ADMIN,Administrative coverage (doses given / target population),2106831.0,1205366,57.2
COUNTRIES,USA,United States of America,2011,HEPB3,Hepatitis B - 3rd dose,OFFICIAL,Official country-reported coverage estimate,1426209.0,909201,63.7
COUNTRIES,USA,United States of America,2011,HEPB3,Hepatitis B - 3rd dose,WUENIC,WHO/UNICEF Estimates of National Immunization Coverage,3581734.0,2529692,70.6
COUNTRIES,USA,United States of America,2011,PCV3,Pneumococcal conjugate vaccine - 3rd dose,ADMIN,Administrative coverage (doses given / target population),4909939.0,3441777,70.1
COUNTRIES,USA,United States of America,2011,PCV3,Pneumococcal conjugate vaccine - 3rd dose,OFFICIAL,Official country-reported coverage estimate,4924594.0,3190703,64.8
COUNTRIES,USA,United States of America,2011,PCV3,Pneumococcal conjugate vaccine - 3rd dose,WUENIC,WHO/UNICEF Estimates of National Immunization Coverage,3819091.0,1838927,48.2
COUNTRIES,USA,United States of America,2012,BCG,Bacille Calmette-Guerin (Tuberculosis),ADMIN,Administrative coverage (doses given / target population),1459417.0,893860,61.2
COUNTRIES,USA,United States of America,2012,BCG,Bacille Calmette-Guerin (Tuberculosis),OFFICIAL,Official country-reported coverage estimate,4817895.0,2725852,56.6
COUNTRIES,USA,United States of America,2012,BCG,Bacille Calmette-Guerin (Tuberculosis),WUENIC,WHO/UNICEF Estimates of National Immunization Coverage,,312860,75.0
COUNTRIES,USA,United States of America,2012,DTP1,Diphtheria/Tetanus/Pertussis - 1st dose,ADMIN,Administrative coverage (doses given / target population),,343993,56.0
COUNTRIES,USA,United States of America,2012,DTP1,Diphtheria/Tetanus/Pertussis - 1st dose,OFFICIAL,Official country-reported coverage estimate,3265882.0,2103984,64.4
COUNTRIES,USA,United States of America,2012,DTP1,Diphtheria/Tetanus/Pertussis - 1st dose,WUENIC,WHO/UNICEF Estimates of National Immunization Coverage,2787863.0,2026139,72.7
COUNTRIES,USA,United States of America,2012,DTP3,Diphtheria/Tetanus/Pertussis - 3rd dose,ADMIN,Administrative coverage (doses given / target population),580902.0,374708,64.5
COUNTRIES,USA,United States of America,2012,DTP3,Diphtheria/Tetanus/Pertussis - 3rd dose,OFFICIAL,Official country-reported coverage estimate,4923661.0,3640469,73.9
COUNTRIES,USA,United States of America,2012,DTP3,Diphtheria/Tetanus/Pertussis - 3rd dose,WUENIC,WHO/UNICEF Estimates of National Immunization Coverage,4853253.0,2934615,60.5
COUNTRIES,USA,United States of America,2012,MCV1,Measles-containing vaccine - 1st dose,ADMIN,Administrative coverage (doses given / target population),3762418.0,1997840,53.1
COUNTRIES,USA,United States of America,2012,MCV1,Measles-containing vaccine - 1st dose,OFFICIAL,Official country-reported coverage estimate,1523997.0,921543,60.5
COUNTRIES,USA,United States of America,2012,MCV1,Measles-containing vaccine - 1st dose,WUENIC,WHO/UNICEF Estimates of National Immunization Coverage,252687.0,151326,59.9
COUNTRIES,USA,United States of America,2012,MCV2,Measles-containing vaccine - 2nd dose (booster),ADMIN,Administrative coverage (doses given / target population),4381275.0,2824188,64.5
COUNTRIES,USA,United States of America,2012,MCV2,Measles-containing vaccine - 2nd dose (booster),OFFICIAL,Official country-reported coverage estimate,,2580556,52.4
COUNTRIES,USA,United States of America,2012,MCV2,Measles-containing vaccine - 2nd dose (booster),WUENIC,WHO/UNICEF Estimates of National Immunization Coverage,1247462.0,742804,59.5
COUNTRIES,USA,United States of America,2012,POL3,Polio - 3rd dose,ADMIN,Administrative coverage (doses given / target population),2087301.0,1474827,70.7
COUNTRIES,USA,United States of America,2012,POL3,Polio - 3rd dose,OFFICIAL,Official country-reported coverage estimate,1148544.0,679832,59.2
COUNTRIES,USA,United States of America,2012,POL3,Polio - 3rd dose,WUENIC,WHO/UNICEF Estimates of National Immunization Coverage,2799535.0,1854894,66.3
COUNTRIES,USA,United States of America,2012,HEPB3,Hepatitis B - 3rd dose,ADMIN,Administrative coverage (doses given / target population),2250144.0,1478323,65.7
COUNTRIES,USA,United States of America,2012,HEPB3,Hepatitis B - 3rd dose,OFFICIAL,Official country-reported coverage estimate,4121786.0,2180296,52.9
COUNTRIES,USA,United States of America,2012,HEPB3,Hepatitis B - 3rd dose,WUENIC,WHO/UNICEF Estimates of National Immunization Coverage,4768107.0,2708504,56.8
COUNTRIES,USA,United States of America,2012,PCV3,Pneumococcal conjugate vaccine - 3rd dose,ADMIN,Administrative coverage (doses given / target population),291057.0,187505,64.4
COUNTRIES,USA,United States of America,2012,PCV3,Pneumococcal conjugate vaccine - 3rd dose,OFFICIAL,Official country-reported coverage estimate,3825323.0,2512793,65.7
COUNTRIES,USA,United States of America,2012,PCV3,Pneumococcal conjugate vaccine - 3rd dose,WUENIC,WHO/UNICEF Estimates of National Immunization Coverage,3580628.0,2082882,58.2
COUNTRIES,USA,United States of America,2013,BCG,Bacille Calmette-Guerin (Tuberculosis),ADMIN,Administrative coverage (doses given / target population),,2513002,67.7
COUNTRIES,USA,United States of America,2013,BCG,Bacille Calmette-Guerin (Tuberculosis),OFFICIAL,Official country-reported coverage estimate,3710185.0,2406438,64.9
COUNTRIES,USA,United States of America,2013,BCG,Bacille Calmette-Guerin (Tuberculosis),WUENIC,WHO/UNICEF Estimates of National Immunization Coverage,4543696.0,3276801,72.1
COUNTRIES,USA,United States of America,2013,DTP1,Diphtheria/Tetanus/Pertussis - 1st dose,ADMIN,Administrative coverage (doses given / target population),1210948.0,735851,60.8
COUNTRIES,USA,United States of America,2013,DTP1,Diphtheria/Tetanus/Pertussis - 1st dose,OFFICIAL,Official country-reported coverage estimate,2246563.0,1460803,65.0
COUNTRIES,USA,United States of America,2013,DTP1,Diphtheria/Tetanus/Pertussis - 1st dose,WUENIC,WHO/UNICEF Estimates of National Immunization Coverage,72275.0,43142,59.7
COUNTRIES,USA,United States of America,2013,DTP3,Diphtheria/Tetanus/Pertussis - 3rd dose,ADMIN,Administrative coverage (doses given / target population),2676521.0,1611526,60.2
COUNTRIES,USA,United States of America,2013,DTP3,Diphtheria/Tetanus/Pertussis - 3rd dose,OFFICIAL,Official country-reported coverage estimate,196556.0,119782,60.9
COUNTRIES,USA,United States of America,2013,DTP3,Diphtheria/Tetanus/Pertussis - 3rd dose,WUENIC,WHO/UNICEF Estimates of National Immunization Coverage,3072533.0,1756473,57.2
COUNTRIES,USA,United States of America,2013,MCV1,Measles-containing vaccine - 1st dose,ADMIN,Administrative coverage (doses given / target population),3374483.0,1651262,48.9
COUNTRIES,USA,United States of America,2013,MCV1,Measles-containing vaccine - 1st dose,OFFICIAL,Official country-reported coverage estimate,2644755.0,2081592,78.7
COUNTRIES,USA,United States of America,2013,MCV1,Measles-containing vaccine - 1st dose,WUENIC,WHO/UNICEF Estimates of National Immunization Coverage,1772755.0,1081005,61.0
COUNTRIES,USA,United States of America,2013,MCV2,Measles-containing vaccine - 2nd dose (booster),ADMIN,Administrative coverage (doses given / target population),3562719.0,2192766,61.5
COUNTRIES,USA,United States of America,2013,MCV2,Measles-containing vaccine - 2nd dose (booster),OFFICIAL,Official country-reported coverage estimate,2972085.0,1833572,61.7
COUNTRIES,USA,United States of America,2013,MCV2,Measles-containing vaccine - 2nd dose (booster),WUENIC,WHO/UNICEF Estimates of National Immunization Coverage,2770842.0,1571902,56.7
COUNTRIES,USA,United States of America,2013,POL3,Polio - 3rd dose,ADMIN,Administrative coverage (doses given / target population),4438459.0,2968788,66.9
COUNTRIES,USA,United States of America,2013,POL3,Polio - 3rd dose,OFFICIAL,Official country-reported coverage estimate,3391314.0,1846367,54.4
COUNTRIES,USA,United States of America,2013,POL3,Polio - 3rd dose,WUENIC,WHO/UNICEF Estimates of National Immunization Coverage,1742538.0,1178054,67.6
COUNTRIES,USA,United States of America,2013,HEPB3,Hepatitis B - 3rd dose,ADMIN,Administrative coverage (doses given / target population),,1734284,64.4
COUNTRIES,USA,United States of America,2013,HEPB3,Hepatitis B - 3rd dose,OFFICIAL,Official country-reported coverage estimate,4993779.0,3065506,61.4
COUNTRIES,USA,United States of America,2013,HEPB3,Hepatitis B - 3rd dose,WUENIC,WHO/UNICEF Estimates of National Immunization Coverage,2694133.0,1807817,67.1
COUNTRIES,USA,United States of America,2013,PCV3,Pneumococcal conjugate vaccine - 3rd dose,ADMIN,Administrative coverage (doses given / target population),727265.0,385642,53.0
COUNTRIES,USA,United States of America,2013,PCV3,Pneumococcal conjugate vaccine - 3rd dose,OFFICIAL,Official country-reported coverage estimate,348437.0,212782,61.1
COUNTRIES,USA,United States of America,2013,PCV3,Pneumococcal conjugate vaccine - 3rd dose,WUENIC,WHO/UNICEF Estimates of National Immunization Coverage,1992227.0,1484157,74.5
COUNTRIES,USA,United States of America,2014,BCG,Bacille Calmette-Guerin (Tuberculosis),ADMIN,Administrative coverage (doses given / target population),1753129.0,1294121,73.8
COUNTRIES,USA,United States of America,2014,BCG,Bacille Calmette-Guerin (Tuberculosis),OFFICIAL,Official country-reported coverage estimate,715116.0,408960,57.2
COUNTRIES,USA,United States of America,2014,BCG,Bacille Calmette-Guerin (Tuberculosis),WUENIC,WHO/UNICEF Estimates of National Immunization Coverage,1786798.0,1174406,65.7
COUNTRIES,USA,United States of America,2014,DTP1,Diphtheria/Tetanus/Pertussis - 1st dose,ADMIN,Administrative coverage (doses given / target population),,615140,58.6
COUNTRIES,USA,United States of America,2014,DTP1,Diphtheria/Tetanus/Pertussis - 1st dose,OFFICIAL,Official country-reported coverage estimate,4817563.0,3424592,71.1
COUNTRIES,USA,United States of America,2014,DTP1,Diphtheria/Tetanus/Pertussis - 1st dose,WUENIC,WHO/UNICEF Estimates of National Immunization Coverage,3190974.0,1974182,61.9
COUNTRIES,USA,United States of America,2014,DTP3,Diphtheria/Tetanus/Pertussis - 3rd dose,ADMIN,Administrative coverage (doses given / target population),4442603.0,2830164,63.7
COUNTRIES,USA,United States of America,2014,DTP3,Diphtheria/Tetanus/Pertussis - 3rd dose,OFFICIAL,Official country-reported coverage estimate,4798085.0,2801886,58.4
COUNTRIES,USA,United States of America,2014,DTP3,Diphtheria/Tetanus/Pertussis - 3rd dose,WUENIC,WHO/UNICEF Estimates of National Immunization Coverage,4903525.0,3104957,63.3
COUNTRIES,USA,United States of America,2014,MCV1,Measles-containing vaccine - 1st dose,ADMIN,Administrative coverage (doses given / target population),1458477.0,781401,53.6
COUNTRIES,USA,United States of America,2014,MCV1,Measles-containing vaccine - 1st dose,OFFICIAL,Official country-reported coverage estimate,,1883905,66.7
COUNTRIES,USA,United States of America,2014,MCV1,Measles-containing vaccine - 1st dose,WUENIC,WHO/UNICEF Estimates of National Immunization Coverage,1660446.0,1007461,60.7
COUNTRIES,USA,United States of America,2014,MCV2,Measles-containing vaccine - 2nd dose (booster),ADMIN,Administrative coverage (doses given / target population),4920762.0,3371682,
COUNTRIES,USA,United States of America,2014,MCV2,Measles-containing vaccine - 2nd dose (booster),OFFICIAL,Official country-reported coverage estimate,3724473.0,2437469,65.4
COUNTRIES,USA,United States of America,2014,MCV2,Measles-containing vaccine - 2nd dose (booster),WUENIC,WHO/UNICEF Estimates of National Immunization Coverage,173801.0,97171,55.9
COUNTRIES,USA,United States of America,2014,POL3,Polio - 3rd dose,ADMIN,Administrative coverage (doses given / target population),1531947.0,1054367,68.8
COUNTRIES,USA,United States of America,2014,POL3,Polio - 3rd dose,OFFICIAL,Official country-reported coverage estimate,928069.0,724878,78.1
COUNTRIES,USA,United States of America,2014,POL3,Polio - 3rd dose,WUENIC,WHO/UNICEF Estimates of National Immunization Coverage,819435.0,543544,66.3
COUNTRIES,USA,United States of America,2014,HEPB3,Hepatitis B - 3rd dose,ADMIN,Administrative coverage (doses given / target population),1290478.0,810534,62.8
COUNTRIES,USA,United States of America,2014,HEPB3,Hepatitis B - 3rd dose,OFFICIAL,Official country-reported coverage estimate,3970273.0,2728018,68.7
COUNTRIES,USA,United States of America,2014,HEPB3,Hepatitis B - 3rd dose,WUENIC,WHO/UNICEF Estimates of National Immunization Coverage,4311786.0,3075200,71.3
COUNTRIES,USA,United States of America,2014,PCV3,Pneumococcal conjugate vaccine - 3rd dose,ADMIN,Administrative coverage (doses given / target population),2407473.0,1460915,60.7
COUNTRIES,USA,United States of America,2014,PCV3,Pneumococcal conjugate vaccine - 3rd dose,OFFICIAL,Official country-reported coverage estimate,1315529.0,799912,60.8
COUNTRIES,USA,United States of America,2014,PCV3,Pneumococcal conjugate vaccine - 3rd dose,WUENIC,WHO/UNICEF Estimates of National Immunization Coverage,4082460.0,2498384,61.2
COUNTRIES,USA,United States of America,2015,BCG,Bacille Calmette-Guerin (Tuberculosis),ADMIN,Administrative coverage (doses given / target population),2377865.0,1639663,
COUNTRIES,USA,United States of America,2015,BCG,Bacille Calmette-Guerin (Tuberculosis),OFFICIAL,Official country-reported coverage estimate,966637.0,707585,73.2
COUNTRIES,USA,United States of America,2015,BCG,Bacille Calmette-Guerin (Tuberculosis),WUENIC,WHO/UNICEF Estimates of National Immunization Coverage,2164374.0,1334592,61.7
COUNTRIES,USA,United States of America,2015,DTP1,Diphtheria/Tetanus/Pertussis - 1st dose,ADMIN,Administrative coverage (doses given / target population),3281964.0,2169211,66.1
COUNTRIES,USA,United States of America,2015,DTP1,Diphtheria/Tetanus/Pertussis - 1st dose,OFFICIAL,Official country-reported coverage estimate,4676535.0,3269963,69.9
COUNTRIES,USA,United States of America,2015,DTP1,Diphtheria/Tetanus/Pertussis - 1st dose,WUENIC,WHO/UNICEF Estimates of National Immunization Coverage,2193213.0,1111954,50.7
COUNTRIES,USA,United States of America,2015,DTP3,Diphtheria/Tetanus/Pertussis - 3rd dose,ADMIN,Administrative coverage (doses given / target population),3709288.0,2207618,59.5
COUNTRIES,USA,United States of America,2015,DTP3,Diphtheria/Tetanus/Pertussis - 3rd dose,OFFICIAL,Official country-reported coverage estimate,559863.0,281545,50.3
COUNTRIES,USA,United States of America,2015,DTP3,Diphtheria/Tetanus/Pertussis - 3rd dose,WUENIC,WHO/UNICEF Estimates of National Immunization Coverage,2882101.0,1692356,58.7
COUNTRIES,USA,United States of America,2015,MCV1,Measles-containing vaccine - 1st dose,ADMIN,Administrative coverage (doses given / target population),374375.0,235870,63.0
COUNTRIES,USA,United States of America,2015,MCV1,Measles-containing vaccine - 1st dose,OFFICIAL,Official country-reported coverage estimate,3961268.0,2485303,
COUNTRIES,USA,United States of America,2015,MCV1,Measles-containing vaccine - 1st dose,WUENIC,WHO/UNICEF Estimates of National Immunization Coverage,1597221.0,926796,58.0
COUNTRIES,USA,United States of America,2015,MCV2,Measles-containing vaccine - 2nd dose (booster),ADMIN,Administrative coverage (doses given / target population),3196039.0,2253383,70.5
COUNTRIES,USA,United States of America,2015,MCV2,Measles-containing vaccine - 2nd dose (booster),OFFICIAL,Official country-reported coverage estimate,1953296.0,1139840,58.4
COUNTRIES,USA,United States of America,2015,MCV2,Measles-containing vaccine - 2nd dose (booster),WUENIC,WHO/UNICEF Estimates of National Immunization Coverage,2273924.0,1536303,67.6
COUNTRIES,USA,United States of America,2015,POL3,Polio - 3rd dose,ADMIN,Administrative coverage (doses given / target population),1074751.0,675816,62.9
COUNTRIES,USA,United States of America,2015,POL3,Polio - 3rd dose,OFFICIAL,Official country-reported coverage estimate,1191224.0,763915,64.1
COUNTRIES,USA,United States of America,2015,POL3,Polio - 3rd dose,WUENIC,WHO/UNICEF Estimates of National Immunization Coverage,2112217.0,1445188,68.4
COUNTRIES,USA,United States of America,2015,HEPB3,Hepatitis B - 3rd dose,ADMIN,Administrative coverage (doses given / target population),2103155.0,1348920,64.1
COUNTRIES,USA,United States of America,2015,HEPB3,Hepatitis B - 3rd dose,OFFICIAL,Official country-reported coverage estimate,4320684.0,2719711,62.9
COUNTRIES,USA,United States of America,2015,HEPB3,Hepatitis B - 3rd dose,WUENIC,WHO/UNICEF Estimates of National Immunization Coverage,1410448.0,773342,54.8
COUNTRIES,USA,United States of America,2015,PCV3,Pneumococcal conjugate vaccine - 3rd dose,ADMIN,Administrative coverage (doses given / target population),2473034.0,1689699,68.3
COUNTRIES,USA,United States of America,2015,PCV3,Pneumococcal conjugate vaccine - 3rd dose,OFFICIAL,Official country-reported coverage estimate,2778233.0,1613508,58.1
COUNTRIES,USA,United States of America,2015,PCV3,Pneumococcal conjugate vaccine - 3rd dose,WUENIC,WHO/UNICEF Estimates of National Immunization Coverage,3913876.0,2490531,63.6
COUNTRIES,USA,United States of America,2016,BCG,Bacille Calmette-Guerin (Tuberculosis),ADMIN,Administrative coverage (doses given / target population),1183640.0,602780,50.9
COUNTRIES,USA,United States of America,2016,BCG,Bacille Calmette-Guerin (Tuberculosis),OFFICIAL,Official country-reported coverage estimate,1646327.0,915862,55.6
COUNTRIES,USA,United States of America,2016,BCG,Bacille Calmette-Guerin (Tuberculosis),WUENIC,WHO/UNICEF Estimates of National Immunization Coverage,4323200.0,3172257,73.4
COUNTRIES,USA,United States of America,2016,DTP1,Diphtheria/Tetanus/Pertussis - 1st dose,ADMIN,Administrative coverage (doses given / target population),3432128.0,2275706,66.3
COUNTRIES,USA,United States of America,2016,DTP1,Diphtheria/Tetanus/Pertussis - 1st dose,OFFICIAL,Official country-reported coverage estimate,1271995.0,734825,57.8
COUNTRIES,USA,United States of America,2016,DTP1,Diphtheria/Tetanus/Pertussis - 1st dose,WUENIC,WHO/UNICEF Estimates of National Immunization Coverage,4655403.0,2695164,57.9
COUNTRIES,USA,United States of America,2016,DTP3,Diphtheria/Tetanus/Pertussis - 3rd dose,ADMIN,Administrative coverage (doses given / target population),4326644.0,2810592,65.0
COUNTRIES,USA,United States of America,2016,DTP3,Diphtheria/Tetanus/Pertussis - 3rd dose,OFFICIAL,Official country-reported coverage estimate,3572212.0,2425635,67.9
COUNTRIES,USA,United States of America,2016,DTP3,Diphtheria/Tetanus/Pertussis - 3rd dose,WUENIC,WHO/UNICEF Estimates of National Immunization Coverage,1629128.0,1079775,66.3
COUNTRIES,USA,United States of America,2016,MCV1,Measles-containing vaccine - 1st dose,ADMIN,Administrative coverage (doses given / target population),734116.0,481280,65.6
COUNTRIES,USA,United States of America,2016,MCV1,Measles-containing vaccine - 1st dose,OFFICIAL,Official country-reported coverage estimate,4667814.0,3241914,69.5
COUNTRIES,USA,United States of America,2016,MCV1,Measles-containing vaccine - 1st dose,WUENIC,WHO/UNICEF Estimates of National Immunization Coverage,982193.0,539137,54.9
COUNTRIES,USA,United States of America,2016,MCV2,Measles-containing vaccine - 2nd dose (booster),ADMIN,Administrative coverage (doses given / target population),3546000.0,2504218,70.6
COUNTRIES,USA,United States of America,2016,MCV2,Measles-containing vaccine - 2nd dose (booster),OFFICIAL,Official country-reported coverage estimate,3119738.0,2238000,71.7
COUNTRIES,USA,United States of America,2016,MCV2,Measles-containing vaccine - 2nd dose (booster),WUENIC,WHO/UNICEF Estimates of National Immunization Coverage,1192035.0,637160,53.5
COUNTRIES,USA,United States of America,2016,POL3,Polio - 3rd dose,ADMIN,Administrative coverage (doses given / target population),2971467.0,1937535,65.2
COUNTRIES,USA,United States of America,2016,POL3,Polio - 3rd dose,OFFICIAL,Official country-reported coverage estimate,1439300.0,1085175,75.4
COUNTRIES,USA,United States of America,2016,POL3,Polio - 3rd dose,WUENIC,WHO/UNICEF Estimates of National Immunization Coverage,4274178.0,2893971,67.7
COUNTRIES,USA,United States of America,2016,HEPB3,Hepatitis B - 3rd dose,ADMIN,Administrative coverage (doses given / target population),4488683.0,2659620,59.3
COUNTRIES,USA,United States of America,2016,HEPB3,Hepatitis B - 3rd dose,OFFICIAL,Official country-reported coverage estimate,3876040.0,2506990,64.7
COUNTRIES,USA,United States of America,2016,HEPB3,Hepatitis B - 3rd dose,WUENIC,WHO/UNICEF Estimates of National Immunization Coverage,1279948.0,749026,58.5
COUNTRIES,USA,United States of America,2016,PCV3,Pneumococcal conjugate vaccine - 3rd dose,ADMIN,Administrative coverage (doses given / target population),4598028.0,3536021,76.9
COUNTRIES,USA,United States of America,2016,PCV3,Pneumococcal conjugate vaccine - 3rd dose,OFFICIAL,Official country-reported coverage estimate,4551688.0,3251123,71.4
COUNTRIES,USA,United States of America,2016,PCV3,Pneumococcal conjugate vaccine - 3rd dose,WUENIC,WHO/UNICEF Estimates of National Immunization Coverage,4924015.0,2909372,59.1
COUNTRIES,USA,United States of America,2017,BCG,Bacille Calmette-Guerin (Tuberculosis),ADMIN,Administrative coverage (doses given / target population),785000.0,540458,68.8
COUNTRIES,USA,United States of America,2017,BCG,Bacille Calmette-Guerin (Tuberculosis),OFFICIAL,Official country-reported coverage estimate,,1100295,67.7
COUNTRIES,USA,United States of America,2017,BCG,Bacille Calmette-Guerin (Tuberculosis),WUENIC,WHO/UNICEF Estimates of National Immunization Coverage,1517392.0,1044309,68.8
COUNTRIES,USA,United States of America,2017,DTP1,Diphtheria/Tetanus/Pertussis - 1st dose,ADMIN,Administrative coverage (doses given / target population),1120960.0,778512,69.5
COUNTRIES,USA,United States of America,2017,DTP1,Diphtheria/Tetanus/Pertussis - 1st dose,OFFICIAL,Official country-reported coverage estimate,,2766171,67.1
COUNTRIES,USA,United States of America,2017,DTP1,Diphtheria/Tetanus/Pertussis - 1st dose,WUENIC,WHO/UNICEF Estimates of National Immunization Coverage,436636.0,237131,54.3
COUNTRIES,USA,United States of America,2017,DTP3,Diphtheria/Tetanus/Pertussis - 3rd dose,ADMIN,Administrative coverage (doses given / target population),1947507.0,1201092,61.7
COUNTRIES,USA,United States of America,2017,DTP3,Diphtheria/Tetanus/Pertussis - 3rd dose,OFFICIAL,Official country-reported coverage estimate,144219.0,82682,57.3
COUNTRIES,USA,United States of America,2017,DTP3,Diphtheria/Tetanus/Pertussis - 3rd dose,WUENIC,WHO/UNICEF Estimates of National Immunization Coverage,4233931.0,3191724,75.4
COUNTRIES,USA,United States of America,2017,MCV1,Measles-containing vaccine - 1st dose,ADMIN,Administrative coverage (doses given / target population),3555051.0,2601081,73.2
COUNTRIES,USA,United States of America,2017,MCV1,Measles-containing vaccine - 1st dose,OFFICIAL,Official country-reported coverage estimate,664675.0,485971,73.1
COUNTRIES,USA,United States of America,2017,MCV1,Measles-containing vaccine - 1st dose,WUENIC,WHO/UNICEF Estimates of National Immunization Coverage,4455596.0,2899825,65.1
COUNTRIES,USA,United States of America,2017,MCV2,Measles-containing vaccine - 2nd dose (booster),ADMIN,Administrative coverage (doses given / target population),3893254.0,2275592,58.4
COUNTRIES,USA,United States of America,2017,MCV2,Measles-containing vaccine - 2nd dose (booster),OFFICIAL,Official country-reported coverage estimate,761407.0,513130,67.4
COUNTRIES,USA,United States of America,2017,MCV2,Measles-containing vaccine - 2nd dose (booster),WUENIC,WHO/UNICEF Estimates of National Immunization Coverage,3982099.0,2277543,57.2
COUNTRIES,USA,United States of America,2017,POL3,Polio - 3rd dose,ADMIN,Administrative coverage (doses given / target population),2561098.0,1657114,64.7
COUNTRIES,USA,United States of America,2017,POL3,Polio - 3rd dose,OFFICIAL,Official country-reported coverage estimate,4624621.0,3505269,75.8
COUNTRIES,USA,United States of America,2017,POL3,Polio - 3rd dose,WUENIC,WHO/UNICEF Estimates of National Immunization Coverage,132070.0,92945,70.4
COUNTRIES,USA,United States of America,2017,HEPB3,Hepatitis B - 3rd dose,ADMIN,Administrative coverage (doses given / target population),1971465.0,1311087,66.5
COUNTRIES,USA,United States of America,2017,HEPB3,Hepatitis B - 3rd dose,OFFICIAL,Official country-reported coverage estimate,678204.0,442702,65.3
COUNTRIES,USA,United States of America,2017,HEPB3,Hepatitis B - 3rd dose,WUENIC,WHO/UNICEF Estimates of National Immunization Coverage,2104480.0,1231455,58.5
COUNTRIES,USA,United States of America,2017,PCV3,Pneumococcal conjugate vaccine - 3rd dose,ADMIN,Administrative coverage (doses given / target population),2704192.0,1733499,64.1
COUNTRIES,USA,United States of America,2017,PCV3,Pneumococcal conjugate vaccine - 3rd dose,OFFICIAL,Official country-reported coverage estimate,3621980.0,2082948,57.5
COUNTRIES,USA,United States of America,2017,PCV3,Pneumococcal conjugate vaccine - 3rd dose,WUENIC,WHO/UNICEF Estimates of National Immunization Coverage,300072.0,204282,68.1
COUNTRIES,USA,United States of America,2018,BCG,Bacille Calmette-Guerin (Tuberculosis),ADMIN,Administrative coverage (doses given / target population),1750332.0,957260,54.7
COUNTRIES,USA,United States of America,2018,BCG,Bacille Calmette-Guerin (Tuberculosis),OFFICIAL,Official country-reported coverage estimate,3334924.0,2156840,64.7
COUNTRIES,USA,United States of America,2018,BCG,Bacille Calmette-Guerin (Tuberculosis),WUENIC,WHO/UNICEF Estimates of National Immunization Coverage,306964.0,220295,71.8
COUNTRIES,USA,United States of America,2018,DTP1,Diphtheria/Tetanus/Pertussis - 1st dose,ADMIN,Administrative coverage (doses given / target population),2998783.0,2146093,71.6
COUNTRIES,USA,United States of America,2018,DTP1,Diphtheria/Tetanus/Pertussis - 1st dose,OFFICIAL,Official country-reported coverage estimate,4203202.0,2536220,60.3
COUNTRIES,USA,United States of America,2018,DTP1,Diphtheria/Tetanus/Pertussis - 1st dose,WUENIC,WHO/UNICEF Estimates of National Immunization Coverage,1305639.0,769129,58.9
COUNTRIES,USA,United States of America,2018,DTP3,Diphtheria/Tetanus/Pertussis - 3rd dose,ADMIN,Administrative coverage (doses given / target population),2650019.0,1793695,67.7
COUNTRIES,USA,United States of America,2018,DTP3,Diphtheria/Tetanus/Pertussis - 3rd dose,OFFICIAL,Official country-reported coverage estimate,2011024.0,1470751,73.1
COUNTRIES,USA,United States of America,2018,DTP3,Diphtheria/Tetanus/Pertussis - 3rd dose,WUENIC,WHO/UNICEF Estimates of National Immunization Coverage,3827387.0,2473146,64.6
COUNTRIES,USA,United States of America,2018,MCV1,Measles-containing vaccine - 1st dose,ADMIN,Administrative coverage (doses given / target population),2856342.0,1655113,57.9
COUNTRIES,USA,United States of America,2018,MCV1,Measles-containing vaccine - 1st dose,OFFICIAL,Official country-reported coverage estimate,791433.0,527995,66.7
COUNTRIES,USA,United States of America,2018,MCV1,Measles-containing vaccine - 1st dose,WUENIC,WHO/UNICEF Estimates of National Immunization Coverage,2125398.0,1364462,64.2
COUNTRIES,USA,United States of America,2018,MCV2,Measles-containing vaccine - 2nd dose (booster),ADMIN,Administrative coverage (doses given / target population),224090.0,149978,66.9
COUNTRIES,USA,United States of America,2018,MCV2,Measles-containing vaccine - 2nd dose (booster),OFFICIAL,Official country-reported coverage estimate,3990341.0,2489442,62.4
COUNTRIES,USA,United States of America,2018,MCV2,Measles-containing vaccine - 2nd dose (booster),WUENIC,WHO/UNICEF Estimates of National Immunization Coverage,4700397.0,3162388,67.3
COUNTRIES,USA,United States of America,2018,POL3,Polio - 3rd dose,ADMIN,Administrative coverage (doses given / target population),515656.0,324855,63.0
COUNTRIES,USA,United States of America,2018,POL3,Polio - 3rd dose,OFFICIAL,Official country-reported coverage estimate,842068.0,564603,
COUNTRIES,USA,United States of America,2018,POL3,Polio - 3rd dose,WUENIC,WHO/UNICEF Estimates of National Immunization Coverage,3428778.0,2008368,58.6
COUNTRIES,USA,United States of America,2018,HEPB3,Hepatitis B - 3rd dose,ADMIN,Administrative coverage (doses given / target population),1363658.0,1009613,74.0
COUNTRIES,USA,United States of America,2018,HEPB3,Hepatitis B - 3rd dose,OFFICIAL,Official country-reported coverage estimate,933286.0,545393,58.4
COUNTRIES,USA,United States of America,2018,HEPB3,Hepatitis B - 3rd dose,WUENIC,WHO/UNICEF Estimates of National Immunization Coverage,1746065.0,947055,54.2
COUNTRIES,USA,United States of America,2018,PCV3,Pneumococcal conjugate vaccine - 3rd dose,ADMIN,Administrative coverage (doses given / target population),2375514.0,1557983,65.6
COUNTRIES,USA,United States of America,2018,PCV3,Pneumococcal conjugate vaccine - 3rd dose,OFFICIAL,Official country-reported coverage estimate,3247142.0,2101056,64.7
COUNTRIES,USA,United States of America,2018,PCV3,Pneumococcal conjugate vaccine - 3rd dose,WUENIC,WHO/UNICEF Estimates of National Immunization Coverage,1926310.0,1400342,72.7
COUNTRIES,USA,United States of America,2019,BCG,Bacille Calmette-Guerin (Tuberculosis),ADMIN,Administrative coverage (doses given / target population),3281240.0,2237348,68.2
COUNTRIES,USA,United States of America,2019,BCG,Bacille Calmette-Guerin (Tuberculosis),OFFICIAL,Official country-reported coverage estimate,3669123.0,2758413,75.2
COUNTRIES,USA,United States of America,2019,BCG,Bacille Calmette-Guerin (Tuberculosis),WUENIC,WHO/UNICEF Estimates of National Immunization Coverage,2249699.0,1429270,63.5
COUNTRIES,USA,United States of America,2019,DTP1,Diphtheria/Tetanus/Pertussis - 1st dose,ADMIN,Administrative coverage (doses given / target population),567844.0,348049,61.3
COUNTRIES,USA,United States of America,2019,DTP1,Diphtheria/Tetanus/Pertussis - 1st dose,OFFICIAL,Official country-reported coverage estimate,4312937.0,2753934,63.9
COUNTRIES,USA,United States of America,2019,DTP1,Diphtheria/Tetanus/Pertussis - 1st dose,WUENIC,WHO/UNICEF Estimates of National Immunization Coverage,4000582.0,2975447,74.4
COUNTRIES,USA,United States of America,2019,DTP3,Diphtheria/Tetanus/Pertussis - 3rd dose,ADMIN,Administrative coverage (doses given / target population),2183571.0,1393005,63.8
COUNTRIES,USA,United States of America,2019,DTP3,Diphtheria/Tetanus/Pertussis - 3rd dose,OFFICIAL,Official country-reported coverage estimate,3730821.0,2881716,77.2
COUNTRIES,USA,United States of America,2019,DTP3,Diphtheria/Tetanus/Pertussis - 3rd dose,WUENIC,WHO/UNICEF Estimates of National Immunization Coverage,4940710.0,3771372,76.3
COUNTRIES,USA,United States of America,2019,MCV1,Measles-containing vaccine - 1st dose,ADMIN,Administrative coverage (doses given / target population),1916866.0,1250767,65.3
COUNTRIES,USA,United States of America,2019,MCV1,Measles-containing vaccine - 1st dose,OFFICIAL,Official country-reported coverage estimate,3162271.0,2150448,68.0
COUNTRIES,USA,United States of America,2019,MCV1,Measles-containing vaccine - 1st dose,WUENIC,WHO/UNICEF Estimates of National Immunization Coverage,2003417.0,1700572,84.9
COUNTRIES,USA,United States of America,2019,MCV2,Measles-containing vaccine - 2nd dose (booster),ADMIN,Administrative coverage (doses given / target population),2878423.0,1772155,61.6
COUNTRIES,USA,United States of America,2019,MCV2,Measles-containing vaccine - 2nd dose (booster),OFFICIAL,Official country-reported coverage estimate,2925897.0,2095657,71.6
COUNTRIES,USA,United States of America,2019,MCV2,Measles-containing vaccine - 2nd dose (booster),WUENIC,WHO/UNICEF Estimates of National Immunization Coverage,2900136.0,1823372,62.9
COUNTRIES,USA,United States of America,2019,POL3,Polio - 3rd dose,ADMIN,Administrative coverage (doses given / target population),4680137.0,3335162,71.3
COUNTRIES,USA,United States of America,2019,POL3,Polio - 3rd dose,OFFICIAL,Official country-reported coverage estimate,1723285.0,1162905,67.5
COUNTRIES,USA,United States of America,2019,POL3,Polio - 3rd dose,WUENIC,WHO/UNICEF Estimates of National Immunization Coverage,1917169.0,1263306,65.9
COUNTRIES,USA,United States of America,2019,HEPB3,Hepatitis B - 3rd dose,ADMIN,Administrative coverage (doses given / target population),1694684.0,1158490,68.4
COUNTRIES,USA,United States of America,2019,HEPB3,Hepatitis B - 3rd dose,OFFICIAL,Official country-reported coverage estimate,856213.0,463970,54.2
COUNTRIES,USA,United States of America,2019,HEPB3,Hepatitis B - 3rd dose,WUENIC,WHO/UNICEF Estimates of National Immunization Coverage,167247.0,100211,59.9
COUNTRIES,USA,United States of America,2019,PCV3,Pneumococcal conjugate vaccine - 3rd dose,ADMIN,Administrative coverage (doses given / target population),4776747.0,2730229,57.2
COUNTRIES,USA,United States of America,2019,PCV3,Pneumococcal conjugate vaccine - 3rd dose,OFFICIAL,Official country-reported coverage estimate,2390755.0,1585413,66.3
COUNTRIES,USA,United States of America,2019,PCV3,Pneumococcal conjugate vaccine - 3rd dose,WUENIC,WHO/UNICEF Estimates of National Immunization Coverage,3779847.0,2330253,61.6
COUNTRIES,USA,United States of America,2020,BCG,Bacille Calmette-Guerin (Tuberculosis),ADMIN,Administrative coverage (doses given / target population),2416355.0,1405289,58.2
COUNTRIES,USA,United States of America,2020,BCG,Bacille Calmette-Guerin (Tuberculosis),OFFICIAL,Official country-reported coverage estimate,1050336.0,669786,63.8
COUNTRIES,USA,United States of America,2020,BCG,Bacille Calmette-Guerin (Tuberculosis),WUENIC,WHO/UNICEF Estimates of National Immunization Coverage,332379.0,219140,65.9
COUNTRIES,USA,United States of America,2020,DTP1,Diphtheria/Tetanus/Pertussis - 1st dose,ADMIN,Administrative coverage (doses given / target population),2368662.0,1607934,67.9
COUNTRIES,USA,United States of America,2020,DTP1,Diphtheria/Tetanus/Pertussis - 1st dose,OFFICIAL,Official country-reported coverage estimate,92479.0,65249,70.6
COUNTRIES,USA,United States of America,2020,DTP1,Diphtheria/Tetanus/Pertussis - 1st dose,WUENIC,WHO/UNICEF Estimates of National Immunization Coverage,2433382.0,1620352,66.6
COUNTRIES,USA,United States of America,2020,DTP3,Diphtheria/Tetanus/Pertussis - 3rd dose,ADMIN,Administrative coverage (doses given / target population),3383766.0,1842762,54.5
COUNTRIES,USA,United States of America,2020,DTP3,Diphtheria/Tetanus/Pertussis - 3rd dose,OFFICIAL,Official country-reported coverage estimate,2502757.0,1655237,
COUNTRIES,USA,United States of America,2020,DTP3,Diphtheria/Tetanus/Pertussis - 3rd dose,WUENIC,WHO/UNICEF Estimates of National Immunization Coverage,720301.0,472445,65.6
COUNTRIES,USA,United States of America,2020,MCV1,Measles-containing vaccine - 1st dose,ADMIN,Administrative coverage (doses given / target population),1509131.0,996668,66.0
COUNTRIES,USA,United States of America,2020,MCV1,Measles-containing vaccine - 1st dose,OFFICIAL,Official country-reported coverage estimate,3874736.0,2785794,71.9
COUNTRIES,USA,United States of America,2020,MCV1,Measles-containing vaccine - 1st dose,WUENIC,WHO/UNICEF Estimates of National Immunization Coverage,4513127.0,2687288,59.5
COUNTRIES,USA,United States of America,2020,MCV2,Measles-containing vaccine - 2nd dose (booster),ADMIN,Administrative coverage (doses given / target population),1806469.0,1077568,59.7
COUNTRIES,USA,United States of America,2020,MCV2,Measles-containing vaccine - 2nd dose (booster),OFFICIAL,Official country-reported coverage estimate,4767345.0,3239123,67.9
COUNTRIES,USA,United States of America,2020,MCV2,Measles-containing vaccine - 2nd dose (booster),WUENIC,WHO/UNICEF Estimates of National Immunization Coverage,4709334.0,2996192,63.6
COUNTRIES,USA,United States of America,2020,POL3,Polio - 3rd dose,ADMIN,Administrative coverage (doses given / target population),1557109.0,797243,51.2
COUNTRIES,USA,United States of America,2020,POL3,Polio - 3rd dose,OFFICIAL,Official country-reported coverage estimate,4091645.0,2504587,61.2
COUNTRIES,USA,United States of America,2020,POL3,Polio - 3rd dose,WUENIC,WHO/UNICEF Estimates of National Immunization Coverage,4236694.0,2663359,62.9
COUNTRIES,USA,United States of America,2020,HEPB3,Hepatitis B - 3rd dose,ADMIN,Administrative coverage (doses given / target population),2628932.0,1746713,66.4
COUNTRIES,USA,United States of America,2020,HEPB3,Hepatitis B - 3rd dose,OFFICIAL,Official country-reported coverage estimate,868291.0,558658,64.3
COUNTRIES,USA,United States of America,2020,HEPB3,Hepatitis B - 3rd dose,WUENIC,WHO/UNICEF Estimates of National Immunization Coverage,578004.0,359254,62.2
COUNTRIES,USA,United States of America,2020,PCV3,Pneumococcal conjugate vaccine - 3rd dose,ADMIN,Administrative coverage (doses given / target population),4267069.0,2604471,61.0
COUNTRIES,USA,United States of America,2020,PCV3,Pneumococcal conjugate vaccine - 3rd dose,OFFICIAL,Official country-reported coverage estimate,3712070.0,2115754,57.0
COUNTRIES,USA,United States of America,2020,PCV3,Pneumococcal conjugate vaccine - 3rd dose,WUENIC,WHO/UNICEF Estimates of National Immunization Coverage,1515362.0,1038759,68.5
COUNTRIES,USA,United States of America,2021,BCG,Bacille Calmette-Guerin (Tuberculosis),ADMIN,Administrative coverage (doses given / target population),599420.0,393973,65.7
COUNTRIES,USA,United States of America,2021,BCG,Bacille Calmette-Guerin (Tuberculosis),OFFICIAL,Official country-reported coverage estimate,3812074.0,2902517,76.1
COUNTRIES,USA,United States of America,2021,BCG,Bacille Calmette-Guerin (Tuberculosis),WUENIC,WHO/UNICEF Estimates of National Immunization Coverage,3036655.0,2398114,79.0
COUNTRIES,USA,United States of America,2021,DTP1,Diphtheria/Tetanus/Pertussis - 1st dose,ADMIN,Administrative coverage (doses given / target population),4710617.0,3074048,
COUNTRIES,USA,United States of America,2021,DTP1,Diphtheria/Tetanus/Pertussis - 1st dose,OFFICIAL,Official country-reported coverage estimate,3647342.0,2444812,67.0
COUNTRIES,USA,United States of America,2021,DTP1,Diphtheria/Tetanus/Pertussis - 1st dose,WUENIC,WHO/UNICEF Estimates of National Immunization Coverage,,329011,60.2
COUNTRIES,USA,United States of America,2021,DTP3,Diphtheria/Tetanus/Pertussis - 3rd dose,ADMIN,Administrative coverage (doses given / target population),3107672.0,2144065,69.0
COUNTRIES,USA,United States of America,2021,DTP3,Diphtheria/Tetanus/Pertussis - 3rd dose,OFFICIAL,Official country-reported coverage estimate,938485.0,656413,69.9
COUNTRIES,USA,United States of America,2021,DTP3,Diphtheria/Tetanus/Pertussis - 3rd dose,WUENIC,WHO/UNICEF Estimates of National Immunization Coverage,966897.0,701337,72.5
COUNTRIES,USA,United States of America,2021,MCV1,Measles-containing vaccine - 1st dose,ADMIN,Administrative coverage (doses given / target population),1264031.0,929764,73.6
COUNTRIES,USA,United States of America,2021,MCV1,Measles-containing vaccine - 1st dose,OFFICIAL,Official country-reported coverage estimate,2892821.0,1759788,60.8
COUNTRIES,USA,United States of America,2021,MCV1,Measles-containing vaccine - 1st dose,WUENIC,WHO/UNICEF Estimates of National Immunization Coverage,4379146.0,3056072,69.8
COUNTRIES,USA,United States of America,2021,MCV2,Measles-containing vaccine - 2nd dose (booster),ADMIN,Administrative coverage (doses given / target population),3613710.0,1999309,55.3
COUNTRIES,USA,United States of America,2021,MCV2,Measles-containing vaccine - 2nd dose (booster),OFFICIAL,Official country-reported coverage estimate,1279611.0,827947,64.7
COUNTRIES,USA,United States of America,2021,MCV2,Measles-containing vaccine - 2nd dose (booster),WUENIC,WHO/UNICEF Estimates of National Immunization Coverage,230904.0,155458,67.3
COUNTRIES,USA,United States of America,2021,POL3,Polio - 3rd dose,ADMIN,Administrative coverage (doses given / target population),4703094.0,2971497,63.2
COUNTRIES,USA,United States of America,2021,POL3,Polio - 3rd dose,OFFICIAL,Official country-reported coverage estimate,1675600.0,1305351,77.9
COUNTRIES,USA,United States of America,2021,POL3,Polio - 3rd dose,WUENIC,WHO/UNICEF Estimates of National Immunization Coverage,2612424.0,1713544,65.6
COUNTRIES,USA,United States of America,2021,HEPB3,Hepatitis B - 3rd dose,ADMIN,Administrative coverage (doses given / target population),1996749.0,1302216,65.2
COUNTRIES,USA,United States of America,2021,HEPB3,Hepatitis B - 3rd dose,OFFICIAL,Official country-reported coverage estimate,,1814779,
COUNTRIES,USA,United States of America,2021,HEPB3,Hepatitis B - 3rd dose,WUENIC,WHO/UNICEF Estimates of National Immunization Coverage,1830603.0,1268615,69.3
COUNTRIES,USA,United States of America,2021,PCV3,Pneumococcal conjugate vaccine - 3rd dose,ADMIN,Administrative coverage (doses given / target population),,494634,73.6
COUNTRIES,USA,United States of America,2021,PCV3,Pneumococcal conjugate vaccine - 3rd dose,OFFICIAL,Official country-reported coverage estimate,4179786.0,2861823,68.5
COUNTRIES,USA,United States of America,2021,PCV3,Pneumococcal conjugate vaccine - 3rd dose,WUENIC,WHO/UNICEF Estimates of National Immunization Coverage,4768367.0,3344901,70.1
COUNTRIES,USA,United States of America,2022,BCG,Bacille Calmette-Guerin (Tuberculosis),ADMIN,Administrative coverage (doses given / target population),4801047.0,3191889,66.5
COUNTRIES,USA,United States of America,2022,BCG,Bacille Calmette-Guerin (Tuberculosis),OFFICIAL,Official country-reported coverage estimate,1078200.0,783336,72.7
COUNTRIES,USA,United States of America,2022,BCG,Bacille Calmette-Guerin (Tuberculosis),WUENIC,WHO/UNICEF Estimates of National Immunization Coverage,1931660.0,1318939,68.3
COUNTRIES,USA,United States of America,2022,DTP1,Diphtheria/Tetanus/Pertussis - 1st dose,ADMIN,Administrative coverage (doses given / target population),638818.0,462049,72.3
COUNTRIES,USA,United States of America,2022,DTP1,Diphtheria/Tetanus/Pertussis - 1st dose,OFFICIAL,Official country-reported coverage estimate,4581351.0,3399925,74.2
COUNTRIES,USA,United States of America,2022,DTP1,Diphtheria/Tetanus/Pertussis - 1st dose,WUENIC,WHO/UNICEF Estimates of National Immunization Coverage,3060239.0,2103810,68.7
COUNTRIES,USA,United States of America,2022,DTP3,Diphtheria/Tetanus/Pertussis - 3rd dose,ADMIN,Administrative coverage (doses given / target population),2666724.0,1840719,69.0
COUNTRIES,USA,United States of America,2022,DTP3,Diphtheria/Tetanus/Pertussis - 3rd dose,OFFICIAL,Official country-reported coverage estimate,2682836.0,1326042,49.4
COUNTRIES,USA,United States of America,2022,DTP3,Diphtheria/Tetanus/Pertussis - 3rd dose,WUENIC,WHO/UNICEF Estimates of National Immunization Coverage,755639.0,340944,45.1
COUNTRIES,USA,United States of America,2022,MCV1,Measles-containing vaccine - 1st dose,ADMIN,Administrative coverage (doses given / target population),4100623.0,2323810,56.7
COUNTRIES,USA,United States of America,2022,MCV1,Measles-containing vaccine - 1st dose,OFFICIAL,Official country-reported coverage estimate,4204096.0,2937638,69.9
COUNTRIES,USA,United States of America,2022,MCV1,Measles-containing vaccine - 1st dose,WUENIC,WHO/UNICEF Estimates of National Immunization Coverage,806741.0,484334,60.0
COUNTRIES,USA,United States of America,2022,MCV2,Measles-containing vaccine - 2nd dose (booster),ADMIN,Administrative coverage (doses given / target population),2817797.0,2119933,75.2
COUNTRIES,USA,United States of America,2022,MCV2,Measles-containing vaccine - 2nd dose (booster),OFFICIAL,Official country-reported coverage estimate,298028.0,191054,64.1
COUNTRIES,USA,United States of America,2022,MCV2,Measles-containing vaccine - 2nd dose (booster),WUENIC,WHO/UNICEF Estimates of National Immunization Coverage,3304913.0,2214256,67.0
COUNTRIES,USA,United States of America,2022,POL3,Polio - 3rd dose,ADMIN,Administrative coverage (doses given / target population),3132408.0,2175729,69.5
COUNTRIES,USA,United States of America,2022,POL3,Polio - 3rd dose,OFFICIAL,Official country-reported coverage estimate,4145283.0,2810362,67.8
COUNTRIES,USA,United States of America,2022,POL3,Polio - 3rd dose,WUENIC,WHO/UNICEF Estimates of National Immunization Coverage,1099175.0,670457,61.0
COUNTRIES,USA,United States of America,2022,HEPB3,Hepatitis B - 3rd dose,ADMIN,Administrative coverage (doses given / target population),1471648.0,983013,66.8
COUNTRIES,USA,United States of America,2022,HEPB3,Hepatitis B - 3rd dose,OFFICIAL,Official country-reported coverage estimate,3213117.0,1890020,58.8
COUNTRIES,USA,United States of America,2022,HEPB3,Hepatitis B - 3rd dose,WUENIC,WHO/UNICEF Estimates of National Immunization Coverage,1439168.0,900304,62.6
COUNTRIES,USA,United States of America,2022,PCV3,Pneumococcal conjugate vaccine - 3rd dose,ADMIN,Administrative coverage (doses given / target population),1440437.0,1045132,72.6
COUNTRIES,USA,United States of America,2022,PCV3,Pneumococcal conjugate vaccine - 3rd dose,OFFICIAL,Official country-reported coverage estimate,3999502.0,2612222,65.3
COUNTRIES,USA,United States of America,2022,PCV3,Pneumococcal conjugate vaccine - 3rd dose,WUENIC,WHO/UNICEF Estimates of National Immunization Coverage,688698.0,457112,66.4
COUNTRIES,USA,United States of America,2023,BCG,Bacille Calmette-Guerin (Tuberculosis),ADMIN,Administrative coverage (doses given / target population),2508853.0,1784079,71.1
COUNTRIES,USA,United States of America,2023,BCG,Bacille Calmette-Guerin (Tuberculosis),OFFICIAL,Official country-reported coverage estimate,1994990.0,1225167,61.4
COUNTRIES,USA,United States of America,2023,BCG,Bacille Calmette-Guerin (Tuberculosis),WUENIC,WHO/UNICEF Estimates of National Immunization Coverage,2098988.0,1554060,74.0
COUNTRIES,USA,United States of America,2023,DTP1,Diphtheria/Tetanus/Pertussis - 1st dose,ADMIN,Administrative coverage (doses given / target population),3644591.0,2366667,64.9
COUNTRIES,USA,United States of America,2023,DTP1,Diphtheria/Tetanus/Pertussis - 1st dose,OFFICIAL,Official country-reported coverage estimate,3308252.0,2318202,70.1
COUNTRIES,USA,United States of America,2023,DTP1,Diphtheria/Tetanus/Pertussis - 1st dose,WUENIC,WHO/UNICEF Estimates of National Immunization Coverage,3018492.0,2118700,70.2
COUNTRIES,USA,United States of America,2023,DTP3,Diphtheria/Tetanus/Pertussis - 3rd dose,ADMIN,Administrative coverage (doses given / target population),2651537.0,1823922,68.8
COUNTRIES,USA,United States of America,2023,DTP3,Diphtheria/Tetanus/Pertussis - 3rd dose,OFFICIAL,Official country-reported coverage estimate,1746432.0,1254356,71.8
COUNTRIES,USA,United States of America,2023,DTP3,Diphtheria/Tetanus/Pertussis - 3rd dose,WUENIC,WHO/UNICEF Estimates of National Immunization Coverage,4931608.0,3511420,71.2
COUNTRIES,USA,United States of America,2023,MCV1,Measles-containing vaccine - 1st dose,ADMIN,Administrative coverage (doses given / target population),4237737.0,2499622,59.0
COUNTRIES,USA,United States of America,2023,MCV1,Measles-containing vaccine - 1st dose,OFFICIAL,Official country-reported coverage estimate,1483833.0,973316,65.6
COUNTRIES,USA,United States of America,2023,MCV1,Measles-containing vaccine - 1st dose,WUENIC,WHO/UNICEF Estimates of National Immunization Coverage,4467814.0,2882353,64.5
COUNTRIES,USA,United States of America,2023,MCV2,Measles-containing vaccine - 2nd dose (booster),ADMIN,Administrative coverage (doses given / target population),902820.0,688726,76.3
COUNTRIES,USA,United States of America,2023,MCV2,Measles-containing vaccine - 2nd dose (booster),OFFICIAL,Official country-reported coverage estimate,1547277.0,1209609,78.2
COUNTRIES,USA,United States of America,2023,MCV2,Measles-containing vaccine - 2nd dose (booster),WUENIC,WHO/UNICEF Estimates of National Immunization Coverage,3686875.0,2461064,66.8
COUNTRIES,USA,United States of America,2023,POL3,Polio - 3rd dose,ADMIN,Administrative coverage (doses given / target population),3705628.0,2576403,69.5
COUNTRIES,USA,United States of America,2023,POL3,Polio - 3rd dose,OFFICIAL,Official country-reported coverage estimate,790102.0,538355,68.1
COUNTRIES,USA,United States of America,2023,POL3,Polio - 3rd dose,WUENIC,WHO/UNICEF Estimates of National Immunization Coverage,3612923.0,2463834,68.2
COUNTRIES,USA,United States of America,2023,HEPB3,Hepatitis B - 3rd dose,ADMIN,Administrative coverage (doses given / target population),1685658.0,1130314,67.1
COUNTRIES,USA,United States of America,2023,HEPB3,Hepatitis B - 3rd dose,OFFICIAL,Official country-reported coverage estimate,2125539.0,1339828,63.0
COUNTRIES,USA,United States of America,2023,HEPB3,Hepatitis B - 3rd dose,WUENIC,WHO/UNICEF Estimates of National Immunization Coverage,3497790.0,2490913,71.2
COUNTRIES,USA,United States of America,2023,PCV3,Pneumococcal conjugate vaccine - 3rd dose,ADMIN,Administrative coverage (doses given / target population),2070375.0,1396021,67.4
COUNTRIES,USA,United States of America,2023,PCV3,Pneumococcal conjugate vaccine - 3rd dose,OFFICIAL,Official country-reported coverage estimate,4144807.0,2960674,71.4
COUNTRIES,USA,United States of America,2023,PCV3,Pneumococcal conjugate vaccine - 3rd dose,WUENIC,WHO/UNICEF Estimates of National Immunization Coverage,504032.0,328434,65.2
COUNTRIES,NGA,Nigeria,2010,BCG,Bacille Calmette-Guerin (Tuberculosis),ADMIN,Administrative coverage (doses given / target population),3678676.0,3329427,90.5
COUNTRIES,NGA,Nigeria,2010,BCG,Bacille Calmette-Guerin (Tuberculosis),OFFICIAL,Official country-reported coverage estimate,3331403.0,2692579,80.8
COUNTRIES,NGA,Nigeria,2010,BCG,Bacille Calmette-Guerin (Tuberculosis),WUENIC,WHO/UNICEF Estimates of National Immunization Coverage,4034780.0,3438786,85.2
COUNTRIES,NGA,Nigeria,2010,DTP1,Diphtheria/Tetanus/Pertussis - 1st dose,ADMIN,Administrative coverage (doses given / target population),1029158.0,805856,78.3
COUNTRIES,NGA,Nigeria,2010,DTP1,Diphtheria/Tetanus/Pertussis - 1st dose,OFFICIAL,Official country-reported coverage estimate,3768668.0,3094332,82.1
COUNTRIES,NGA,Nigeria,2010,DTP1,Diphtheria/Tetanus/Pertussis - 1st dose,WUENIC,WHO/UNICEF Estimates of National Immunization Coverage,1271067.0,1125480,88.5
COUNTRIES,NGA,Nigeria,2010,DTP3,Diphtheria/Tetanus/Pertussis - 3rd dose,ADMIN,Administrative coverage (doses given / target population),4362250.0,3760786,86.2
COUNTRIES,NGA,Nigeria,2010,DTP3,Diphtheria/Tetanus/Pertussis - 3rd dose,OFFICIAL,Official country-reported coverage estimate,,1298718,90.3
COUNTRIES,NGA,Nigeria,2010,DTP3,Diphtheria/Tetanus/Pertussis - 3rd dose,WUENIC,WHO/UNICEF Estimates of National Immunization Coverage,1453427.0,1309964,90.1
COUNTRIES,NGA,Nigeria,2010,MCV1,Measles-containing vaccine - 1st dose,ADMIN,Administrative coverage (doses given / target population),3720674.0,3420411,91.9
COUNTRIES,NGA,Nigeria,2010,MCV1,Measles-containing vaccine - 1st dose,OFFICIAL,Official country-reported coverage estimate,1052485.0,795524,75.6
COUNTRIES,NGA,Nigeria,2010,MCV1,Measles-containing vaccine - 1st dose,WUENIC,WHO/UNICEF Estimates of National Immunization Coverage,3857022.0,2898621,75.2
COUNTRIES,NGA,Nigeria,2010,MCV2,Measles-containing vaccine - 2nd dose (booster),ADMIN,Administrative coverage (doses given / target population),4766966.0,4216354,88.4
COUNTRIES,NGA,Nigeria,2010,MCV2,Measles-containing vaccine - 2nd dose (booster),OFFICIAL,Official country-reported coverage estimate,1573178.0,1486751,94.5
COUNTRIES,NGA,Nigeria,2010,MCV2,Measles-containing vaccine - 2nd dose (booster),WUENIC,WHO/UNICEF Estimates of National Immunization Coverage,3146116.0,3000100,95.4
COUNTRIES,NGA,Nigeria,2010,POL3,Polio - 3rd dose,ADMIN,Administrative coverage (doses given / target population),2621506.0,2234333,85.2
COUNTRIES,NGA,Nigeria,2010,POL3,Polio - 3rd dose,OFFICIAL,Official country-reported coverage estimate,2028396.0,1848762,91.1
COUNTRIES,NGA,Nigeria,2010,POL3,Polio - 3rd dose,WUENIC,WHO/UNICEF Estimates of National Immunization Coverage,2719237.0,2399039,88.2
COUNTRIES,NGA,Nigeria,2010,HEPB3,Hepatitis B - 3rd dose,ADMIN,Administrative coverage (doses given / target population),2030304.0,1911528,94.1
COUNTRIES,NGA,Nigeria,2010,HEPB3,Hepatitis B - 3rd dose,OFFICIAL,Official country-reported coverage estimate,1844682.0,1716792,93.1
COUNTRIES,NGA,Nigeria,2010,HEPB3,Hepatitis B - 3rd dose,WUENIC,WHO/UNICEF Estimates of National Immunization Coverage,2247517.0,2074401,92.3
COUNTRIES,NGA,Nigeria,2010,PCV3,Pneumococcal conjugate vaccine - 3rd dose,ADMIN,Administrative coverage (doses given / target population),1674210.0,1575037,94.1
COUNTRIES,NGA,Nigeria,2010,PCV3,Pneumococcal conjugate vaccine - 3rd dose,OFFICIAL,Official country-reported coverage estimate,1644967.0,1520352,92.4
COUNTRIES,NGA,Nigeria,2010,PCV3,Pneumococcal conjugate vaccine - 3rd dose,WUENIC,WHO/UNICEF Estimates of National Immunization Coverage,2241712.0,1875396,83.7
COUNTRIES,NGA,Nigeria,2011,BCG,Bacille Calmette-Guerin (Tuberculosis),ADMIN,Administrative coverage (doses given / target population),,2654095,83.5
COUNTRIES,NGA,Nigeria,2011,BCG,Bacille Calmette-Guerin (Tuberculosis),OFFICIAL,Official country-reported coverage estimate,2043996.0,1878200,91.9
COUNTRIES,NGA,Nigeria,2011,BCG,Bacille Calmette-Guerin (Tuberculosis),WUENIC,WHO/UNICEF Estimates of National Immunization Coverage,4567725.0,3786612,82.9
COUNTRIES,NGA,Nigeria,2011,DTP1,Diphtheria/Tetanus/Pertussis - 1st dose,ADMIN,Administrative coverage (doses given / target population),4683631.0,3802290,81.2
COUNTRIES,NGA,Nigeria,2011,DTP1,Diphtheria/Tetanus/Pertussis - 1st dose,OFFICIAL,Official country-reported coverage estimate,,4276128,87.4
COUNTRIES,NGA,Nigeria,2011,DTP1,Diphtheria/Tetanus/Pertussis - 1st dose,WUENIC,WHO/UNICEF Estimates of National Immunization Coverage,1204213.0,1204213,100.0
COUNTRIES,NGA,Nigeria,2011,DTP3,Diphtheria/Tetanus/Pertussis - 3rd dose,ADMIN,Administrative coverage (doses given / target population),3824820.0,3073976,80.4
COUNTRIES,NGA,Nigeria,2011,DTP3,Diphtheria/Tetanus/Pertussis - 3rd dose,OFFICIAL,Official country-reported coverage estimate,3514176.0,3146316,89.5
COUNTRIES,NGA,Nigeria,2011,DTP3,Diphtheria/Tetanus/Pertussis - 3rd dose,WUENIC,WHO/UNICEF Estimates of National Immunization Coverage,1239120.0,1128839,91.1
COUNTRIES,NGA,Nigeria,2011,MCV1,Measles-containing vaccine - 1st dose,ADMIN,Administrative coverage (doses given / target population),1561639.0,1425798,91.3
COUNTRIES,NGA,Nigeria,2011,MCV1,Measles-containing vaccine - 1st dose,OFFICIAL,Official country-reported coverage estimate,1326151.0,1163179,87.7
COUNTRIES,NGA,Nigeria,2011,MCV1,Measles-containing vaccine - 1st dose,WUENIC,WHO/UNICEF Estimates of National Immunization Coverage,1467736.0,1260700,85.9
COUNTRIES,NGA,Nigeria,2011,MCV2,Measles-containing vaccine - 2nd dose (booster),ADMIN,Administrative coverage (doses given / target population),1133340.0,1081506,95.4
COUNTRIES,NGA,Nigeria,2011,MCV2,Measles-containing vaccine - 2nd dose (booster),OFFICIAL,Official country-reported coverage estimate,2876341.0,2538991,88.3
COUNTRIES,NGA,Nigeria,2011,MCV2,Measles-containing vaccine - 2nd dose (booster),WUENIC,WHO/UNICEF Estimates of National Immunization Coverage,880112.0,723463,82.2
COUNTRIES,NGA,Nigeria,2011,POL3,Polio - 3rd dose,ADMIN,Administrative coverage (doses given / target population),2299589.0,2237588,97.3
COUNTRIES,NGA,Nigeria,2011,POL3,Polio - 3rd dose,OFFICIAL,Official country-reported coverage estimate,3997678.0,3524710,88.2
COUNTRIES,NGA,Nigeria,2011,POL3,Polio - 3rd dose,WUENIC,WHO/UNICEF Estimates of National Immunization Coverage,3514468.0,2879943,81.9
COUNTRIES,NGA,Nigeria,2011,HEPB3,Hepatitis B - 3rd dose,ADMIN,Administrative coverage (doses given / target population),3882962.0,3388168,87.3
COUNTRIES,NGA,Nigeria,2011,HEPB3,Hepatitis B - 3rd dose,OFFICIAL,Official country-reported coverage estimate,2280470.0,1896343,83.2
COUNTRIES,NGA,Nigeria,2011,HEPB3,Hepatitis B - 3rd dose,WUENIC,WHO/UNICEF Estimates of National Immunization Coverage,4993117.0,4493495,90.0
COUNTRIES,NGA,Nigeria,2011,PCV3,Pneumococcal conjugate vaccine - 3rd dose,ADMIN,Administrative coverage (doses given / target population),180692.0,180692,100.0
COUNTRIES,NGA,Nigeria,2011,PCV3,Pneumococcal conjugate vaccine - 3rd dose,OFFICIAL,Official country-reported coverage estimate,2142861.0,1823865,85.1
COUNTRIES,NGA,Nigeria,2011,PCV3,Pneumococcal conjugate vaccine - 3rd dose,WUENIC,WHO/UNICEF Estimates of National Immunization Coverage,1483712.0,1336759,90.1
COUNTRIES,NGA,Nigeria,2012,BCG,Bacille Calmette-Guerin (Tuberculosis),ADMIN,Administrative coverage (doses given / target population),4905064.0,4322616,88.1
COUNTRIES,NGA,Nigeria,2012,BCG,Bacille Calmette-Guerin (Tuberculosis),OFFICIAL,Official country-reported coverage estimate,2963548.0,2649547,89.4
COUNTRIES,NGA,Nigeria,2012,BCG,Bacille Calmette-Guerin (Tuberculosis),WUENIC,WHO/UNICEF Estimates of National Immunization Coverage,3964152.0,3555663,89.7
COUNTRIES,NGA,Nigeria,2012,DTP1,Diphtheria/Tetanus/Pertussis - 1st dose,ADMIN,Administrative coverage (doses given / target population),1156836.0,932923,80.6
COUNTRIES,NGA,Nigeria,2012,DTP1,Diphtheria/Tetanus/Pertussis - 1st dose,OFFICIAL,Official country-reported coverage estimate,3334093.0,2659649,79.8
COUNTRIES,NGA,Nigeria,2012,DTP1,Diphtheria/Tetanus/Pertussis - 1st dose,WUENIC,WHO/UNICEF Estimates of National Immunization Coverage,2899388.0,2533278,87.4
COUNTRIES,NGA,Nigeria,2012,DTP3,Diphtheria/Tetanus/Pertussis - 3rd dose,ADMIN,Administrative coverage (doses given / target population),922964.0,788733,85.5
COUNTRIES,NGA,Nigeria,2012,DTP3,Diphtheria/Tetanus/Pertussis - 3rd dose,OFFICIAL,Official country-reported coverage estimate,1256096.0,1178251,93.8
COUNTRIES,NGA,Nigeria,2012,DTP3,Diphtheria/Tetanus/Pertussis - 3rd dose,WUENIC,WHO/UNICEF Estimates of National Immunization Coverage,2528792.0,2278827,90.1
COUNTRIES,NGA,Nigeria,2012,MCV1,Measles-containing vaccine - 1st dose,ADMIN,Administrative coverage (doses given / target population),56174.0,54146,96.4
COUNTRIES,NGA,Nigeria,2012,MCV1,Measles-containing vaccine - 1st dose,OFFICIAL,Official country-reported coverage estimate,4960607.0,4886603,98.5
COUNTRIES,NGA,Nigeria,2012,MCV1,Measles-containing vaccine - 1st dose,WUENIC,WHO/UNICEF Estimates of National Immunization Coverage,3432809.0,3256879,94.9
COUNTRIES,NGA,Nigeria,2012,MCV2,Measles-containing vaccine - 2nd dose (booster),ADMIN,Administrative coverage (doses given / target population),3652824.0,3524421,96.5
COUNTRIES,NGA,Nigeria,2012,MCV2,Measles-containing vaccine - 2nd dose (booster),OFFICIAL,Official country-reported coverage estimate,1520037.0,1409342,92.7
COUNTRIES,NGA,Nigeria,2012,MCV2,Measles-containing vaccine - 2nd dose (booster),WUENIC,WHO/UNICEF Estimates of National Immunization Coverage,2332983.0,2160882,92.6
COUNTRIES,NGA,Nigeria,2012,POL3,Polio - 3rd dose,ADMIN,Administrative coverage (doses given / target population),1875247.0,1546123,82.4
COUNTRIES,NGA,Nigeria,2012,POL3,Polio - 3rd dose,OFFICIAL,Official country-reported coverage estimate,3377708.0,3149287,93.2
COUNTRIES,NGA,Nigeria,2012,POL3,Polio - 3rd dose,WUENIC,WHO/UNICEF Estimates of National Immunization Coverage,3421882.0,2883465,84.3
COUNTRIES,NGA,Nigeria,2012,HEPB3,Hepatitis B - 3rd dose,ADMIN,Administrative coverage (doses given / target population),,4037856,96.9
COUNTRIES,NGA,Nigeria,2012,HEPB3,Hepatitis B - 3rd dose,OFFICIAL,Official country-reported coverage estimate,2003625.0,1962700,98.0
COUNTRIES,NGA,Nigeria,2012,HEPB3,Hepatitis B - 3rd dose,WUENIC,WHO/UNICEF Estimates of National Immunization Coverage,1641651.0,1434852,87.4
COUNTRIES,NGA,Nigeria,2012,PCV3,Pneumococcal conjugate vaccine - 3rd dose,ADMIN,Administrative coverage (doses given / target population),878584.0,769555,87.6
COUNTRIES,NGA,Nigeria,2012,PCV3,Pneumococcal conjugate vaccine - 3rd dose,OFFICIAL,Official country-reported coverage estimate,2481724.0,2224747,89.6
COUNTRIES,NGA,Nigeria,2012,PCV3,Pneumococcal conjugate vaccine - 3rd dose,WUENIC,WHO/UNICEF Estimates of National Immunization Coverage,2870827.0,2751261,
COUNTRIES,NGA,Nigeria,2013,BCG,Bacille Calmette-Guerin (Tuberculosis),ADMIN,Administrative coverage (doses given / target population),4401390.0,3840892,87.3
COUNTRIES,NGA,Nigeria,2013,BCG,Bacille Calmette-Guerin (Tuberculosis),OFFICIAL,Official country-reported coverage estimate,1573935.0,1314256,83.5
COUNTRIES,NGA,Nigeria,2013,BCG,Bacille Calmette-Guerin (Tuberculosis),WUENIC,WHO/UNICEF Estimates of National Immunization Coverage,2692508.0,2480741,92.1
COUNTRIES,NGA,Nigeria,2013,DTP1,Diphtheria/Tetanus/Pertussis - 1st dose,ADMIN,Administrative coverage (doses given / target population),1172145.0,995551,84.9
COUNTRIES,NGA,Nigeria,2013,DTP1,Diphtheria/Tetanus/Pertussis - 1st dose,OFFICIAL,Official country-reported coverage estimate,52567.0,46268,88.0
COUNTRIES,NGA,Nigeria,2013,DTP1,Diphtheria/Tetanus/Pertussis - 1st dose,WUENIC,WHO/UNICEF Estimates of National Immunization Coverage,539211.0,473492,87.8
COUNTRIES,NGA,Nigeria,2013,DTP3,Diphtheria/Tetanus/Pertussis - 3rd dose,ADMIN,Administrative coverage (doses given / target population),222449.0,222449,100.0
COUNTRIES,NGA,Nigeria,2013,DTP3,Diphtheria/Tetanus/Pertussis - 3rd dose,OFFICIAL,Official country-reported coverage estimate,1743913.0,1534114,88.0
COUNTRIES,NGA,Nigeria,2013,DTP3,Diphtheria/Tetanus/Pertussis - 3rd dose,WUENIC,WHO/UNICEF Estimates of National Immunization Coverage,881604.0,677498,76.8
COUNTRIES,NGA,Nigeria,2013,MCV1,Measles-containing vaccine - 1st dose,ADMIN,Administrative coverage (doses given / target population),1378645.0,1211203,
COUNTRIES,NGA,Nigeria,2013,MCV1,Measles-containing vaccine - 1st dose,OFFICIAL,Official country-reported coverage estimate,4124466.0,3518910,85.3
COUNTRIES,NGA,Nigeria,2013,MCV1,Measles-containing vaccine - 1st dose,WUENIC,WHO/UNICEF Estimates of National Immunization Coverage,265072.0,234438,88.4
COUNTRIES,NGA,Nigeria,2013,MCV2,Measles-containing vaccine - 2nd dose (booster),ADMIN,Administrative coverage (doses given / target population),509142.0,494701,97.2
COUNTRIES,NGA,Nigeria,2013,MCV2,Measles-containing vaccine - 2nd dose (booster),OFFICIAL,Official country-reported coverage estimate,2958348.0,2652349,89.7
COUNTRIES,NGA,Nigeria,2013,MCV2,Measles-containing vaccine - 2nd dose (booster),WUENIC,WHO/UNICEF Estimates of National Immunization Coverage,1324387.0,1177383,88.9
COUNTRIES,NGA,Nigeria,2013,POL3,Polio - 3rd dose,ADMIN,Administrative coverage (doses given / target population),2717017.0,2710111,99.7
COUNTRIES,NGA,Nigeria,2013,POL3,Polio - 3rd dose,OFFICIAL,Official country-reported coverage estimate,3763816.0,2842260,75.5
COUNTRIES,NGA,Nigeria,2013,POL3,Polio - 3rd dose,WUENIC,WHO/UNICEF Estimates of National Immunization Coverage,2087371.0,1798772,86.2
COUNTRIES,NGA,Nigeria,2013,HEPB3,Hepatitis B - 3rd dose,ADMIN,Administrative coverage (doses given / target population),1134986.0,1016042,89.5
COUNTRIES,NGA,Nigeria,2013,HEPB3,Hepatitis B - 3rd dose,OFFICIAL,Official country-reported coverage estimate,,4439278,92.3
COUNTRIES,NGA,Nigeria,2013,HEPB3,Hepatitis B - 3rd dose,WUENIC,WHO/UNICEF Estimates of National Immunization Coverage,638606.0,556402,87.1
COUNTRIES,NGA,Nigeria,2013,PCV3,Pneumococcal conjugate vaccine - 3rd dose,ADMIN,Administrative coverage (doses given / target population),853306.0,815882,95.6
COUNTRIES,NGA,Nigeria,2013,PCV3,Pneumococcal conjugate vaccine - 3rd dose,OFFICIAL,Official country-reported coverage estimate,917965.0,831101,90.5
COUNTRIES,NGA,Nigeria,2013,PCV3,Pneumococcal conjugate vaccine - 3rd dose,WUENIC,WHO/UNICEF Estimates of National Immunization Coverage,3510854.0,3197297,91.1
COUNTRIES,NGA,Nigeria,2014,BCG,Bacille Calmette-Guerin (Tuberculosis),ADMIN,Administrative coverage (doses given / target population),4952422.0,4282070,86.5
COUNTRIES,NGA,Nigeria,2014,BCG,Bacille Calmette-Guerin (Tuberculosis),OFFICIAL,Official country-reported coverage estimate,938862.0,849639,90.5
COUNTRIES,NGA,Nigeria,2014,BCG,Bacille Calmette-Guerin (Tuberculosis),WUENIC,WHO/UNICEF Estimates of National Immunization Coverage,2271211.0,2040481,89.8
COUNTRIES,NGA,Nigeria,2014,DTP1,Diphtheria/Tetanus/Pertussis - 1st dose,ADMIN,Administrative coverage (doses given / target population),4767229.0,3581516,75.1
COUNTRIES,NGA,Nigeria,2014,DTP1,Diphtheria/Tetanus/Pertussis - 1st dose,OFFICIAL,Official country-reported coverage estimate,4879198.0,3968103,81.3
COUNTRIES,NGA,Nigeria,2014,DTP1,Diphtheria/Tetanus/Pertussis - 1st dose,WUENIC,WHO/UNICEF Estimates of National Immunization Coverage,3104925.0,2721575,87.7
COUNTRIES,NGA,Nigeria,2014,DTP3,Diphtheria/Tetanus/Pertussis - 3rd dose,ADMIN,Administrative coverage (doses given / target population),1142949.0,1009285,88.3
COUNTRIES,NGA,Nigeria,2014,DTP3,Diphtheria/Tetanus/Pertussis - 3rd dose,OFFICIAL,Official country-reported coverage estimate,1296973.0,1088447,83.9
COUNTRIES,NGA,Nigeria,2014,DTP3,Diphtheria/Tetanus/Pertussis - 3rd dose,WUENIC,WHO/UNICEF Estimates of National Immunization Coverage,3686889.0,3121615,84.7
COUNTRIES,NGA,Nigeria,2014,MCV1,Measles-containing vaccine - 1st dose,ADMIN,Administrative coverage (doses given / target population),1950577.0,1950577,100.0
COUNTRIES,NGA,Nigeria,2014,MCV1,Measles-containing vaccine - 1st dose,OFFICIAL,Official country-reported coverage estimate,4151307.0,3626688,87.4
COUNTRIES,NGA,Nigeria,2014,MCV1,Measles-containing vaccine - 1st dose,WUENIC,WHO/UNICEF Estimates of National Immunization Coverage,2676057.0,2219464,82.9
COUNTRIES,NGA,Nigeria,2014,MCV2,Measles-containing vaccine - 2nd dose (booster),ADMIN,Administrative coverage (doses given / target population),294822.0,231094,78.4
COUNTRIES,NGA,Nigeria,2014,MCV2,Measles-containing vaccine - 2nd dose (booster),OFFICIAL,Official country-reported coverage estimate,3114940.0,2611751,83.8
COUNTRIES,NGA,Nigeria,2014,MCV2,Measles-containing vaccine - 2nd dose (booster),WUENIC,WHO/UNICEF Estimates of National Immunization Coverage,1337914.0,1195077,89.3
COUNTRIES,NGA,Nigeria,2014,POL3,Polio - 3rd dose,ADMIN,Administrative coverage (doses given / target population),563886.0,480776,
COUNTRIES,NGA,Nigeria,2014,POL3,Polio - 3rd dose,OFFICIAL,Official country-reported coverage estimate,4141726.0,3757574,90.7
COUNTRIES,NGA,Nigeria,2014,POL3,Polio - 3rd dose,WUENIC,WHO/UNICEF Estimates of National Immunization Coverage,3785255.0,3495225,92.3
COUNTRIES,NGA,Nigeria,2014,HEPB3,Hepatitis B - 3rd dose,ADMIN,Administrative coverage (doses given / target population),1389948.0,1138508,81.9
COUNTRIES,NGA,Nigeria,2014,HEPB3,Hepatitis B - 3rd dose,OFFICIAL,Official country-reported coverage estimate,2279781.0,1938538,85.0
COUNTRIES,NGA,Nigeria,2014,HEPB3,Hepatitis B - 3rd dose,WUENIC,WHO/UNICEF Estimates of National Immunization Coverage,2842270.0,2661223,93.6
COUNTRIES,NGA,Nigeria,2014,PCV3,Pneumococcal conjugate vaccine - 3rd dose,ADMIN,Administrative coverage (doses given / target population),,1503832,81.6
COUNTRIES,NGA,Nigeria,2014,PCV3,Pneumococcal conjugate vaccine - 3rd dose,OFFICIAL,Official country-reported coverage estimate,55283.0,48613,87.9
COUNTRIES,NGA,Nigeria,2014,PCV3,Pneumococcal conjugate vaccine - 3rd dose,WUENIC,WHO/UNICEF Estimates of National Immunization Coverage,3879029.0,3627313,93.5
COUNTRIES,NGA,Nigeria,2015,BCG,Bacille Calmette-Guerin (Tuberculosis),ADMIN,Administrative coverage (doses given / target population),3249139.0,2904312,89.4
COUNTRIES,NGA,Nigeria,2015,BCG,Bacille Calmette-Guerin (Tuberculosis),OFFICIAL,Official country-reported coverage estimate,520519.0,501145,96.3
COUNTRIES,NGA,Nigeria,2015,BCG,Bacille Calmette-Guerin (Tuberculosis),WUENIC,WHO/UNICEF Estimates of National Immunization Coverage,2376281.0,2107598,88.7
COUNTRIES,NGA,Nigeria,2015,DTP1,Diphtheria/Tetanus/Pertussis - 1st dose,ADMIN,Administrative coverage (doses given / target population),2399588.0,2399588,100.0
COUNTRIES,NGA,Nigeria,2015,DTP1,Diphtheria/Tetanus/Pertussis - 1st dose,OFFICIAL,Official country-reported coverage estimate,344459.0,344459,100.0
COUNTRIES,NGA,Nigeria,2015,DTP1,Diphtheria/Tetanus/Pertussis - 1st dose,WUENIC,WHO/UNICEF Estimates of National Immunization Coverage,2346297.0,1986700,84.7
COUNTRIES,NGA,Nigeria,2015,DTP3,Diphtheria/Tetanus/Pertussis - 3rd dose,ADMIN,Administrative coverage (doses given / target population),1017658.0,1008932,99.1
COUNTRIES,NGA,Nigeria,2015,DTP3,Diphtheria/Tetanus/Pertussis - 3rd dose,OFFICIAL,Official country-reported coverage estimate,4467090.0,3676317,82.3
COUNTRIES,NGA,Nigeria,2015,DTP3,Diphtheria/Tetanus/Pertussis - 3rd dose,WUENIC,WHO/UNICEF Estimates of National Immunization Coverage,540827.0,472227,87.3
COUNTRIES,NGA,Nigeria,2015,MCV1,Measles-containing vaccine - 1st dose,ADMIN,Administrative coverage (doses given / target population),2631138.0,2357991,89.6
COUNTRIES,NGA,Nigeria,2015,MCV1,Measles-containing vaccine - 1st dose,OFFICIAL,Official country-reported coverage estimate,921884.0,795859,86.3
COUNTRIES,NGA,Nigeria,2015,MCV1,Measles-containing vaccine - 1st dose,WUENIC,WHO/UNICEF Estimates of National Immunization Coverage,942441.0,810113,86.0
COUNTRIES,NGA,Nigeria,2015,MCV2,Measles-containing vaccine - 2nd dose (booster),ADMIN,Administrative coverage (doses given / target population),1635966.0,1389851,85.0
COUNTRIES,NGA,Nigeria,2015,MCV2,Measles-containing vaccine - 2nd dose (booster),OFFICIAL,Official country-reported coverage estimate,2649520.0,2438038,92.0
COUNTRIES,NGA,Nigeria,2015,MCV2,Measles-containing vaccine - 2nd dose (booster),WUENIC,WHO/UNICEF Estimates of National Immunization Coverage,1818979.0,1738100,95.6
COUNTRIES,NGA,Nigeria,2015,POL3,Polio - 3rd dose,ADMIN,Administrative coverage (doses given / target population),2122524.0,1891536,89.1
COUNTRIES,NGA,Nigeria,2015,POL3,Polio - 3rd dose,OFFICIAL,Official country-reported coverage estimate,1066681.0,916830,86.0
COUNTRIES,NGA,Nigeria,2015,POL3,Polio - 3rd dose,WUENIC,WHO/UNICEF Estimates of National Immunization Coverage,3512129.0,2878717,82.0
COUNTRIES,NGA,Nigeria,2015,HEPB3,Hepatitis B - 3rd dose,ADMIN,Administrative coverage (doses given / target population),544163.0,431898,79.4
COUNTRIES,NGA,Nigeria,2015,HEPB3,Hepatitis B - 3rd dose,OFFICIAL,Official country-reported coverage estimate,2326168.0,1932136,83.1
COUNTRIES,NGA,Nigeria,2015,HEPB3,Hepatitis B - 3rd dose,WUENIC,WHO/UNICEF Estimates of National Immunization Coverage,3116867.0,3060227,98.2
COUNTRIES,NGA,Nigeria,2015,PCV3,Pneumococcal conjugate vaccine - 3rd dose,ADMIN,Administrative coverage (doses given / target population),4814987.0,4717553,98.0
COUNTRIES,NGA,Nigeria,2015,PCV3,Pneumococcal conjugate vaccine - 3rd dose,OFFICIAL,Official country-reported coverage estimate,3783643.0,3507397,92.7
COUNTRIES,NGA,Nigeria,2015,PCV3,Pneumococcal conjugate vaccine - 3rd dose,WUENIC,WHO/UNICEF Estimates of National Immunization Coverage,759030.0,643867,84.8
COUNTRIES,NGA,Nigeria,2016,BCG,Bacille Calmette-Guerin (Tuberculosis),ADMIN,Administrative coverage (doses given / target population),4983552.0,4673414,93.8
COUNTRIES,NGA,Nigeria,2016,BCG,Bacille Calmette-Guerin (Tuberculosis),OFFICIAL,Official country-reported coverage estimate,358517.0,312530,87.2
COUNTRIES,NGA,Nigeria,2016,BCG,Bacille Calmette-Guerin (Tuberculosis),WUENIC,WHO/UNICEF Estimates of National Immunization Coverage,1653486.0,1554116,94.0
COUNTRIES,NGA,Nigeria,2016,DTP1,Diphtheria/Tetanus/Pertussis - 1st dose,ADMIN,Administrative coverage (doses given / target population),4583017.0,4002612,87.3
COUNTRIES,NGA,Nigeria,2016,DTP1,Diphtheria/Tetanus/Pertussis - 1st dose,OFFICIAL,Official country-reported coverage estimate,4040645.0,3389958,83.9
COUNTRIES,NGA,Nigeria,2016,DTP1,Diphtheria/Tetanus/Pertussis - 1st dose,WUENIC,WHO/UNICEF Estimates of National Immunization Coverage,1663861.0,1516644,91.2
COUNTRIES,NGA,Nigeria,2016,DTP3,Diphtheria/Tetanus/Pertussis - 3rd dose,ADMIN,Administrative coverage (doses given / target population),2518265.0,2331790,92.6
COUNTRIES,NGA,Nigeria,2016,DTP3,Diphtheria/Tetanus/Pertussis - 3rd dose,OFFICIAL,Official country-reported coverage estimate,3984312.0,3617459,90.8
COUNTRIES,NGA,Nigeria,2016,DTP3,Diphtheria/Tetanus/Pertussis - 3rd dose,WUENIC,WHO/UNICEF Estimates of National Immunization Coverage,2944525.0,2769511,94.1
COUNTRIES,NGA,Nigeria,2016,MCV1,Measles-containing vaccine - 1st dose,ADMIN,Administrative coverage (doses given / target population),1123450.0,1122824,99.9
COUNTRIES,NGA,Nigeria,2016,MCV1,Measles-containing vaccine - 1st dose,OFFICIAL,Official country-reported coverage estimate,1006381.0,989221,98.3
COUNTRIES,NGA,Nigeria,2016,MCV1,Measles-containing vaccine - 1st dose,WUENIC,WHO/UNICEF Estimates of National Immunization Coverage,203711.0,203711,100.0
COUNTRIES,NGA,Nigeria,2016,MCV2,Measles-containing vaccine - 2nd dose (booster),ADMIN,Administrative coverage (doses given / target population),2967189.0,2594724,87.4
COUNTRIES,NGA,Nigeria,2016,MCV2,Measles-containing vaccine - 2nd dose (booster),OFFICIAL,Official country-reported coverage estimate,2226473.0,2027003,91.0
COUNTRIES,NGA,Nigeria,2016,MCV2,Measles-containing vaccine - 2nd dose (booster),WUENIC,WHO/UNICEF Estimates of National Immunization Coverage,2186019.0,1927198,88.2
COUNTRIES,NGA,Nigeria,2016,POL3,Polio - 3rd dose,ADMIN,Administrative coverage (doses given / target population),4020191.0,3602239,89.6
COUNTRIES,NGA,Nigeria,2016,POL3,Polio - 3rd dose,OFFICIAL,Official country-reported coverage estimate,4667259.0,3793397,81.3
COUNTRIES,NGA,Nigeria,2016,POL3,Polio - 3rd dose,WUENIC,WHO/UNICEF Estimates of National Immunization Coverage,1391097.0,1387394,99.7
COUNTRIES,NGA,Nigeria,2016,HEPB3,Hepatitis B - 3rd dose,ADMIN,Administrative coverage (doses given / target population),2282680.0,1959717,85.9
COUNTRIES,NGA,Nigeria,2016,HEPB3,Hepatitis B - 3rd dose,OFFICIAL,Official country-reported coverage estimate,1491520.0,1286894,86.3
COUNTRIES,NGA,Nigeria,2016,HEPB3,Hepatitis B - 3rd dose,WUENIC,WHO/UNICEF Estimates of National Immunization Coverage,3310829.0,2875857,86.9
COUNTRIES,NGA,Nigeria,2016,PCV3,Pneumococcal conjugate vaccine - 3rd dose,ADMIN,Administrative coverage (doses given / target population),4852666.0,4386899,90.4
COUNTRIES,NGA,Nigeria,2016,PCV3,Pneumococcal conjugate vaccine - 3rd dose,OFFICIAL,Official country-reported coverage estimate,1761367.0,1761367,100.0
COUNTRIES,NGA,Nigeria,2016,PCV3,Pneumococcal conjugate vaccine - 3rd dose,WUENIC,WHO/UNICEF Estimates of National Immunization Coverage,1563137.0,1510445,96.6
COUNTRIES,NGA,Nigeria,2017,BCG,Bacille Calmette-Guerin (Tuberculosis),ADMIN,Administrative coverage (doses given / target population),872010.0,798914,91.6
COUNTRIES,NGA,Nigeria,2017,BCG,Bacille Calmette-Guerin (Tuberculosis),OFFICIAL,Official country-reported coverage estimate,4323130.0,3819490,88.4
COUNTRIES,NGA,Nigeria,2017,BCG,Bacille Calmette-Guerin (Tuberculosis),WUENIC,WHO/UNICEF Estimates of National Immunization Coverage,,1008951,90.7
COUNTRIES,NGA,Nigeria,2017,DTP1,Diphtheria/Tetanus/Pertussis - 1st dose,ADMIN,Administrative coverage (doses given / target population),2685539.0,2310012,86.0
COUNTRIES,NGA,Nigeria,2017,DTP1,Diphtheria/Tetanus/Pertussis - 1st dose,OFFICIAL,Official country-reported coverage estimate,1324240.0,1258101,95.0
COUNTRIES,NGA,Nigeria,2017,DTP1,Diphtheria/Tetanus/Pertussis - 1st dose,WUENIC,WHO/UNICEF Estimates of National Immunization Coverage,948261.0,897001,94.6
COUNTRIES,NGA,Nigeria,2017,DTP3,Diphtheria/Tetanus/Pertussis - 3rd dose,ADMIN,Administrative coverage (doses given / target population),3007102.0,3007102,100.0
COUNTRIES,NGA,Nigeria,2017,DTP3,Diphtheria/Tetanus/Pertussis - 3rd dose,OFFICIAL,Official country-reported coverage estimate,3300034.0,2929882,88.8
COUNTRIES,NGA,Nigeria,2017,DTP3,Diphtheria/Tetanus/Pertussis - 3rd dose,WUENIC,WHO/UNICEF Estimates of National Immunization Coverage,4730323.0,4412037,93.3
COUNTRIES,NGA,Nigeria,2017,MCV1,Measles-containing vaccine - 1st dose,ADMIN,Administrative coverage (doses given / target population),4610546.0,4203582,91.2
COUNTRIES,NGA,Nigeria,2017,MCV1,Measles-containing vaccine - 1st dose,OFFICIAL,Official country-reported coverage estimate,2915938.0,2549537,87.4
COUNTRIES,NGA,Nigeria,2017,MCV1,Measles-containing vaccine - 1st dose,WUENIC,WHO/UNICEF Estimates of National Immunization Coverage,4681686.0,4364045,93.2
COUNTRIES,NGA,Nigeria,2017,MCV2,Measles-containing vaccine - 2nd dose (booster),ADMIN,Administrative coverage (doses given / target population),3418073.0,3066862,89.7
COUNTRIES,NGA,Nigeria,2017,MCV2,Measles-containing vaccine - 2nd dose (booster),OFFICIAL,Official country-reported coverage estimate,1711088.0,1334809,78.0
COUNTRIES,NGA,Nigeria,2017,MCV2,Measles-containing vaccine - 2nd dose (booster),WUENIC,WHO/UNICEF Estimates of National Immunization Coverage,3730126.0,2944876,78.9
COUNTRIES,NGA,Nigeria,2017,POL3,Polio - 3rd dose,ADMIN,Administrative coverage (doses given / target population),,964455,91.4
COUNTRIES,NGA,Nigeria,2017,POL3,Polio - 3rd dose,OFFICIAL,Official country-reported coverage estimate,2355499.0,2179678,92.5
COUNTRIES,NGA,Nigeria,2017,POL3,Polio - 3rd dose,WUENIC,WHO/UNICEF Estimates of National Immunization Coverage,4684566.0,4257973,90.9
COUNTRIES,NGA,Nigeria,2017,HEPB3,Hepatitis B - 3rd dose,ADMIN,Administrative coverage (doses given / target population),1687044.0,1687044,100.0
COUNTRIES,NGA,Nigeria,2017,HEPB3,Hepatitis B - 3rd dose,OFFICIAL,Official country-reported coverage estimate,4261912.0,3923145,92.1
COUNTRIES,NGA,Nigeria,2017,HEPB3,Hepatitis B - 3rd dose,WUENIC,WHO/UNICEF Estimates of National Immunization Coverage,2847135.0,2516831,88.4
COUNTRIES,NGA,Nigeria,2017,PCV3,Pneumococcal conjugate vaccine - 3rd dose,ADMIN,Administrative coverage (doses given / target population),2201923.0,1723178,78.3
COUNTRIES,NGA,Nigeria,2017,PCV3,Pneumococcal conjugate vaccine - 3rd dose,OFFICIAL,Official country-reported coverage estimate,3885794.0,3597425,92.6
COUNTRIES,NGA,Nigeria,2017,PCV3,Pneumococcal conjugate vaccine - 3rd dose,WUENIC,WHO/UNICEF Estimates of National Immunization Coverage,1241521.0,1012824,81.6
COUNTRIES,NGA,Nigeria,2018,BCG,Bacille Calmette-Guerin (Tuberculosis),ADMIN,Administrative coverage (doses given / target population),4828808.0,4223496,87.5
COUNTRIES,NGA,Nigeria,2018,BCG,Bacille Calmette-Guerin (Tuberculosis),OFFICIAL,Official country-reported coverage estimate,4264969.0,3652560,85.6
COUNTRIES,NGA,Nigeria,2018,BCG,Bacille Calmette-Guerin (Tuberculosis),WUENIC,WHO/UNICEF Estimates of National Immunization Coverage,978665.0,897963,91.8
COUNTRIES,NGA,Nigeria,2018,DTP1,Diphtheria/Tetanus/Pertussis - 1st dose,ADMIN,Administrative coverage (doses given / target population),2919069.0,2223048,76.2
COUNTRIES,NGA,Nigeria,2018,DTP1,Diphtheria/Tetanus/Pertussis - 1st dose,OFFICIAL,Official country-reported coverage estimate,1903596.0,1810675,95.1
COUNTRIES,NGA,Nigeria,2018,DTP1,Diphtheria/Tetanus/Pertussis - 1st dose,WUENIC,WHO/UNICEF Estimates of National Immunization Coverage,2551451.0,2294429,89.9
COUNTRIES,NGA,Nigeria,2018,DTP3,Diphtheria/Tetanus/Pertussis - 3rd dose,ADMIN,Administrative coverage (doses given / target population),2434729.0,1863756,76.5
COUNTRIES,NGA,Nigeria,2018,DTP3,Diphtheria/Tetanus/Pertussis - 3rd dose,OFFICIAL,Official country-reported coverage estimate,3660613.0,3617801,98.8
COUNTRIES,NGA,Nigeria,2018,DTP3,Diphtheria/Tetanus/Pertussis - 3rd dose,WUENIC,WHO/UNICEF Estimates of National Immunization Coverage,3055696.0,2284594,74.8
COUNTRIES,NGA,Nigeria,2018,MCV1,Measles-containing vaccine - 1st dose,ADMIN,Administrative coverage (doses given / target population),682507.0,575715,84.4
COUNTRIES,NGA,Nigeria,2018,MCV1,Measles-containing vaccine - 1st dose,OFFICIAL,Official country-reported coverage estimate,2117215.0,2038041,96.3
COUNTRIES,NGA,Nigeria,2018,MCV1,Measles-containing vaccine - 1st dose,WUENIC,WHO/UNICEF Estimates of National Immunization Coverage,1144998.0,1074658,93.9
COUNTRIES,NGA,Nigeria,2018,MCV2,Measles-containing vaccine - 2nd dose (booster),ADMIN,Administrative coverage (doses given / target population),4196698.0,3979553,94.8
COUNTRIES,NGA,Nigeria,2018,MCV2,Measles-containing vaccine - 2nd dose (booster),OFFICIAL,Official country-reported coverage estimate,3665992.0,3307290,90.2
COUNTRIES,NGA,Nigeria,2018,MCV2,Measles-containing vaccine - 2nd dose (booster),WUENIC,WHO/UNICEF Estimates of National Immunization Coverage,4377954.0,4101676,93.7
COUNTRIES,NGA,Nigeria,2018,POL3,Polio - 3rd dose,ADMIN,Administrative coverage (doses given / target population),2557048.0,2520624,98.6
COUNTRIES,NGA,Nigeria,2018,POL3,Polio - 3rd dose,OFFICIAL,Official country-reported coverage estimate,2345194.0,2037270,86.9
COUNTRIES,NGA,Nigeria,2018,POL3,Polio - 3rd dose,WUENIC,WHO/UNICEF Estimates of National Immunization Coverage,3151861.0,2877635,91.3
COUNTRIES,NGA,Nigeria,2018,HEPB3,Hepatitis B - 3rd dose,ADMIN,Administrative coverage (doses given / target population),3358237.0,2755627,82.1
COUNTRIES,NGA,Nigeria,2018,HEPB3,Hepatitis B - 3rd dose,OFFICIAL,Official country-reported coverage estimate,725030.0,705003,97.2
COUNTRIES,NGA,Nigeria,2018,HEPB3,Hepatitis B - 3rd dose,WUENIC,WHO/UNICEF Estimates of National Immunization Coverage,248470.0,231550,93.2
COUNTRIES,NGA,Nigeria,2018,PCV3,Pneumococcal conjugate vaccine - 3rd dose,ADMIN,Administrative coverage (doses given / target population),4660869.0,4226952,90.7
COUNTRIES,NGA,Nigeria,2018,PCV3,Pneumococcal conjugate vaccine - 3rd dose,OFFICIAL,Official country-reported coverage estimate,1110915.0,1065203,95.9
COUNTRIES,NGA,Nigeria,2018,PCV3,Pneumococcal conjugate vaccine - 3rd dose,WUENIC,WHO/UNICEF Estimates of National Immunization Coverage,2486702.0,2113310,85.0
COUNTRIES,NGA,Nigeria,2019,BCG,Bacille Calmette-Guerin (Tuberculosis),ADMIN,Administrative coverage (doses given / target population),1753498.0,1702512,
COUNTRIES,NGA,Nigeria,2019,BCG,Bacille Calmette-Guerin (Tuberculosis),OFFICIAL,Official country-reported coverage estimate,1033803.0,974926,94.3
COUNTRIES,NGA,Nigeria,2019,BCG,Bacille Calmette-Guerin (Tuberculosis),WUENIC,WHO/UNICEF Estimates of National Immunization Coverage,2054720.0,2054720,100.0
COUNTRIES,NGA,Nigeria,2019,DTP1,Diphtheria/Tetanus/Pertussis - 1st dose,ADMIN,Administrative coverage (doses given / target population),1263579.0,1210261,95.8
COUNTRIES,NGA,Nigeria,2019,DTP1,Diphtheria/Tetanus/Pertussis - 1st dose,OFFICIAL,Official country-reported coverage estimate,449639.0,449639,100.0
COUNTRIES,NGA,Nigeria,2019,DTP1,Diphtheria/Tetanus/Pertussis - 1st dose,WUENIC,WHO/UNICEF Estimates of National Immunization Coverage,4426641.0,3853203,87.0
COUNTRIES,NGA,Nigeria,2019,DTP3,Diphtheria/Tetanus/Pertussis - 3rd dose,ADMIN,Administrative coverage (doses given / target population),3189460.0,3010845,94.4
COUNTRIES,NGA,Nigeria,2019,DTP3,Diphtheria/Tetanus/Pertussis - 3rd dose,OFFICIAL,Official country-reported coverage estimate,1853970.0,1643966,88.7
COUNTRIES,NGA,Nigeria,2019,DTP3,Diphtheria/Tetanus/Pertussis - 3rd dose,WUENIC,WHO/UNICEF Estimates of National Immunization Coverage,227699.0,194998,85.6
COUNTRIES,NGA,Nigeria,2019,MCV1,Measles-containing vaccine - 1st dose,ADMIN,Administrative coverage (doses given / target population),2418712.0,2268609,93.8
COUNTRIES,NGA,Nigeria,2019,MCV1,Measles-containing vaccine - 1st dose,OFFICIAL,Official country-reported coverage estimate,4795602.0,4193243,87.4
COUNTRIES,NGA,Nigeria,2019,MCV1,Measles-containing vaccine - 1st dose,WUENIC,WHO/UNICEF Estimates of National Immunization Coverage,,2505878,91.2
COUNTRIES,NGA,Nigeria,2019,MCV2,Measles-containing vaccine - 2nd dose (booster),ADMIN,Administrative coverage (doses given / target population),1543736.0,1394237,90.3
COUNTRIES,NGA,Nigeria,2019,MCV2,Measles-containing vaccine - 2nd dose (booster),OFFICIAL,Official country-reported coverage estimate,1589248.0,1336267,84.1
COUNTRIES,NGA,Nigeria,2019,MCV2,Measles-containing vaccine - 2nd dose (booster),WUENIC,WHO/UNICEF Estimates of National Immunization Coverage,,4399225,93.9
COUNTRIES,NGA,Nigeria,2019,POL3,Polio - 3rd dose,ADMIN,Administrative coverage (doses given / target population),73441.0,69497,94.6
COUNTRIES,NGA,Nigeria,2019,POL3,Polio - 3rd dose,OFFICIAL,Official country-reported coverage estimate,4181802.0,3745882,89.6
COUNTRIES,NGA,Nigeria,2019,POL3,Polio - 3rd dose,WUENIC,WHO/UNICEF Estimates of National Immunization Coverage,392666.0,350929,89.4
COUNTRIES,NGA,Nigeria,2019,HEPB3,Hepatitis B - 3rd dose,ADMIN,Administrative coverage (doses given / target population),4582937.0,4138818,90.3
COUNTRIES,NGA,Nigeria,2019,HEPB3,Hepatitis B - 3rd dose,OFFICIAL,Official country-reported coverage estimate,3974553.0,3868469,97.3
COUNTRIES,NGA,Nigeria,2019,HEPB3,Hepatitis B - 3rd dose,WUENIC,WHO/UNICEF Estimates of National Immunization Coverage,2252829.0,1834564,81.4
COUNTRIES,NGA,Nigeria,2019,PCV3,Pneumococcal conjugate vaccine - 3rd dose,ADMIN,Administrative coverage (doses given / target population),1479469.0,1324937,89.6
COUNTRIES,NGA,Nigeria,2019,PCV3,Pneumococcal conjugate vaccine - 3rd dose,OFFICIAL,Official country-reported coverage estimate,1587738.0,1493978,94.1
COUNTRIES,NGA,Nigeria,2019,PCV3,Pneumococcal conjugate vaccine - 3rd dose,WUENIC,WHO/UNICEF Estimates of National Immunization Coverage,1029783.0,1027773,99.8
COUNTRIES,NGA,Nigeria,2020,BCG,Bacille Calmette-Guerin (Tuberculosis),ADMIN,Administrative coverage (doses given / target population),4823647.0,4809507,99.7
COUNTRIES,NGA,Nigeria,2020,BCG,Bacille Calmette-Guerin (Tuberculosis),OFFICIAL,Official country-reported coverage estimate,681104.0,566300,83.1
COUNTRIES,NGA,Nigeria,2020,BCG,Bacille Calmette-Guerin (Tuberculosis),WUENIC,WHO/UNICEF Estimates of National Immunization Coverage,3553827.0,3454596,97.2
COUNTRIES,NGA,Nigeria,2020,DTP1,Diphtheria/Tetanus/Pertussis - 1st dose,ADMIN,Administrative coverage (doses given / target population),3114597.0,2572702,82.6
COUNTRIES,NGA,Nigeria,2020,DTP1,Diphtheria/Tetanus/Pertussis - 1st dose,OFFICIAL,Official country-reported coverage estimate,4218665.0,3884854,92.1
COUNTRIES,NGA,Nigeria,2020,DTP1,Diphtheria/Tetanus/Pertussis - 1st dose,WUENIC,WHO/UNICEF Estimates of National Immunization Coverage,4618362.0,4413746,95.6
COUNTRIES,NGA,Nigeria,2020,DTP3,Diphtheria/Tetanus/Pertussis - 3rd dose,ADMIN,Administrative coverage (doses given / target population),3989153.0,3721745,93.3
COUNTRIES,NGA,Nigeria,2020,DTP3,Diphtheria/Tetanus/Pertussis - 3rd dose,OFFICIAL,Official country-reported coverage estimate,4828602.0,4828602,100.0
COUNTRIES,NGA,Nigeria,2020,DTP3,Diphtheria/Tetanus/Pertussis - 3rd dose,WUENIC,WHO/UNICEF Estimates of National Immunization Coverage,4499661.0,4481179,99.6
COUNTRIES,NGA,Nigeria,2020,MCV1,Measles-containing vaccine - 1st dose,ADMIN,Administrative coverage (doses given / target population),3832904.0,3462202,90.3
COUNTRIES,NGA,Nigeria,2020,MCV1,Measles-containing vaccine - 1st dose,OFFICIAL,Official country-reported coverage estimate,2440545.0,2226879,91.2
COUNTRIES,NGA,Nigeria,2020,MCV1,Measles-containing vaccine - 1st dose,WUENIC,WHO/UNICEF Estimates of National Immunization Coverage,1435619.0,1332228,92.8
COUNTRIES,NGA,Nigeria,2020,MCV2,Measles-containing vaccine - 2nd dose (booster),ADMIN,Administrative coverage (doses given / target population),,1834866,99.7
COUNTRIES,NGA,Nigeria,2020,MCV2,Measles-containing vaccine - 2nd dose (booster),OFFICIAL,Official country-reported coverage estimate,3633058.0,3424210,94.3
COUNTRIES,NGA,Nigeria,2020,MCV2,Measles-containing vaccine - 2nd dose (booster),WUENIC,WHO/UNICEF Estimates of National Immunization Coverage,433308.0,375843,86.7
COUNTRIES,NGA,Nigeria,2020,POL3,Polio - 3rd dose,ADMIN,Administrative coverage (doses given / target population),1008478.0,1008478,100.0
COUNTRIES,NGA,Nigeria,2020,POL3,Polio - 3rd dose,OFFICIAL,Official country-reported coverage estimate,4656888.0,4143592,89.0
COUNTRIES,NGA,Nigeria,2020,POL3,Polio - 3rd dose,WUENIC,WHO/UNICEF Estimates of National Immunization Coverage,,1304467,81.0
COUNTRIES,NGA,Nigeria,2020,HEPB3,Hepatitis B - 3rd dose,ADMIN,Administrative coverage (doses given / target population),829740.0,829740,100.0
COUNTRIES,NGA,Nigeria,2020,HEPB3,Hepatitis B - 3rd dose,OFFICIAL,Official country-reported coverage estimate,4100386.0,3737012,91.1
COUNTRIES,NGA,Nigeria,2020,HEPB3,Hepatitis B - 3rd dose,WUENIC,WHO/UNICEF Estimates of National Immunization Coverage,1132585.0,1083729,95.7
COUNTRIES,NGA,Nigeria,2020,PCV3,Pneumococcal conjugate vaccine - 3rd dose,ADMIN,Administrative coverage (doses given / target population),4362072.0,4332770,99.3
COUNTRIES,NGA,Nigeria,2020,PCV3,Pneumococcal conjugate vaccine - 3rd dose,OFFICIAL,Official country-reported coverage estimate,4887104.0,4412525,90.3
COUNTRIES,NGA,Nigeria,2020,PCV3,Pneumococcal conjugate vaccine - 3rd dose,WUENIC,WHO/UNICEF Estimates of National Immunization Coverage,1808940.0,1615078,89.3
COUNTRIES,NGA,Nigeria,2021,BCG,Bacille Calmette-Guerin (Tuberculosis),ADMIN,Administrative coverage (doses given / target population),810329.0,722401,89.1
COUNTRIES,NGA,Nigeria,2021,BCG,Bacille Calmette-Guerin (Tuberculosis),OFFICIAL,Official country-reported coverage estimate,785540.0,739731,94.2
COUNTRIES,NGA,Nigeria,2021,BCG,Bacille Calmette-Guerin (Tuberculosis),WUENIC,WHO/UNICEF Estimates of National Immunization Coverage,2864420.0,2765413,96.5
COUNTRIES,NGA,Nigeria,2021,DTP1,Diphtheria/Tetanus/Pertussis - 1st dose,ADMIN,Administrative coverage (doses given / target population),3317443.0,3175199,95.7
COUNTRIES,NGA,Nigeria,2021,DTP1,Diphtheria/Tetanus/Pertussis - 1st dose,OFFICIAL,Official country-reported coverage estimate,3148648.0,2837560,90.1
COUNTRIES,NGA,Nigeria,2021,DTP1,Diphtheria/Tetanus/Pertussis - 1st dose,WUENIC,WHO/UNICEF Estimates of National Immunization Coverage,4321930.0,3596947,83.2
COUNTRIES,NGA,Nigeria,2021,DTP3,Diphtheria/Tetanus/Pertussis - 3rd dose,ADMIN,Administrative coverage (doses given / target population),3108055.0,3108055,100.0
COUNTRIES,NGA,Nigeria,2021,DTP3,Diphtheria/Tetanus/Pertussis - 3rd dose,OFFICIAL,Official country-reported coverage estimate,681589.0,596527,87.5
COUNTRIES,NGA,Nigeria,2021,DTP3,Diphtheria/Tetanus/Pertussis - 3rd dose,WUENIC,WHO/UNICEF Estimates of National Immunization Coverage,1772108.0,1772108,100.0
COUNTRIES,NGA,Nigeria,2021,MCV1,Measles-containing vaccine - 1st dose,ADMIN,Administrative coverage (doses given / target population),2065428.0,2033618,98.5
COUNTRIES,NGA,Nigeria,2021,MCV1,Measles-containing vaccine - 1st dose,OFFICIAL,Official country-reported coverage estimate,2217315.0,2057695,92.8
COUNTRIES,NGA,Nigeria,2021,MCV1,Measles-containing vaccine - 1st dose,WUENIC,WHO/UNICEF Estimates of National Immunization Coverage,1661645.0,1518355,91.4
COUNTRIES,NGA,Nigeria,2021,MCV2,Measles-containing vaccine - 2nd dose (booster),ADMIN,Administrative coverage (doses given / target population),3865327.0,3671142,95.0
COUNTRIES,NGA,Nigeria,2021,MCV2,Measles-containing vaccine - 2nd dose (booster),OFFICIAL,Official country-reported coverage estimate,3101421.0,2906681,93.7
COUNTRIES,NGA,Nigeria,2021,MCV2,Measles-containing vaccine - 2nd dose (booster),WUENIC,WHO/UNICEF Estimates of National Immunization Coverage,1637633.0,1427433,87.2
COUNTRIES,NGA,Nigeria,2021,POL3,Polio - 3rd dose,ADMIN,Administrative coverage (doses given / target population),852364.0,836680,98.2
COUNTRIES,NGA,Nigeria,2021,POL3,Polio - 3rd dose,OFFICIAL,Official country-reported coverage estimate,2202060.0,2126331,96.6
COUNTRIES,NGA,Nigeria,2021,POL3,Polio - 3rd dose,WUENIC,WHO/UNICEF Estimates of National Immunization Coverage,4518152.0,4111857,91.0
COUNTRIES,NGA,Nigeria,2021,HEPB3,Hepatitis B - 3rd dose,ADMIN,Administrative coverage (doses given / target population),885921.0,771275,87.1
COUNTRIES,NGA,Nigeria,2021,HEPB3,Hepatitis B - 3rd dose,OFFICIAL,Official country-reported coverage estimate,4119698.0,3411945,
COUNTRIES,NGA,Nigeria,2021,HEPB3,Hepatitis B - 3rd dose,WUENIC,WHO/UNICEF Estimates of National Immunization Coverage,,546642,94.1
COUNTRIES,NGA,Nigeria,2021,PCV3,Pneumococcal conjugate vaccine - 3rd dose,ADMIN,Administrative coverage (doses given / target population),205809.0,185213,90.0
COUNTRIES,NGA,Nigeria,2021,PCV3,Pneumococcal conjugate vaccine - 3rd dose,OFFICIAL,Official country-reported coverage estimate,2565554.0,1921583,74.9
COUNTRIES,NGA,Nigeria,2021,PCV3,Pneumococcal conjugate vaccine - 3rd dose,WUENIC,WHO/UNICEF Estimates of National Immunization Coverage,540012.0,536545,99.4
COUNTRIES,NGA,Nigeria,2022,BCG,Bacille Calmette-Guerin (Tuberculosis),ADMIN,Administrative coverage (doses given / target population),2457089.0,2187922,89.0
COUNTRIES,NGA,Nigeria,2022,BCG,Bacille Calmette-Guerin (Tuberculosis),OFFICIAL,Official country-reported coverage estimate,4867843.0,4122525,84.7
COUNTRIES,NGA,Nigeria,2022,BCG,Bacille Calmette-Guerin (Tuberculosis),WUENIC,WHO/UNICEF Estimates of National Immunization Coverage,380787.0,380787,100.0
COUNTRIES,NGA,Nigeria,2022,DTP1,Diphtheria/Tetanus/Pertussis - 1st dose,ADMIN,Administrative coverage (doses given / target population),3612417.0,3423607,94.8
COUNTRIES,NGA,Nigeria,2022,DTP1,Diphtheria/Tetanus/Pertussis - 1st dose,OFFICIAL,Official country-reported coverage estimate,3206164.0,3206164,100.0
COUNTRIES,NGA,Nigeria,2022,DTP1,Diphtheria/Tetanus/Pertussis - 1st dose,WUENIC,WHO/UNICEF Estimates of National Immunization Coverage,135749.0,123794,91.2
COUNTRIES,NGA,Nigeria,2022,DTP3,Diphtheria/Tetanus/Pertussis - 3rd dose,ADMIN,Administrative coverage (doses given / target population),2371575.0,2121937,89.5
COUNTRIES,NGA,Nigeria,2022,DTP3,Diphtheria/Tetanus/Pertussis - 3rd dose,OFFICIAL,Official country-reported coverage estimate,3600100.0,3459424,96.1
COUNTRIES,NGA,Nigeria,2022,DTP3,Diphtheria/Tetanus/Pertussis - 3rd dose,WUENIC,WHO/UNICEF Estimates of National Immunization Coverage,,322146,
COUNTRIES,NGA,Nigeria,2022,MCV1,Measles-containing vaccine - 1st dose,ADMIN,Administrative coverage (doses given / target population),3750674.0,3750674,100.0
COUNTRIES,NGA,Nigeria,2022,MCV1,Measles-containing vaccine - 1st dose,OFFICIAL,Official country-reported coverage estimate,3919697.0,3619754,92.3
COUNTRIES,NGA,Nigeria,2022,MCV1,Measles-containing vaccine - 1st dose,WUENIC,WHO/UNICEF Estimates of National Immunization Coverage,1005792.0,941195,93.6
COUNTRIES,NGA,Nigeria,2022,MCV2,Measles-containing vaccine - 2nd dose (booster),ADMIN,Administrative coverage (doses given / target population),4288333.0,4288333,100.0
COUNTRIES,NGA,Nigeria,2022,MCV2,Measles-containing vaccine - 2nd dose (booster),OFFICIAL,Official country-reported coverage estimate,2203124.0,2176925,98.8
COUNTRIES,NGA,Nigeria,2022,MCV2,Measles-containing vaccine - 2nd dose (booster),WUENIC,WHO/UNICEF Estimates of National Immunization Coverage,3329521.0,2952799,
COUNTRIES,NGA,Nigeria,2022,POL3,Polio - 3rd dose,ADMIN,Administrative coverage (doses given / target population),3539283.0,3390325,95.8
COUNTRIES,NGA,Nigeria,2022,POL3,Polio - 3rd dose,OFFICIAL,Official country-reported coverage estimate,1886015.0,1866483,99.0
COUNTRIES,NGA,Nigeria,2022,POL3,Polio - 3rd dose,WUENIC,WHO/UNICEF Estimates of National Immunization Coverage,1878195.0,1602376,85.3
COUNTRIES,NGA,Nigeria,2022,HEPB3,Hepatitis B - 3rd dose,ADMIN,Administrative coverage (doses given / target population),2553523.0,2167213,84.9
COUNTRIES,NGA,Nigeria,2022,HEPB3,Hepatitis B - 3rd dose,OFFICIAL,Official country-reported coverage estimate,2685532.0,2213612,82.4
COUNTRIES,NGA,Nigeria,2022,HEPB3,Hepatitis B - 3rd dose,WUENIC,WHO/UNICEF Estimates of National Immunization Coverage,1116700.0,1046236,93.7
COUNTRIES,NGA,Nigeria,2022,PCV3,Pneumococcal conjugate vaccine - 3rd dose,ADMIN,Administrative coverage (doses given / target population),1964839.0,1826368,93.0
COUNTRIES,NGA,Nigeria,2022,PCV3,Pneumococcal conjugate vaccine - 3rd dose,OFFICIAL,Official country-reported coverage estimate,1032989.0,820922,79.5
COUNTRIES,NGA,Nigeria,2022,PCV3,Pneumococcal conjugate vaccine - 3rd dose,WUENIC,WHO/UNICEF Estimates of National Immunization Coverage,1161837.0,1069543,92.1
COUNTRIES,NGA,Nigeria,2023,BCG,Bacille Calmette-Guerin (Tuberculosis),ADMIN,Administrative coverage (doses given / target population),4478705.0,4478705,100.0
COUNTRIES,NGA,Nigeria,2023,BCG,Bacille Calmette-Guerin (Tuberculosis),OFFICIAL,Official country-reported coverage estimate,543709.0,495259,91.1
COUNTRIES,NGA,Nigeria,2023,BCG,Bacille Calmette-Guerin (Tuberculosis),WUENIC,WHO/UNICEF Estimates of National Immunization Coverage,4782430.0,4782430,100.0
COUNTRIES,NGA,Nigeria,2023,DTP1,Diphtheria/Tetanus/Pertussis - 1st dose,ADMIN,Administrative coverage (doses given / target population),2006047.0,1942113,96.8
COUNTRIES,NGA,Nigeria,2023,DTP1,Diphtheria/Tetanus/Pertussis - 1st dose,OFFICIAL,Official country-reported coverage estimate,1492080.0,1404354,94.1
COUNTRIES,NGA,Nigeria,2023,DTP1,Diphtheria/Tetanus/Pertussis - 1st dose,WUENIC,WHO/UNICEF Estimates of National Immunization Coverage,3651874.0,3582441,98.1
COUNTRIES,NGA,Nigeria,2023,DTP3,Diphtheria/Tetanus/Pertussis - 3rd dose,ADMIN,Administrative coverage (doses given / target population),3814702.0,3378916,88.6
COUNTRIES,NGA,Nigeria,2023,DTP3,Diphtheria/Tetanus/Pertussis - 3rd dose,OFFICIAL,Official country-reported coverage estimate,3768826.0,3210853,85.2
COUNTRIES,NGA,Nigeria,2023,DTP3,Diphtheria/Tetanus/Pertussis - 3rd dose,WUENIC,WHO/UNICEF Estimates of National Immunization Coverage,1820529.0,1736844,95.4
COUNTRIES,NGA,Nigeria,2023,MCV1,Measles-containing vaccine - 1st dose,ADMIN,Administrative coverage (doses given / target population),1975946.0,1773121,89.7
COUNTRIES,NGA,Nigeria,2023,MCV1,Measles-containing vaccine - 1st dose,OFFICIAL,Official country-reported coverage estimate,1403477.0,1309401,93.3
COUNTRIES,NGA,Nigeria,2023,MCV1,Measles-containing vaccine - 1st dose,WUENIC,WHO/UNICEF Estimates of National Immunization Coverage,3550058.0,3088652,87.0
COUNTRIES,NGA,Nigeria,2023,MCV2,Measles-containing vaccine - 2nd dose (booster),ADMIN,Administrative coverage (doses given / target population),2773686.0,2532691,91.3
COUNTRIES,NGA,Nigeria,2023,MCV2,Measles-containing vaccine - 2nd dose (booster),OFFICIAL,Official country-reported coverage estimate,2142902.0,2043682,95.4
COUNTRIES,NGA,Nigeria,2023,MCV2,Measles-containing vaccine - 2nd dose (booster),WUENIC,WHO/UNICEF Estimates of National Immunization Coverage,2431559.0,2104090,86.5
COUNTRIES,NGA,Nigeria,2023,POL3,Polio - 3rd dose,ADMIN,Administrative coverage (doses given / target population),589601.0,509086,86.3
COUNTRIES,NGA,Nigeria,2023,POL3,Polio - 3rd dose,OFFICIAL,Official country-reported coverage estimate,4084611.0,3677591,90.0
COUNTRIES,NGA,Nigeria,2023,POL3,Polio - 3rd dose,WUENIC,WHO/UNICEF Estimates of National Immunization Coverage,1420391.0,1420391,100.0
COUNTRIES,NGA,Nigeria,2023,HEPB3,Hepatitis B - 3rd dose,ADMIN,Administrative coverage (doses given / target population),1241727.0,1184791,95.4
COUNTRIES,NGA,Nigeria,2023,HEPB3,Hepatitis B - 3rd dose,OFFICIAL,Official country-reported coverage estimate,1195125.0,1152403,96.4
COUNTRIES,NGA,Nigeria,2023,HEPB3,Hepatitis B - 3rd dose,WUENIC,WHO/UNICEF Estimates of National Immunization Coverage,2364048.0,1909912,80.8
COUNTRIES,NGA,Nigeria,2023,PCV3,Pneumococcal conjugate vaccine - 3rd dose,ADMIN,Administrative coverage (doses given / target population),4553966.0,4553966,100.0
COUNTRIES,NGA,Nigeria,2023,PCV3,Pneumococcal conjugate vaccine - 3rd dose,OFFICIAL,Official country-reported coverage estimate,3771314.0,3553601,94.2
COUNTRIES,NGA,Nigeria,2023,PCV3,Pneumococcal conjugate vaccine - 3rd dose,WUENIC,WHO/UNICEF Estimates of National Immunization Coverage,1859207.0,1798259,96.7
COUNTRIES,BRA,Brazil,2010,BCG,Bacille Calmette-Guerin (Tuberculosis),ADMIN,Administrative coverage (doses given / target population),697907.0,583523,83.6
COUNTRIES,BRA,Brazil,2010,BCG,Bacille Calmette-Guerin (Tuberculosis),OFFICIAL,Official country-reported coverage estimate,4309262.0,2936454,68.1
COUNTRIES,BRA,Brazil,2010,BCG,Bacille Calmette-Guerin (Tuberculosis),WUENIC,WHO/UNICEF Estimates of National Immunization Coverage,1877900.0,1492903,79.5
COUNTRIES,BRA,Brazil,2010,DTP1,Diphtheria/Tetanus/Pertussis - 1st dose,ADMIN,Administrative coverage (doses given / target population),342244.0,294702,86.1
COUNTRIES,BRA,Brazil,2010,DTP1,Diphtheria/Tetanus/Pertussis - 1st dose,OFFICIAL,Official country-reported coverage estimate,4653516.0,3552762,76.3
COUNTRIES,BRA,Brazil,2010,DTP1,Diphtheria/Tetanus/Pertussis - 1st dose,WUENIC,WHO/UNICEF Estimates of National Immunization Coverage,167159.0,118062,70.6
COUNTRIES,BRA,Brazil,2010,DTP3,Diphtheria/Tetanus/Pertussis - 3rd dose,ADMIN,Administrative coverage (doses given / target population),4342502.0,2681006,61.7
COUNTRIES,BRA,Brazil,2010,DTP3,Diphtheria/Tetanus/Pertussis - 3rd dose,OFFICIAL,Official country-reported coverage estimate,2233260.0,1721988,77.1
COUNTRIES,BRA,Brazil,2010,DTP3,Diphtheria/Tetanus/Pertussis - 3rd dose,WUENIC,WHO/UNICEF Estimates of National Immunization Coverage,4454408.0,3371543,75.7
COUNTRIES,BRA,Brazil,2010,MCV1,Measles-containing vaccine - 1st dose,ADMIN,Administrative coverage (doses given / target population),1826034.0,1559943,85.4
COUNTRIES,BRA,Brazil,2010,MCV1,Measles-containing vaccine - 1st dose,OFFICIAL,Official country-reported coverage estimate,2331610.0,1800340,77.2
COUNTRIES,BRA,Brazil,2010,MCV1,Measles-containing vaccine - 1st dose,WUENIC,WHO/UNICEF Estimates of National Immunization Coverage,2924221.0,2396121,81.9
COUNTRIES,BRA,Brazil,2010,MCV2,Measles-containing vaccine - 2nd dose (booster),ADMIN,Administrative coverage (doses given / target population),2412143.0,1967560,81.6
COUNTRIES,BRA,Brazil,2010,MCV2,Measles-containing vaccine - 2nd dose (booster),OFFICIAL,Official country-reported coverage estimate,2284203.0,1921601,84.1
COUNTRIES,BRA,Brazil,2010,MCV2,Measles-containing vaccine - 2nd dose (booster),WUENIC,WHO/UNICEF Estimates of National Immunization Coverage,2862428.0,2039418,71.2
COUNTRIES,BRA,Brazil,2010,POL3,Polio - 3rd dose,ADMIN,Administrative coverage (doses given / target population),4948085.0,3586384,72.5
COUNTRIES,BRA,Brazil,2010,POL3,Polio - 3rd dose,OFFICIAL,Official country-reported coverage estimate,587852.0,486342,82.7
COUNTRIES,BRA,Brazil,2010,POL3,Polio - 3rd dose,WUENIC,WHO/UNICEF Estimates of National Immunization Coverage,390021.0,283370,72.7
COUNTRIES,BRA,Brazil,2010,HEPB3,Hepatitis B - 3rd dose,ADMIN,Administrative coverage (doses given / target population),4246792.0,3708937,87.3
COUNTRIES,BRA,Brazil,2010,HEPB3,Hepatitis B - 3rd dose,OFFICIAL,Official country-reported coverage estimate,636747.0,530259,83.3
COUNTRIES,BRA,Brazil,2010,HEPB3,Hepatitis B - 3rd dose,WUENIC,WHO/UNICEF Estimates of National Immunization Coverage,4455000.0,3548788,79.7
COUNTRIES,BRA,Brazil,2010,PCV3,Pneumococcal conjugate vaccine - 3rd dose,ADMIN,Administrative coverage (doses given / target population),3757544.0,3247266,86.4
COUNTRIES,BRA,Brazil,2010,PCV3,Pneumococcal conjugate vaccine - 3rd dose,OFFICIAL,Official country-reported coverage estimate,1377021.0,1057784,76.8
COUNTRIES,BRA,Brazil,2010,PCV3,Pneumococcal conjugate vaccine - 3rd dose,WUENIC,WHO/UNICEF Estimates of National Immunization Coverage,2187636.0,1606104,73.4
COUNTRIES,BRA,Brazil,2011,BCG,Bacille Calmette-Guerin (Tuberculosis),ADMIN,Administrative coverage (doses given / target population),1755972.0,1438913,81.9
COUNTRIES,BRA,Brazil,2011,BCG,Bacille Calmette-Guerin (Tuberculosis),OFFICIAL,Official country-reported coverage estimate,1116412.0,772941,69.2
COUNTRIES,BRA,Brazil,2011,BCG,Bacille Calmette-Guerin (Tuberculosis),WUENIC,WHO/UNICEF Estimates of National Immunization Coverage,890509.0,661565,74.3
COUNTRIES,BRA,Brazil,2011,DTP1,Diphtheria/Tetanus/Pertussis - 1st dose,ADMIN,Administrative coverage (doses given / target population),3165453.0,2419798,76.4
COUNTRIES,BRA,Brazil,2011,DTP1,Diphtheria/Tetanus/Pertussis - 1st dose,OFFICIAL,Official country-reported coverage estimate,4749002.0,3342411,70.4
COUNTRIES,BRA,Brazil,2011,DTP1,Diphtheria/Tetanus/Pertussis - 1st dose,WUENIC,WHO/UNICEF Estimates of National Immunization Coverage,65586.0,48707,74.3
COUNTRIES,BRA,Brazil,2011,DTP3,Diphtheria/Tetanus/Pertussis - 3rd dose,ADMIN,Administrative coverage (doses given / target population),3422580.0,2849846,83.3
COUNTRIES,BRA,Brazil,2011,DTP3,Diphtheria/Tetanus/Pertussis - 3rd dose,OFFICIAL,Official country-reported coverage estimate,1166957.0,907448,
COUNTRIES,BRA,Brazil,2011,DTP3,Diphtheria/Tetanus/Pertussis - 3rd dose,WUENIC,WHO/UNICEF Estimates of National Immunization Coverage,4069341.0,3104279,
COUNTRIES,BRA,Brazil,2011,MCV1,Measles-containing vaccine - 1st dose,ADMIN,Administrative coverage (doses given / target population),,2845205,73.7
COUNTRIES,BRA,Brazil,2011,MCV1,Measles-containing vaccine - 1st dose,OFFICIAL,Official country-reported coverage estimate,743274.0,533342,71.8
COUNTRIES,BRA,Brazil,2011,MCV1,Measles-containing vaccine - 1st dose,WUENIC,WHO/UNICEF Estimates of National Immunization Coverage,2130330.0,1594082,74.8
COUNTRIES,BRA,Brazil,2011,MCV2,Measles-containing vaccine - 2nd dose (booster),ADMIN,Administrative coverage (doses given / target population),1214519.0,870275,71.7
COUNTRIES,BRA,Brazil,2011,MCV2,Measles-containing vaccine - 2nd dose (booster),OFFICIAL,Official country-reported coverage estimate,2830240.0,2349526,83.0
COUNTRIES,BRA,Brazil,2011,MCV2,Measles-containing vaccine - 2nd dose (booster),WUENIC,WHO/UNICEF Estimates of National Immunization Coverage,1359758.0,939786,69.1
COUNTRIES,BRA,Brazil,2011,POL3,Polio - 3rd dose,ADMIN,Administrative coverage (doses given / target population),3512669.0,2715897,77.3
COUNTRIES,BRA,Brazil,2011,POL3,Polio - 3rd dose,OFFICIAL,Official country-reported coverage estimate,1302522.0,1050951,80.7
COUNTRIES,BRA,Brazil,2011,POL3,Polio - 3rd dose,WUENIC,WHO/UNICEF Estimates of National Immunization Coverage,2915171.0,2038148,69.9
COUNTRIES,BRA,Brazil,2011,HEPB3,Hepatitis B - 3rd dose,ADMIN,Administrative coverage (doses given / target population),1922674.0,1366299,71.1
COUNTRIES,BRA,Brazil,2011,HEPB3,Hepatitis B - 3rd dose,OFFICIAL,Official country-reported coverage estimate,3399133.0,2882787,84.8
COUNTRIES,BRA,Brazil,2011,HEPB3,Hepatitis B - 3rd dose,WUENIC,WHO/UNICEF Estimates of National Immunization Coverage,71313.0,46604,65.4
COUNTRIES,BRA,Brazil,2011,PCV3,Pneumococcal conjugate vaccine - 3rd dose,ADMIN,Administrative coverage (doses given / target population),4420656.0,3791797,85.8
COUNTRIES,BRA,Brazil,2011,PCV3,Pneumococcal conjugate vaccine - 3rd dose,OFFICIAL,Official country-reported coverage estimate,241289.0,187526,77.7
COUNTRIES,BRA,Brazil,2011,PCV3,Pneumococcal conjugate vaccine - 3rd dose,WUENIC,WHO/UNICEF Estimates of National Immunization Coverage,3657929.0,2722172,74.4
COUNTRIES,BRA,Brazil,2012,BCG,Bacille Calmette-Guerin (Tuberculosis),ADMIN,Administrative coverage (doses given / target population),,3179195,78.3
COUNTRIES,BRA,Brazil,2012,BCG,Bacille Calmette-Guerin (Tuberculosis),OFFICIAL,Official country-reported coverage estimate,1724971.0,1120726,65.0
COUNTRIES,BRA,Brazil,2012,BCG,Bacille Calmette-Guerin (Tuberculosis),WUENIC,WHO/UNICEF Estimates of National Immunization Coverage,3748025.0,3174330,84.7
COUNTRIES,BRA,Brazil,2012,DTP1,Diphtheria/Tetanus/Pertussis - 1st dose,ADMIN,Administrative coverage (doses given / target population),905379.0,690837,76.3
COUNTRIES,BRA,Brazil,2012,DTP1,Diphtheria/Tetanus/Pertussis - 1st dose,OFFICIAL,Official country-reported coverage estimate,1017704.0,719701,70.7
COUNTRIES,BRA,Brazil,2012,DTP1,Diphtheria/Tetanus/Pertussis - 1st dose,WUENIC,WHO/UNICEF Estimates of National Immunization Coverage,3718246.0,2900001,78.0
COUNTRIES,BRA,Brazil,2012,DTP3,Diphtheria/Tetanus/Pertussis - 3rd dose,ADMIN,Administrative coverage (doses given / target population),4315981.0,3222283,74.7
COUNTRIES,BRA,Brazil,2012,DTP3,Diphtheria/Tetanus/Pertussis - 3rd dose,OFFICIAL,Official country-reported coverage estimate,714600.0,584200,81.8
COUNTRIES,BRA,Brazil,2012,DTP3,Diphtheria/Tetanus/Pertussis - 3rd dose,WUENIC,WHO/UNICEF Estimates of National Immunization Coverage,4915786.0,3979914,81.0
COUNTRIES,BRA,Brazil,2012,MCV1,Measles-containing vaccine - 1st dose,ADMIN,Administrative coverage (doses given / target population),1253499.0,1109389,88.5
COUNTRIES,BRA,Brazil,2012,MCV1,Measles-containing vaccine - 1st dose,OFFICIAL,Official country-reported coverage estimate,4620567.0,3355975,72.6
COUNTRIES,BRA,Brazil,2012,MCV1,Measles-containing vaccine - 1st dose,WUENIC,WHO/UNICEF Estimates of National Immunization Coverage,480533.0,412455,85.8
COUNTRIES,BRA,Brazil,2012,MCV2,Measles-containing vaccine - 2nd dose (booster),ADMIN,Administrative coverage (doses given / target population),3785137.0,3278839,86.6
COUNTRIES,BRA,Brazil,2012,MCV2,Measles-containing vaccine - 2nd dose (booster),OFFICIAL,Official country-reported coverage estimate,698512.0,538990,77.2
COUNTRIES,BRA,Brazil,2012,MCV2,Measles-containing vaccine - 2nd dose (booster),WUENIC,WHO/UNICEF Estimates of National Immunization Coverage,1042784.0,909156,87.2
COUNTRIES,BRA,Brazil,2012,POL3,Polio - 3rd dose,ADMIN,Administrative coverage (doses given / target population),1228024.0,984978,80.2
COUNTRIES,BRA,Brazil,2012,POL3,Polio - 3rd dose,OFFICIAL,Official country-reported coverage estimate,1482677.0,1152495,77.7
COUNTRIES,BRA,Brazil,2012,POL3,Polio - 3rd dose,WUENIC,WHO/UNICEF Estimates of National Immunization Coverage,2717334.0,2194685,80.8
COUNTRIES,BRA,Brazil,2012,HEPB3,Hepatitis B - 3rd dose,ADMIN,Administrative coverage (doses given / target population),4023466.0,3119094,77.5
COUNTRIES,BRA,Brazil,2012,HEPB3,Hepatitis B - 3rd dose,OFFICIAL,Official country-reported coverage estimate,636874.0,506368,79.5
COUNTRIES,BRA,Brazil,2012,HEPB3,Hepatitis B - 3rd dose,WUENIC,WHO/UNICEF Estimates of National Immunization Coverage,1310905.0,982764,75.0
COUNTRIES,BRA,Brazil,2012,PCV3,Pneumococcal conjugate vaccine - 3rd dose,ADMIN,Administrative coverage (doses given / target population),,2501316,96.5
COUNTRIES,BRA,Brazil,2012,PCV3,Pneumococcal conjugate vaccine - 3rd dose,OFFICIAL,Official country-reported coverage estimate,,1394940,68.4
COUNTRIES,BRA,Brazil,2012,PCV3,Pneumococcal conjugate vaccine - 3rd dose,WUENIC,WHO/UNICEF Estimates of National Immunization Coverage,,2367252,74.5
COUNTRIES,BRA,Brazil,2013,BCG,Bacille Calmette-Guerin (Tuberculosis),ADMIN,Administrative coverage (doses given / target population),2026016.0,1679592,82.9
COUNTRIES,BRA,Brazil,2013,BCG,Bacille Calmette-Guerin (Tuberculosis),OFFICIAL,Official country-reported coverage estimate,3943766.0,3313076,84.0
COUNTRIES,BRA,Brazil,2013,BCG,Bacille Calmette-Guerin (Tuberculosis),WUENIC,WHO/UNICEF Estimates of National Immunization Coverage,,2780033,86.5
COUNTRIES,BRA,Brazil,2013,DTP1,Diphtheria/Tetanus/Pertussis - 1st dose,ADMIN,Administrative coverage (doses given / target population),1994009.0,1719416,86.2
COUNTRIES,BRA,Brazil,2013,DTP1,Diphtheria/Tetanus/Pertussis - 1st dose,OFFICIAL,Official country-reported coverage estimate,4591108.0,3001254,65.4
COUNTRIES,BRA,Brazil,2013,DTP1,Diphtheria/Tetanus/Pertussis - 1st dose,WUENIC,WHO/UNICEF Estimates of National Immunization Coverage,408774.0,333915,81.7
COUNTRIES,BRA,Brazil,2013,DTP3,Diphtheria/Tetanus/Pertussis - 3rd dose,ADMIN,Administrative coverage (doses given / target population),1176922.0,1011021,85.9
COUNTRIES,BRA,Brazil,2013,DTP3,Diphtheria/Tetanus/Pertussis - 3rd dose,OFFICIAL,Official country-reported coverage estimate,2730260.0,2032738,74.5
COUNTRIES,BRA,Brazil,2013,DTP3,Diphtheria/Tetanus/Pertussis - 3rd dose,WUENIC,WHO/UNICEF Estimates of National Immunization Coverage,1563711.0,1255854,80.3
COUNTRIES,BRA,Brazil,2013,MCV1,Measles-containing vaccine - 1st dose,ADMIN,Administrative coverage (doses given / target population),3032547.0,2460463,81.1
COUNTRIES,BRA,Brazil,2013,MCV1,Measles-containing vaccine - 1st dose,OFFICIAL,Official country-reported coverage estimate,685051.0,588759,85.9
COUNTRIES,BRA,Brazil,2013,MCV1,Measles-containing vaccine - 1st dose,WUENIC,WHO/UNICEF Estimates of National Immunization Coverage,574439.0,489880,85.3
COUNTRIES,BRA,Brazil,2013,MCV2,Measles-containing vaccine - 2nd dose (booster),ADMIN,Administrative coverage (doses given / target population),3655456.0,2905594,79.5
COUNTRIES,BRA,Brazil,2013,MCV2,Measles-containing vaccine - 2nd dose (booster),OFFICIAL,Official country-reported coverage estimate,977169.0,689980,70.6
COUNTRIES,BRA,Brazil,2013,MCV2,Measles-containing vaccine - 2nd dose (booster),WUENIC,WHO/UNICEF Estimates of National Immunization Coverage,2660915.0,2194060,82.5
COUNTRIES,BRA,Brazil,2013,POL3,Polio - 3rd dose,ADMIN,Administrative coverage (doses given / target population),848147.0,650288,76.7
COUNTRIES,BRA,Brazil,2013,POL3,Polio - 3rd dose,OFFICIAL,Official country-reported coverage estimate,,3132515,83.3
COUNTRIES,BRA,Brazil,2013,POL3,Polio - 3rd dose,WUENIC,WHO/UNICEF Estimates of National Immunization Coverage,4934581.0,3935701,79.8
COUNTRIES,BRA,Brazil,2013,HEPB3,Hepatitis B - 3rd dose,ADMIN,Administrative coverage (doses given / target population),1229775.0,968101,78.7
COUNTRIES,BRA,Brazil,2013,HEPB3,Hepatitis B - 3rd dose,OFFICIAL,Official country-reported coverage estimate,2550438.0,1998647,78.4
COUNTRIES,BRA,Brazil,2013,HEPB3,Hepatitis B - 3rd dose,WUENIC,WHO/UNICEF Estimates of National Immunization Coverage,2934089.0,2208547,75.3
COUNTRIES,BRA,Brazil,2013,PCV3,Pneumococcal conjugate vaccine - 3rd dose,ADMIN,Administrative coverage (doses given / target population),4806981.0,4185636,
COUNTRIES,BRA,Brazil,2013,PCV3,Pneumococcal conjugate vaccine - 3rd dose,OFFICIAL,Official country-reported coverage estimate,4570111.0,3777406,82.7
COUNTRIES,BRA,Brazil,2013,PCV3,Pneumococcal conjugate vaccine - 3rd dose,WUENIC,WHO/UNICEF Estimates of National Immunization Coverage,1483032.0,1157033,78.0
COUNTRIES,BRA,Brazil,2014,BCG,Bacille Calmette-Guerin (Tuberculosis),ADMIN,Administrative coverage (doses given / target population),3405960.0,2398945,
COUNTRIES,BRA,Brazil,2014,BCG,Bacille Calmette-Guerin (Tuberculosis),OFFICIAL,Official country-reported coverage estimate,1717916.0,1190136,69.3
COUNTRIES,BRA,Brazil,2014,BCG,Bacille Calmette-Guerin (Tuberculosis),WUENIC,WHO/UNICEF Estimates of National Immunization Coverage,3986399.0,3362431,84.3
COUNTRIES,BRA,Brazil,2014,DTP1,Diphtheria/Tetanus/Pertussis - 1st dose,ADMIN,Administrative coverage (doses given / target population),4080281.0,3841932,94.2
COUNTRIES,BRA,Brazil,2014,DTP1,Diphtheria/Tetanus/Pertussis - 1st dose,OFFICIAL,Official country-reported coverage estimate,4593406.0,3364027,73.2
COUNTRIES,BRA,Brazil,2014,DTP1,Diphtheria/Tetanus/Pertussis - 1st dose,WUENIC,WHO/UNICEF Estimates of National Immunization Coverage,1809934.0,1640280,90.6
COUNTRIES,BRA,Brazil,2014,DTP3,Diphtheria/Tetanus/Pertussis - 3rd dose,ADMIN,Administrative coverage (doses given / target population),3209206.0,2791532,87.0
COUNTRIES,BRA,Brazil,2014,DTP3,Diphtheria/Tetanus/Pertussis - 3rd dose,OFFICIAL,Official country-reported coverage estimate,1149407.0,933095,81.2
COUNTRIES,BRA,Brazil,2014,DTP3,Diphtheria/Tetanus/Pertussis - 3rd dose,WUENIC,WHO/UNICEF Estimates of National Immunization Coverage,514348.0,410700,79.8
COUNTRIES,BRA,Brazil,2014,MCV1,Measles-containing vaccine - 1st dose,ADMIN,Administrative coverage (doses given / target population),531756.0,402245,75.6
COUNTRIES,BRA,Brazil,2014,MCV1,Measles-containing vaccine - 1st dose,OFFICIAL,Official country-reported coverage estimate,1456053.0,1154663,79.3
COUNTRIES,BRA,Brazil,2014,MCV1,Measles-containing vaccine - 1st dose,WUENIC,WHO/UNICEF Estimates of National Immunization Coverage,3069803.0,2475721,80.6
COUNTRIES,BRA,Brazil,2014,MCV2,Measles-containing vaccine - 2nd dose (booster),ADMIN,Administrative coverage (doses given / target population),4900893.0,4045047,82.5
COUNTRIES,BRA,Brazil,2014,MCV2,Measles-containing vaccine - 2nd dose (booster),OFFICIAL,Official country-reported coverage estimate,1285040.0,901410,70.1
COUNTRIES,BRA,Brazil,2014,MCV2,Measles-containing vaccine - 2nd dose (booster),WUENIC,WHO/UNICEF Estimates of National Immunization Coverage,3862455.0,3312750,85.8
COUNTRIES,BRA,Brazil,2014,POL3,Polio - 3rd dose,ADMIN,Administrative coverage (doses given / target population),1505991.0,1136732,75.5
COUNTRIES,BRA,Brazil,2014,POL3,Polio - 3rd dose,OFFICIAL,Official country-reported coverage estimate,3309479.0,2586464,78.2
COUNTRIES,BRA,Brazil,2014,POL3,Polio - 3rd dose,WUENIC,WHO/UNICEF Estimates of National Immunization Coverage,2304503.0,1698058,73.7
COUNTRIES,BRA,Brazil,2014,HEPB3,Hepatitis B - 3rd dose,ADMIN,Administrative coverage (doses given / target population),1139781.0,873185,76.6
COUNTRIES,BRA,Brazil,2014,HEPB3,Hepatitis B - 3rd dose,OFFICIAL,Official country-reported coverage estimate,3046889.0,2315629,76.0
COUNTRIES,BRA,Brazil,2014,HEPB3,Hepatitis B - 3rd dose,WUENIC,WHO/UNICEF Estimates of National Immunization Coverage,2503245.0,2094667,83.7
COUNTRIES,BRA,Brazil,2014,PCV3,Pneumococcal conjugate vaccine - 3rd dose,ADMIN,Administrative coverage (doses given / target population),4100339.0,3334580,81.3
COUNTRIES,BRA,Brazil,2014,PCV3,Pneumococcal conjugate vaccine - 3rd dose,OFFICIAL,Official country-reported coverage estimate,4332246.0,3421973,79.0
COUNTRIES,BRA,Brazil,2014,PCV3,Pneumococcal conjugate vaccine - 3rd dose,WUENIC,WHO/UNICEF Estimates of National Immunization Coverage,2111025.0,1617635,76.6
COUNTRIES,BRA,Brazil,2015,BCG,Bacille Calmette-Guerin (Tuberculosis),ADMIN,Administrative coverage (doses given / target population),4728484.0,3347844,70.8
COUNTRIES,BRA,Brazil,2015,BCG,Bacille Calmette-Guerin (Tuberculosis),OFFICIAL,Official country-reported coverage estimate,2647643.0,2039891,77.0
COUNTRIES,BRA,Brazil,2015,BCG,Bacille Calmette-Guerin (Tuberculosis),WUENIC,WHO/UNICEF Estimates of National Immunization Coverage,4339713.0,3156813,72.7
COUNTRIES,BRA,Brazil,2015,DTP1,Diphtheria/Tetanus/Pertussis - 1st dose,ADMIN,Administrative coverage (doses given / target population),2760890.0,2138094,77.4
COUNTRIES,BRA,Brazil,2015,DTP1,Diphtheria/Tetanus/Pertussis - 1st dose,OFFICIAL,Official country-reported coverage estimate,2679899.0,2532088,94.5
COUNTRIES,BRA,Brazil,2015,DTP1,Diphtheria/Tetanus/Pertussis - 1st dose,WUENIC,WHO/UNICEF Estimates of National Immunization Coverage,3987871.0,3248464,81.5
COUNTRIES,BRA,Brazil,2015,DTP3,Diphtheria/Tetanus/Pertussis - 3rd dose,ADMIN,Administrative coverage (doses given / target population),1192194.0,875894,73.5
COUNTRIES,BRA,Brazil,2015,DTP3,Diphtheria/Tetanus/Pertussis - 3rd dose,OFFICIAL,Official country-reported coverage estimate,2240683.0,1816865,81.1
COUNTRIES,BRA,Brazil,2015,DTP3,Diphtheria/Tetanus/Pertussis - 3rd dose,WUENIC,WHO/UNICEF Estimates of National Immunization Coverage,3564583.0,2362769,66.3
COUNTRIES,BRA,Brazil,2015,MCV1,Measles-containing vaccine - 1st dose,ADMIN,Administrative coverage (doses given / target population),4643694.0,4256143,91.7
COUNTRIES,BRA,Brazil,2015,MCV1,Measles-containing vaccine - 1st dose,OFFICIAL,Official country-reported coverage estimate,2681483.0,2078583,77.5
COUNTRIES,BRA,Brazil,2015,MCV1,Measles-containing vaccine - 1st dose,WUENIC,WHO/UNICEF Estimates of National Immunization Coverage,352677.0,304664,86.4
COUNTRIES,BRA,Brazil,2015,MCV2,Measles-containing vaccine - 2nd dose (booster),ADMIN,Administrative coverage (doses given / target population),3220174.0,2552087,79.3
COUNTRIES,BRA,Brazil,2015,MCV2,Measles-containing vaccine - 2nd dose (booster),OFFICIAL,Official country-reported coverage estimate,4194119.0,2792545,66.6
COUNTRIES,BRA,Brazil,2015,MCV2,Measles-containing vaccine - 2nd dose (booster),WUENIC,WHO/UNICEF Estimates of National Immunization Coverage,4068174.0,3420633,84.1
COUNTRIES,BRA,Brazil,2015,POL3,Polio - 3rd dose,ADMIN,Administrative coverage (doses given / target population),686052.0,508781,74.2
COUNTRIES,BRA,Brazil,2015,POL3,Polio - 3rd dose,OFFICIAL,Official country-reported coverage estimate,748085.0,605921,81.0
COUNTRIES,BRA,Brazil,2015,POL3,Polio - 3rd dose,WUENIC,WHO/UNICEF Estimates of National Immunization Coverage,3406166.0,2625004,77.1
COUNTRIES,BRA,Brazil,2015,HEPB3,Hepatitis B - 3rd dose,ADMIN,Administrative coverage (doses given / target population),4613392.0,3869462,83.9
COUNTRIES,BRA,Brazil,2015,HEPB3,Hepatitis B - 3rd dose,OFFICIAL,Official country-reported coverage estimate,1490297.0,1289415,86.5
COUNTRIES,BRA,Brazil,2015,HEPB3,Hepatitis B - 3rd dose,WUENIC,WHO/UNICEF Estimates of National Immunization Coverage,,789116,71.9
COUNTRIES,BRA,Brazil,2015,PCV3,Pneumococcal conjugate vaccine - 3rd dose,ADMIN,Administrative coverage (doses given / target population),1933104.0,1774096,91.8
COUNTRIES,BRA,Brazil,2015,PCV3,Pneumococcal conjugate vaccine - 3rd dose,OFFICIAL,Official country-reported coverage estimate,402957.0,350576,87.0
COUNTRIES,BRA,Brazil,2015,PCV3,Pneumococcal conjugate vaccine - 3rd dose,WUENIC,WHO/UNICEF Estimates of National Immunization Coverage,199025.0,148459,74.6
COUNTRIES,BRA,Brazil,2016,BCG,Bacille Calmette-Guerin (Tuberculosis),ADMIN,Administrative coverage (doses given / target population),706083.0,546940,77.5
COUNTRIES,BRA,Brazil,2016,BCG,Bacille Calmette-Guerin (Tuberculosis),OFFICIAL,Official country-reported coverage estimate,470871.0,380755,80.9
COUNTRIES,BRA,Brazil,2016,BCG,Bacille Calmette-Guerin (Tuberculosis),WUENIC,WHO/UNICEF Estimates of National Immunization Coverage,3883365.0,3110248,80.1
COUNTRIES,BRA,Brazil,2016,DTP1,Diphtheria/Tetanus/Pertussis - 1st dose,ADMIN,Administrative coverage (doses given / target population),1572288.0,1247619,79.4
COUNTRIES,BRA,Brazil,2016,DTP1,Diphtheria/Tetanus/Pertussis - 1st dose,OFFICIAL,Official country-reported coverage estimate,3210414.0,2311014,72.0
COUNTRIES,BRA,Brazil,2016,DTP1,Diphtheria/Tetanus/Pertussis - 1st dose,WUENIC,WHO/UNICEF Estimates of National Immunization Coverage,2102052.0,1810383,86.1
COUNTRIES,BRA,Brazil,2016,DTP3,Diphtheria/Tetanus/Pertussis - 3rd dose,ADMIN,Administrative coverage (doses given / target population),2264594.0,1640173,72.4
COUNTRIES,BRA,Brazil,2016,DTP3,Diphtheria/Tetanus/Pertussis - 3rd dose,OFFICIAL,Official country-reported coverage estimate,387714.0,293570,75.7
COUNTRIES,BRA,Brazil,2016,DTP3,Diphtheria/Tetanus/Pertussis - 3rd dose,WUENIC,WHO/UNICEF Estimates of National Immunization Coverage,890084.0,723682,
COUNTRIES,BRA,Brazil,2016,MCV1,Measles-containing vaccine - 1st dose,ADMIN,Administrative coverage (doses given / target population),2138543.0,1914021,89.5
COUNTRIES,BRA,Brazil,2016,MCV1,Measles-containing vaccine - 1st dose,OFFICIAL,Official country-reported coverage estimate,809981.0,677762,83.7
COUNTRIES,BRA,Brazil,2016,MCV1,Measles-containing vaccine - 1st dose,WUENIC,WHO/UNICEF Estimates of National Immunization Coverage,3460971.0,2930202,84.7
COUNTRIES,BRA,Brazil,2016,MCV2,Measles-containing vaccine - 2nd dose (booster),ADMIN,Administrative coverage (doses given / target population),1684496.0,1280030,76.0
COUNTRIES,BRA,Brazil,2016,MCV2,Measles-containing vaccine - 2nd dose (booster),OFFICIAL,Official country-reported coverage estimate,4413272.0,3641820,82.5
COUNTRIES,BRA,Brazil,2016,MCV2,Measles-containing vaccine - 2nd dose (booster),WUENIC,WHO/UNICEF Estimates of National Immunization Coverage,434836.0,337808,77.7
COUNTRIES,BRA,Brazil,2016,POL3,Polio - 3rd dose,ADMIN,Administrative coverage (doses given / target population),3775692.0,2869139,76.0
COUNTRIES,BRA,Brazil,2016,POL3,Polio - 3rd dose,OFFICIAL,Official country-reported coverage estimate,1122280.0,863292,76.9
COUNTRIES,BRA,Brazil,2016,POL3,Polio - 3rd dose,WUENIC,WHO/UNICEF Estimates of National Immunization Coverage,602107.0,465085,77.2
COUNTRIES,BRA,Brazil,2016,HEPB3,Hepatitis B - 3rd dose,ADMIN,Administrative coverage (doses given / target population),1510345.0,1317503,87.2
COUNTRIES,BRA,Brazil,2016,HEPB3,Hepatitis B - 3rd dose,OFFICIAL,Official country-reported coverage estimate,1729102.0,1571692,
COUNTRIES,BRA,Brazil,2016,HEPB3,Hepatitis B - 3rd dose,WUENIC,WHO/UNICEF Estimates of National Immunization Coverage,2793713.0,2632870,94.2
COUNTRIES,BRA,Brazil,2016,PCV3,Pneumococcal conjugate vaccine - 3rd dose,ADMIN,Administrative coverage (doses given / target population),817849.0,662942,81.1
COUNTRIES,BRA,Brazil,2016,PCV3,Pneumococcal conjugate vaccine - 3rd dose,OFFICIAL,Official country-reported coverage estimate,3136554.0,2307864,73.6
COUNTRIES,BRA,Brazil,2016,PCV3,Pneumococcal conjugate vaccine - 3rd dose,WUENIC,WHO/UNICEF Estimates of National Immunization Coverage,3106151.0,2387273,76.9
COUNTRIES,BRA,Brazil,2017,BCG,Bacille Calmette-Guerin (Tuberculosis),ADMIN,Administrative coverage (doses given / target population),3390014.0,2532133,74.7
COUNTRIES,BRA,Brazil,2017,BCG,Bacille Calmette-Guerin (Tuberculosis),OFFICIAL,Official country-reported coverage estimate,,3021531,80.2
COUNTRIES,BRA,Brazil,2017,BCG,Bacille Calmette-Guerin (Tuberculosis),WUENIC,WHO/UNICEF Estimates of National Immunization Coverage,2261852.0,1667810,73.7
COUNTRIES,BRA,Brazil,2017,DTP1,Diphtheria/Tetanus/Pertussis - 1st dose,ADMIN,Administrative coverage (doses given / target population),4980636.0,3761889,75.5
COUNTRIES,BRA,Brazil,2017,DTP1,Diphtheria/Tetanus/Pertussis - 1st dose,OFFICIAL,Official country-reported coverage estimate,1150721.0,1126489,97.9
COUNTRIES,BRA,Brazil,2017,DTP1,Diphtheria/Tetanus/Pertussis - 1st dose,WUENIC,WHO/UNICEF Estimates of National Immunization Coverage,3866267.0,3060957,79.2
COUNTRIES,BRA,Brazil,2017,DTP3,Diphtheria/Tetanus/Pertussis - 3rd dose,ADMIN,Administrative coverage (doses given / target population),1223457.0,958315,78.3
COUNTRIES,BRA,Brazil,2017,DTP3,Diphtheria/Tetanus/Pertussis - 3rd dose,OFFICIAL,Official country-reported coverage estimate,233843.0,171324,73.3
COUNTRIES,BRA,Brazil,2017,DTP3,Diphtheria/Tetanus/Pertussis - 3rd dose,WUENIC,WHO/UNICEF Estimates of National Immunization Coverage,3814087.0,3481245,91.3
COUNTRIES,BRA,Brazil,2017,MCV1,Measles-containing vaccine - 1st dose,ADMIN,Administrative coverage (doses given / target population),459091.0,380211,82.8
COUNTRIES,BRA,Brazil,2017,MCV1,Measles-containing vaccine - 1st dose,OFFICIAL,Official country-reported coverage estimate,3117610.0,2274483,73.0
COUNTRIES,BRA,Brazil,2017,MCV1,Measles-containing vaccine - 1st dose,WUENIC,WHO/UNICEF Estimates of National Immunization Coverage,4796969.0,3564542,74.3
COUNTRIES,BRA,Brazil,2017,MCV2,Measles-containing vaccine - 2nd dose (booster),ADMIN,Administrative coverage (doses given / target population),2666854.0,2395126,89.8
COUNTRIES,BRA,Brazil,2017,MCV2,Measles-containing vaccine - 2nd dose (booster),OFFICIAL,Official country-reported coverage estimate,644023.0,525583,81.6
COUNTRIES,BRA,Brazil,2017,MCV2,Measles-containing vaccine - 2nd dose (booster),WUENIC,WHO/UNICEF Estimates of National Immunization Coverage,405659.0,269432,66.4
COUNTRIES,BRA,Brazil,2017,POL3,Polio - 3rd dose,ADMIN,Administrative coverage (doses given / target population),2597471.0,2212094,85.2
COUNTRIES,BRA,Brazil,2017,POL3,Polio - 3rd dose,OFFICIAL,Official country-reported coverage estimate,4612340.0,4073347,88.3
COUNTRIES,BRA,Brazil,2017,POL3,Polio - 3rd dose,WUENIC,WHO/UNICEF Estimates of National Immunization Coverage,4842195.0,3461430,71.5
COUNTRIES,BRA,Brazil,2017,HEPB3,Hepatitis B - 3rd dose,ADMIN,Administrative coverage (doses given / target population),4812889.0,3987292,82.8
COUNTRIES,BRA,Brazil,2017,HEPB3,Hepatitis B - 3rd dose,OFFICIAL,Official country-reported coverage estimate,2158605.0,1534483,
COUNTRIES,BRA,Brazil,2017,HEPB3,Hepatitis B - 3rd dose,WUENIC,WHO/UNICEF Estimates of National Immunization Coverage,1123734.0,910105,81.0
COUNTRIES,BRA,Brazil,2017,PCV3,Pneumococcal conjugate vaccine - 3rd dose,ADMIN,Administrative coverage (doses given / target population),3248555.0,2573902,79.2
COUNTRIES,BRA,Brazil,2017,PCV3,Pneumococcal conjugate vaccine - 3rd dose,OFFICIAL,Official country-reported coverage estimate,2188131.0,1530025,69.9
COUNTRIES,BRA,Brazil,2017,PCV3,Pneumococcal conjugate vaccine - 3rd dose,WUENIC,WHO/UNICEF Estimates of National Immunization Coverage,3561898.0,2816499,79.1
COUNTRIES,BRA,Brazil,2018,BCG,Bacille Calmette-Guerin (Tuberculosis),ADMIN,Administrative coverage (doses given / target population),209137.0,168456,80.5
COUNTRIES,BRA,Brazil,2018,BCG,Bacille Calmette-Guerin (Tuberculosis),OFFICIAL,Official country-reported coverage estimate,572512.0,451017,78.8
COUNTRIES,BRA,Brazil,2018,BCG,Bacille Calmette-Guerin (Tuberculosis),WUENIC,WHO/UNICEF Estimates of National Immunization Coverage,4708327.0,3823094,81.2
COUNTRIES,BRA,Brazil,2018,DTP1,Diphtheria/Tetanus/Pertussis - 1st dose,ADMIN,Administrative coverage (doses given / target population),1016377.0,809140,79.6
COUNTRIES,BRA,Brazil,2018,DTP1,Diphtheria/Tetanus/Pertussis - 1st dose,OFFICIAL,Official country-reported coverage estimate,1664879.0,1314903,79.0
COUNTRIES,BRA,Brazil,2018,DTP1,Diphtheria/Tetanus/Pertussis - 1st dose,WUENIC,WHO/UNICEF Estimates of National Immunization Coverage,1483436.0,1037089,69.9
COUNTRIES,BRA,Brazil,2018,DTP3,Diphtheria/Tetanus/Pertussis - 3rd dose,ADMIN,Administrative coverage (doses given / target population),3810233.0,3211989,84.3
COUNTRIES,BRA,Brazil,2018,DTP3,Diphtheria/Tetanus/Pertussis - 3rd dose,OFFICIAL,Official country-reported coverage estimate,4725157.0,3859270,81.7
COUNTRIES,BRA,Brazil,2018,DTP3,Diphtheria/Tetanus/Pertussis - 3rd dose,WUENIC,WHO/UNICEF Estimates of National Immunization Coverage,2526037.0,2202735,87.2
COUNTRIES,BRA,Brazil,2018,MCV1,Measles-containing vaccine - 1st dose,ADMIN,Administrative coverage (doses given / target population),1831972.0,1274939,69.6
COUNTRIES,BRA,Brazil,2018,MCV1,Measles-containing vaccine - 1st dose,OFFICIAL,Official country-reported coverage estimate,4994201.0,4149164,83.1
COUNTRIES,BRA,Brazil,2018,MCV1,Measles-containing vaccine - 1st dose,WUENIC,WHO/UNICEF Estimates of National Immunization Coverage,1781470.0,1468962,82.5
COUNTRIES,BRA,Brazil,2018,MCV2,Measles-containing vaccine - 2nd dose (booster),ADMIN,Administrative coverage (doses given / target population),1289643.0,1014485,78.7
COUNTRIES,BRA,Brazil,2018,MCV2,Measles-containing vaccine - 2nd dose (booster),OFFICIAL,Official country-reported coverage estimate,3766454.0,3278044,87.0
COUNTRIES,BRA,Brazil,2018,MCV2,Measles-containing vaccine - 2nd dose (booster),WUENIC,WHO/UNICEF Estimates of National Immunization Coverage,4967936.0,4189992,84.3
COUNTRIES,BRA,Brazil,2018,POL3,Polio - 3rd dose,ADMIN,Administrative coverage (doses given / target population),1737404.0,1195172,68.8
COUNTRIES,BRA,Brazil,2018,POL3,Polio - 3rd dose,OFFICIAL,Official country-reported coverage estimate,3213184.0,2765016,86.1
COUNTRIES,BRA,Brazil,2018,POL3,Polio - 3rd dose,WUENIC,WHO/UNICEF Estimates of National Immunization Coverage,1646054.0,1404152,85.3
COUNTRIES,BRA,Brazil,2018,HEPB3,Hepatitis B - 3rd dose,ADMIN,Administrative coverage (doses given / target population),1059110.0,806607,76.2
COUNTRIES,BRA,Brazil,2018,HEPB3,Hepatitis B - 3rd dose,OFFICIAL,Official country-reported coverage estimate,1163042.0,1007194,86.6
COUNTRIES,BRA,Brazil,2018,HEPB3,Hepatitis B - 3rd dose,WUENIC,WHO/UNICEF Estimates of National Immunization Coverage,1550850.0,1408012,90.8
COUNTRIES,BRA,Brazil,2018,PCV3,Pneumococcal conjugate vaccine - 3rd dose,ADMIN,Administrative coverage (doses given / target population),2272408.0,1819700,80.1
COUNTRIES,BRA,Brazil,2018,PCV3,Pneumococcal conjugate vaccine - 3rd dose,OFFICIAL,Official country-reported coverage estimate,4925981.0,4232425,85.9
COUNTRIES,BRA,Brazil,2018,PCV3,Pneumococcal conjugate vaccine - 3rd dose,WUENIC,WHO/UNICEF Estimates of National Immunization Coverage,4804748.0,3590725,74.7
COUNTRIES,BRA,Brazil,2019,BCG,Bacille Calmette-Guerin (Tuberculosis),ADMIN,Administrative coverage (doses given / target population),1382195.0,1165529,84.3
COUNTRIES,BRA,Brazil,2019,BCG,Bacille Calmette-Guerin (Tuberculosis),OFFICIAL,Official country-reported coverage estimate,448894.0,369729,82.4
COUNTRIES,BRA,Brazil,2019,BCG,Bacille Calmette-Guerin (Tuberculosis),WUENIC,WHO/UNICEF Estimates of National Immunization Coverage,2825848.0,2349814,83.2
COUNTRIES,BRA,Brazil,2019,DTP1,Diphtheria/Tetanus/Pertussis - 1st dose,ADMIN,Administrative coverage (doses given / target population),2092146.0,1897712,90.7
COUNTRIES,BRA,Brazil,2019,DTP1,Diphtheria/Tetanus/Pertussis - 1st dose,OFFICIAL,Official country-reported coverage estimate,2071198.0,1583071,76.4
COUNTRIES,BRA,Brazil,2019,DTP1,Diphtheria/Tetanus/Pertussis - 1st dose,WUENIC,WHO/UNICEF Estimates of National Immunization Coverage,2149177.0,1760234,81.9
COUNTRIES,BRA,Brazil,2019,DTP3,Diphtheria/Tetanus/Pertussis - 3rd dose,ADMIN,Administrative coverage (doses given / target population),1686851.0,1469425,87.1
COUNTRIES,BRA,Brazil,2019,DTP3,Diphtheria/Tetanus/Pertussis - 3rd dose,OFFICIAL,Official country-reported coverage estimate,2685415.0,1986536,74.0
COUNTRIES,BRA,Brazil,2019,DTP3,Diphtheria/Tetanus/Pertussis - 3rd dose,WUENIC,WHO/UNICEF Estimates of National Immunization Coverage,4260078.0,2965459,69.6
COUNTRIES,BRA,Brazil,2019,MCV1,Measles-containing vaccine - 1st dose,ADMIN,Administrative coverage (doses given / target population),568853.0,427362,75.1
COUNTRIES,BRA,Brazil,2019,MCV1,Measles-containing vaccine - 1st dose,OFFICIAL,Official country-reported coverage estimate,3808738.0,3029070,79.5
COUNTRIES,BRA,Brazil,2019,MCV1,Measles-containing vaccine - 1st dose,WUENIC,WHO/UNICEF Estimates of National Immunization Coverage,4881651.0,3807080,78.0
COUNTRIES,BRA,Brazil,2019,MCV2,Measles-containing vaccine - 2nd dose (booster),ADMIN,Administrative coverage (doses given / target population),1615989.0,1344898,83.2
COUNTRIES,BRA,Brazil,2019,MCV2,Measles-containing vaccine - 2nd dose (booster),OFFICIAL,Official country-reported coverage estimate,4464327.0,3833495,85.9
COUNTRIES,BRA,Brazil,2019,MCV2,Measles-containing vaccine - 2nd dose (booster),WUENIC,WHO/UNICEF Estimates of National Immunization Coverage,1411403.0,1195283,84.7
COUNTRIES,BRA,Brazil,2019,POL3,Polio - 3rd dose,ADMIN,Administrative coverage (doses given / target population),4619485.0,3733694,80.8
COUNTRIES,BRA,Brazil,2019,POL3,Polio - 3rd dose,OFFICIAL,Official country-reported coverage estimate,2929550.0,2580912,88.1
COUNTRIES,BRA,Brazil,2019,POL3,Polio - 3rd dose,WUENIC,WHO/UNICEF Estimates of National Immunization Coverage,557923.0,409822,73.5
COUNTRIES,BRA,Brazil,2019,HEPB3,Hepatitis B - 3rd dose,ADMIN,Administrative coverage (doses given / target population),,702645,85.8
COUNTRIES,BRA,Brazil,2019,HEPB3,Hepatitis B - 3rd dose,OFFICIAL,Official country-reported coverage estimate,3390612.0,3062125,
COUNTRIES,BRA,Brazil,2019,HEPB3,Hepatitis B - 3rd dose,WUENIC,WHO/UNICEF Estimates of National Immunization Coverage,2242115.0,1972644,88.0
COUNTRIES,BRA,Brazil,2019,PCV3,Pneumococcal conjugate vaccine - 3rd dose,ADMIN,Administrative coverage (doses given / target population),3152455.0,2609609,82.8
COUNTRIES,BRA,Brazil,2019,PCV3,Pneumococcal conjugate vaccine - 3rd dose,OFFICIAL,Official country-reported coverage estimate,4470609.0,3602534,80.6
COUNTRIES,BRA,Brazil,2019,PCV3,Pneumococcal conjugate vaccine - 3rd dose,WUENIC,WHO/UNICEF Estimates of National Immunization Coverage,2990257.0,2380607,79.6
COUNTRIES,BRA,Brazil,2020,BCG,Bacille Calmette-Guerin (Tuberculosis),ADMIN,Administrative coverage (doses given / target population),4524325.0,3784608,83.7
COUNTRIES,BRA,Brazil,2020,BCG,Bacille Calmette-Guerin (Tuberculosis),OFFICIAL,Official country-reported coverage estimate,4492007.0,3542665,78.9
COUNTRIES,BRA,Brazil,2020,BCG,Bacille Calmette-Guerin (Tuberculosis),WUENIC,WHO/UNICEF Estimates of National Immunization Coverage,1053812.0,827660,78.5
COUNTRIES,BRA,Brazil,2020,DTP1,Diphtheria/Tetanus/Pertussis - 1st dose,ADMIN,Administrative coverage (doses given / target population),1022547.0,775601,75.8
COUNTRIES,BRA,Brazil,2020,DTP1,Diphtheria/Tetanus/Pertussis - 1st dose,OFFICIAL,Official country-reported coverage estimate,3017162.0,2150224,71.3
COUNTRIES,BRA,Brazil,2020,DTP1,Diphtheria/Tetanus/Pertussis - 1st dose,WUENIC,WHO/UNICEF Estimates of National Immunization Coverage,2819711.0,2624877,93.1
COUNTRIES,BRA,Brazil,2020,DTP3,Diphtheria/Tetanus/Pertussis - 3rd dose,ADMIN,Administrative coverage (doses given / target population),1536345.0,1394829,90.8
COUNTRIES,BRA,Brazil,2020,DTP3,Diphtheria/Tetanus/Pertussis - 3rd dose,OFFICIAL,Official country-reported coverage estimate,3715099.0,3216753,86.6
COUNTRIES,BRA,Brazil,2020,DTP3,Diphtheria/Tetanus/Pertussis - 3rd dose,WUENIC,WHO/UNICEF Estimates of National Immunization Coverage,1160858.0,1053704,90.8
COUNTRIES,BRA,Brazil,2020,MCV1,Measles-containing vaccine - 1st dose,ADMIN,Administrative coverage (doses given / target population),2436076.0,2018179,82.8
COUNTRIES,BRA,Brazil,2020,MCV1,Measles-containing vaccine - 1st dose,OFFICIAL,Official country-reported coverage estimate,3571476.0,2506799,70.2
COUNTRIES,BRA,Brazil,2020,MCV1,Measles-containing vaccine - 1st dose,WUENIC,WHO/UNICEF Estimates of National Immunization Coverage,2741413.0,2079511,75.9
COUNTRIES,BRA,Brazil,2020,MCV2,Measles-containing vaccine - 2nd dose (booster),ADMIN,Administrative coverage (doses given / target population),3237846.0,2701484,83.4
COUNTRIES,BRA,Brazil,2020,MCV2,Measles-containing vaccine - 2nd dose (booster),OFFICIAL,Official country-reported coverage estimate,2634147.0,2252036,85.5
COUNTRIES,BRA,Brazil,2020,MCV2,Measles-containing vaccine - 2nd dose (booster),WUENIC,WHO/UNICEF Estimates of National Immunization Coverage,4062072.0,3590217,88.4
COUNTRIES,BRA,Brazil,2020,POL3,Polio - 3rd dose,ADMIN,Administrative coverage (doses given / target population),,3265758,
COUNTRIES,BRA,Brazil,2020,POL3,Polio - 3rd dose,OFFICIAL,Official country-reported coverage estimate,2401361.0,1664159,69.3
COUNTRIES,BRA,Brazil,2020,POL3,Polio - 3rd dose,WUENIC,WHO/UNICEF Estimates of National Immunization Coverage,932391.0,734232,78.7
COUNTRIES,BRA,Brazil,2020,HEPB3,Hepatitis B - 3rd dose,ADMIN,Administrative coverage (doses given / target population),260631.0,190080,72.9
COUNTRIES,BRA,Brazil,2020,HEPB3,Hepatitis B - 3rd dose,OFFICIAL,Official country-reported coverage estimate,853665.0,678979,
COUNTRIES,BRA,Brazil,2020,HEPB3,Hepatitis B - 3rd dose,WUENIC,WHO/UNICEF Estimates of National Immunization Coverage,,1590638,75.8
COUNTRIES,BRA,Brazil,2020,PCV3,Pneumococcal conjugate vaccine - 3rd dose,ADMIN,Administrative coverage (doses given / target population),2858718.0,2534672,88.7
COUNTRIES,BRA,Brazil,2020,PCV3,Pneumococcal conjugate vaccine - 3rd dose,OFFICIAL,Official country-reported coverage estimate,4632149.0,3976905,85.9
COUNTRIES,BRA,Brazil,2020,PCV3,Pneumococcal conjugate vaccine - 3rd dose,WUENIC,WHO/UNICEF Estimates of National Immunization Coverage,2686334.0,2308942,86.0
COUNTRIES,BRA,Brazil,2021,BCG,Bacille Calmette-Guerin (Tuberculosis),ADMIN,Administrative coverage (doses given / target population),138411.0,104737,75.7
COUNTRIES,BRA,Brazil,2021,BCG,Bacille Calmette-Guerin (Tuberculosis),OFFICIAL,Official country-reported coverage estimate,2570890.0,2147226,83.5
COUNTRIES,BRA,Brazil,2021,BCG,Bacille Calmette-Guerin (Tuberculosis),WUENIC,WHO/UNICEF Estimates of National Immunization Coverage,109656.0,87525,79.8
COUNTRIES,BRA,Brazil,2021,DTP1,Diphtheria/Tetanus/Pertussis - 1st dose,ADMIN,Administrative coverage (doses given / target population),1021160.0,796037,78.0
COUNTRIES,BRA,Brazil,2021,DTP1,Diphtheria/Tetanus/Pertussis - 1st dose,OFFICIAL,Official country-reported coverage estimate,4534215.0,3885629,85.7
COUNTRIES,BRA,Brazil,2021,DTP1,Diphtheria/Tetanus/Pertussis - 1st dose,WUENIC,WHO/UNICEF Estimates of National Immunization Coverage,,2577511,65.1
COUNTRIES,BRA,Brazil,2021,DTP3,Diphtheria/Tetanus/Pertussis - 3rd dose,ADMIN,Administrative coverage (doses given / target population),436872.0,392217,
COUNTRIES,BRA,Brazil,2021,DTP3,Diphtheria/Tetanus/Pertussis - 3rd dose,OFFICIAL,Official country-reported coverage estimate,4694189.0,3705617,78.9
COUNTRIES,BRA,Brazil,2021,DTP3,Diphtheria/Tetanus/Pertussis - 3rd dose,WUENIC,WHO/UNICEF Estimates of National Immunization Coverage,3092946.0,2746192,88.8
COUNTRIES,BRA,Brazil,2021,MCV1,Measles-containing vaccine - 1st dose,ADMIN,Administrative coverage (doses given / target population),2533746.0,1870910,73.8
COUNTRIES,BRA,Brazil,2021,MCV1,Measles-containing vaccine - 1st dose,OFFICIAL,Official country-reported coverage estimate,810219.0,616369,76.1
COUNTRIES,BRA,Brazil,2021,MCV1,Measles-containing vaccine - 1st dose,WUENIC,WHO/UNICEF Estimates of National Immunization Coverage,3529263.0,2509580,71.1
COUNTRIES,BRA,Brazil,2021,MCV2,Measles-containing vaccine - 2nd dose (booster),ADMIN,Administrative coverage (doses given / target population),3662414.0,3274592,89.4
COUNTRIES,BRA,Brazil,2021,MCV2,Measles-containing vaccine - 2nd dose (booster),OFFICIAL,Official country-reported coverage estimate,3627541.0,2738156,75.5
COUNTRIES,BRA,Brazil,2021,MCV2,Measles-containing vaccine - 2nd dose (booster),WUENIC,WHO/UNICEF Estimates of National Immunization Coverage,2573660.0,2036746,79.1
COUNTRIES,BRA,Brazil,2021,POL3,Polio - 3rd dose,ADMIN,Administrative coverage (doses given / target population),695634.0,611004,87.8
COUNTRIES,BRA,Brazil,2021,POL3,Polio - 3rd dose,OFFICIAL,Official country-reported coverage estimate,3678966.0,3201855,87.0
COUNTRIES,BRA,Brazil,2021,POL3,Polio - 3rd dose,WUENIC,WHO/UNICEF Estimates of National Immunization Coverage,1916145.0,1537040,80.2
COUNTRIES,BRA,Brazil,2021,HEPB3,Hepatitis B - 3rd dose,ADMIN,Administrative coverage (doses given / target population),1136918.0,880630,77.5
COUNTRIES,BRA,Brazil,2021,HEPB3,Hepatitis B - 3rd dose,OFFICIAL,Official country-reported coverage estimate,2629204.0,1959709,74.5
COUNTRIES,BRA,Brazil,2021,HEPB3,Hepatitis B - 3rd dose,WUENIC,WHO/UNICEF Estimates of National Immunization Coverage,,3398961,
COUNTRIES,BRA,Brazil,2021,PCV3,Pneumococcal conjugate vaccine - 3rd dose,ADMIN,Administrative coverage (doses given / target population),3300547.0,2497365,75.7
COUNTRIES,BRA,Brazil,2021,PCV3,Pneumococcal conjugate vaccine - 3rd dose,OFFICIAL,Official country-reported coverage estimate,1922092.0,1510248,78.6
COUNTRIES,BRA,Brazil,2021,PCV3,Pneumococcal conjugate vaccine - 3rd dose,WUENIC,WHO/UNICEF Estimates of National Immunization Coverage,2969667.0,2226926,75.0
COUNTRIES,BRA,Brazil,2022,BCG,Bacille Calmette-Guerin (Tuberculosis),ADMIN,Administrative coverage (doses given / target population),3112370.0,2602121,83.6
COUNTRIES,BRA,Brazil,2022,BCG,Bacille Calmette-Guerin (Tuberculosis),OFFICIAL,Official country-reported coverage estimate,520391.0,364037,70.0
COUNTRIES,BRA,Brazil,2022,BCG,Bacille Calmette-Guerin (Tuberculosis),WUENIC,WHO/UNICEF Estimates of National Immunization Coverage,3479986.0,2810393,80.8
COUNTRIES,BRA,Brazil,2022,DTP1,Diphtheria/Tetanus/Pertussis - 1st dose,ADMIN,Administrative coverage (doses given / target population),2281863.0,1791806,78.5
COUNTRIES,BRA,Brazil,2022,DTP1,Diphtheria/Tetanus/Pertussis - 1st dose,OFFICIAL,Official country-reported coverage estimate,487591.0,378283,77.6
COUNTRIES,BRA,Brazil,2022,DTP1,Diphtheria/Tetanus/Pertussis - 1st dose,WUENIC,WHO/UNICEF Estimates of National Immunization Coverage,1585101.0,1506521,95.0
COUNTRIES,BRA,Brazil,2022,DTP3,Diphtheria/Tetanus/Pertussis - 3rd dose,ADMIN,Administrative coverage (doses given / target population),402660.0,335718,83.4
COUNTRIES,BRA,Brazil,2022,DTP3,Diphtheria/Tetanus/Pertussis - 3rd dose,OFFICIAL,Official country-reported coverage estimate,744250.0,538676,72.4
COUNTRIES,BRA,Brazil,2022,DTP3,Diphtheria/Tetanus/Pertussis - 3rd dose,WUENIC,WHO/UNICEF Estimates of National Immunization Coverage,1461355.0,1156122,79.1
COUNTRIES,BRA,Brazil,2022,MCV1,Measles-containing vaccine - 1st dose,ADMIN,Administrative coverage (doses given / target population),3669800.0,2821696,76.9
COUNTRIES,BRA,Brazil,2022,MCV1,Measles-containing vaccine - 1st dose,OFFICIAL,Official country-reported coverage estimate,2624355.0,2322165,88.5
COUNTRIES,BRA,Brazil,2022,MCV1,Measles-containing vaccine - 1st dose,WUENIC,WHO/UNICEF Estimates of National Immunization Coverage,4014755.0,3264743,81.3
COUNTRIES,BRA,Brazil,2022,MCV2,Measles-containing vaccine - 2nd dose (booster),ADMIN,Administrative coverage (doses given / target population),4767227.0,3790923,79.5
COUNTRIES,BRA,Brazil,2022,MCV2,Measles-containing vaccine - 2nd dose (booster),OFFICIAL,Official country-reported coverage estimate,1797460.0,1423478,79.2
COUNTRIES,BRA,Brazil,2022,MCV2,Measles-containing vaccine - 2nd dose (booster),WUENIC,WHO/UNICEF Estimates of National Immunization Coverage,4431210.0,3607512,81.4
COUNTRIES,BRA,Brazil,2022,POL3,Polio - 3rd dose,ADMIN,Administrative coverage (doses given / target population),,1093188,78.6
COUNTRIES,BRA,Brazil,2022,POL3,Polio - 3rd dose,OFFICIAL,Official country-reported coverage estimate,805816.0,692577,85.9
COUNTRIES,BRA,Brazil,2022,POL3,Polio - 3rd dose,WUENIC,WHO/UNICEF Estimates of National Immunization Coverage,2734585.0,2256173,82.5
COUNTRIES,BRA,Brazil,2022,HEPB3,Hepatitis B - 3rd dose,ADMIN,Administrative coverage (doses given / target population),1468639.0,1181579,80.5
COUNTRIES,BRA,Brazil,2022,HEPB3,Hepatitis B - 3rd dose,OFFICIAL,Official country-reported coverage estimate,3465611.0,2828694,81.6
COUNTRIES,BRA,Brazil,2022,HEPB3,Hepatitis B - 3rd dose,WUENIC,WHO/UNICEF Estimates of National Immunization Coverage,2101051.0,1705982,
COUNTRIES,BRA,Brazil,2022,PCV3,Pneumococcal conjugate vaccine - 3rd dose,ADMIN,Administrative coverage (doses given / target population),2157333.0,2010986,93.2
COUNTRIES,BRA,Brazil,2022,PCV3,Pneumococcal conjugate vaccine - 3rd dose,OFFICIAL,Official country-reported coverage estimate,208615.0,156450,75.0
COUNTRIES,BRA,Brazil,2022,PCV3,Pneumococcal conjugate vaccine - 3rd dose,WUENIC,WHO/UNICEF Estimates of National Immunization Coverage,1677069.0,1202086,71.7
COUNTRIES,BRA,Brazil,2023,BCG,Bacille Calmette-Guerin (Tuberculosis),ADMIN,Administrative coverage (doses given / target population),3274108.0,2774494,84.7
COUNTRIES,BRA,Brazil,2023,BCG,Bacille Calmette-Guerin (Tuberculosis),OFFICIAL,Official country-reported coverage estimate,2288637.0,1976668,86.4
COUNTRIES,BRA,Brazil,2023,BCG,Bacille Calmette-Guerin (Tuberculosis),WUENIC,WHO/UNICEF Estimates of National Immunization Coverage,1279056.0,1080297,84.5
COUNTRIES,BRA,Brazil,2023,DTP1,Diphtheria/Tetanus/Pertussis - 1st dose,ADMIN,Administrative coverage (doses given / target population),3835614.0,3207459,83.6
COUNTRIES,BRA,Brazil,2023,DTP1,Diphtheria/Tetanus/Pertussis - 1st dose,OFFICIAL,Official country-reported coverage estimate,4060997.0,3326949,81.9
COUNTRIES,BRA,Brazil,2023,DTP1,Diphtheria/Tetanus/Pertussis - 1st dose,WUENIC,WHO/UNICEF Estimates of National Immunization Coverage,1066138.0,871008,81.7
COUNTRIES,BRA,Brazil,2023,DTP3,Diphtheria/Tetanus/Pertussis - 3rd dose,ADMIN,Administrative coverage (doses given / target population),2987902.0,2528574,84.6
COUNTRIES,BRA,Brazil,2023,DTP3,Diphtheria/Tetanus/Pertussis - 3rd dose,OFFICIAL,Official country-reported coverage estimate,3794682.0,2982586,78.6
COUNTRIES,BRA,Brazil,2023,DTP3,Diphtheria/Tetanus/Pertussis - 3rd dose,WUENIC,WHO/UNICEF Estimates of National Immunization Coverage,1756914.0,1322523,75.3
COUNTRIES,BRA,Brazil,2023,MCV1,Measles-containing vaccine - 1st dose,ADMIN,Administrative coverage (doses given / target population),530903.0,460339,86.7
COUNTRIES,BRA,Brazil,2023,MCV1,Measles-containing vaccine - 1st dose,OFFICIAL,Official country-reported coverage estimate,3924961.0,3329418,84.8
COUNTRIES,BRA,Brazil,2023,MCV1,Measles-containing vaccine - 1st dose,WUENIC,WHO/UNICEF Estimates of National Immunization Coverage,4900527.0,4114679,84.0
COUNTRIES,BRA,Brazil,2023,MCV2,Measles-containing vaccine - 2nd dose (booster),ADMIN,Administrative coverage (doses given / target population),3026795.0,2596653,85.8
COUNTRIES,BRA,Brazil,2023,MCV2,Measles-containing vaccine - 2nd dose (booster),OFFICIAL,Official country-reported coverage estimate,3859859.0,3199343,82.9
COUNTRIES,BRA,Brazil,2023,MCV2,Measles-containing vaccine - 2nd dose (booster),WUENIC,WHO/UNICEF Estimates of National Immunization Coverage,3948400.0,3168665,80.3
COUNTRIES,BRA,Brazil,2023,POL3,Polio - 3rd dose,ADMIN,Administrative coverage (doses given / target population),4916363.0,3968739,
COUNTRIES,BRA,Brazil,2023,POL3,Polio - 3rd dose,OFFICIAL,Official country-reported coverage estimate,4905973.0,3897381,79.4
COUNTRIES,BRA,Brazil,2023,POL3,Polio - 3rd dose,WUENIC,WHO/UNICEF Estimates of National Immunization Coverage,4801219.0,4078536,84.9
COUNTRIES,BRA,Brazil,2023,HEPB3,Hepatitis B - 3rd dose,ADMIN,Administrative coverage (doses given / target population),2757589.0,2068414,75.0
COUNTRIES,BRA,Brazil,2023,HEPB3,Hepatitis B - 3rd dose,OFFICIAL,Official country-reported coverage estimate,504766.0,418307,82.9
COUNTRIES,BRA,Brazil,2023,HEPB3,Hepatitis B - 3rd dose,WUENIC,WHO/UNICEF Estimates of National Immunization Coverage,4938854.0,3791619,76.8
COUNTRIES,BRA,Brazil,2023,PCV3,Pneumococcal conjugate vaccine - 3rd dose,ADMIN,Administrative coverage (doses given / target population),,487723,87.2
COUNTRIES,BRA,Brazil,2023,PCV3,Pneumococcal conjugate vaccine - 3rd dose,OFFICIAL,Official country-reported coverage estimate,4221140.0,3201716,75.8
COUNTRIES,BRA,Brazil,2023,PCV3,Pneumococcal conjugate vaccine - 3rd dose,WUENIC,WHO/UNICEF Estimates of National Immunization Coverage,798955.0,698203,87.4
COUNTRIES,PAK,Pakistan,2010,BCG,Bacille Calmette-Guerin (Tuberculosis),ADMIN,Administrative coverage (doses given / target population),4891326.0,1994576,40.8
COUNTRIES,PAK,Pakistan,2010,BCG,Bacille Calmette-Guerin (Tuberculosis),OFFICIAL,Official country-reported coverage estimate,3643668.0,1522863,41.8
COUNTRIES,PAK,Pakistan,2010,BCG,Bacille Calmette-Guerin (Tuberculosis),WUENIC,WHO/UNICEF Estimates of National Immunization Coverage,4729812.0,1923638,40.7
COUNTRIES,PAK,Pakistan,2010,DTP1,Diphtheria/Tetanus/Pertussis - 1st dose,ADMIN,Administrative coverage (doses given / target population),276994.0,122791,
COUNTRIES,PAK,Pakistan,2010,DTP1,Diphtheria/Tetanus/Pertussis - 1st dose,OFFICIAL,Official country-reported coverage estimate,498973.0,218044,43.7
COUNTRIES,PAK,Pakistan,2010,DTP1,Diphtheria/Tetanus/Pertussis - 1st dose,WUENIC,WHO/UNICEF Estimates of National Immunization Coverage,3665167.0,1323091,36.1
COUNTRIES,PAK,Pakistan,2010,DTP3,Diphtheria/Tetanus/Pertussis - 3rd dose,ADMIN,Administrative coverage (doses given / target population),2536944.0,1055839,41.6
COUNTRIES,PAK,Pakistan,2010,DTP3,Diphtheria/Tetanus/Pertussis - 3rd dose,OFFICIAL,Official country-reported coverage estimate,4410410.0,1448297,32.8
COUNTRIES,PAK,Pakistan,2010,DTP3,Diphtheria/Tetanus/Pertussis - 3rd dose,WUENIC,WHO/UNICEF Estimates of National Immunization Coverage,2547498.0,815406,32.0
COUNTRIES,PAK,Pakistan,2010,MCV1,Measles-containing vaccine - 1st dose,ADMIN,Administrative coverage (doses given / target population),688050.0,173578,25.2
COUNTRIES,PAK,Pakistan,2010,MCV1,Measles-containing vaccine - 1st dose,OFFICIAL,Official country-reported coverage estimate,1433462.0,603078,42.1
COUNTRIES,PAK,Pakistan,2010,MCV1,Measles-containing vaccine - 1st dose,WUENIC,WHO/UNICEF Estimates of National Immunization Coverage,1679515.0,817730,48.7
COUNTRIES,PAK,Pakistan,2010,MCV2,Measles-containing vaccine - 2nd dose (booster),ADMIN,Administrative coverage (doses given / target population),2677080.0,1014029,37.9
COUNTRIES,PAK,Pakistan,2010,MCV2,Measles-containing vaccine - 2nd dose (booster),OFFICIAL,Official country-reported coverage estimate,3548534.0,1364677,38.5
COUNTRIES,PAK,Pakistan,2010,MCV2,Measles-containing vaccine - 2nd dose (booster),WUENIC,WHO/UNICEF Estimates of National Immunization Coverage,1541933.0,640233,41.5
COUNTRIES,PAK,Pakistan,2010,POL3,Polio - 3rd dose,ADMIN,Administrative coverage (doses given / target population),2837138.0,1079918,38.1
COUNTRIES,PAK,Pakistan,2010,POL3,Polio - 3rd dose,OFFICIAL,Official country-reported coverage estimate,1040907.0,487335,46.8
COUNTRIES,PAK,Pakistan,2010,POL3,Polio - 3rd dose,WUENIC,WHO/UNICEF Estimates of National Immunization Coverage,2559432.0,1090485,42.6
COUNTRIES,PAK,Pakistan,2010,HEPB3,Hepatitis B - 3rd dose,ADMIN,Administrative coverage (doses given / target population),3390323.0,1572256,46.4
COUNTRIES,PAK,Pakistan,2010,HEPB3,Hepatitis B - 3rd dose,OFFICIAL,Official country-reported coverage estimate,2032539.0,1063783,52.3
COUNTRIES,PAK,Pakistan,2010,HEPB3,Hepatitis B - 3rd dose,WUENIC,WHO/UNICEF Estimates of National Immunization Coverage,1776860.0,644260,36.3
COUNTRIES,PAK,Pakistan,2010,PCV3,Pneumococcal conjugate vaccine - 3rd dose,ADMIN,Administrative coverage (doses given / target population),3282774.0,1144801,34.9
COUNTRIES,PAK,Pakistan,2010,PCV3,Pneumococcal conjugate vaccine - 3rd dose,OFFICIAL,Official country-reported coverage estimate,1838429.0,823646,44.8
COUNTRIES,PAK,Pakistan,2010,PCV3,Pneumococcal conjugate vaccine - 3rd dose,WUENIC,WHO/UNICEF Estimates of National Immunization Coverage,1365816.0,566165,41.5
COUNTRIES,PAK,Pakistan,2011,BCG,Bacille Calmette-Guerin (Tuberculosis),ADMIN,Administrative coverage (doses given / target population),1108462.0,382433,34.5
COUNTRIES,PAK,Pakistan,2011,BCG,Bacille Calmette-Guerin (Tuberculosis),OFFICIAL,Official country-reported coverage estimate,3719081.0,1260425,33.9
COUNTRIES,PAK,Pakistan,2011,BCG,Bacille Calmette-Guerin (Tuberculosis),WUENIC,WHO/UNICEF Estimates of National Immunization Coverage,242947.0,117082,48.2
COUNTRIES,PAK,Pakistan,2011,DTP1,Diphtheria/Tetanus/Pertussis - 1st dose,ADMIN,Administrative coverage (doses given / target population),4765068.0,2069836,43.4
COUNTRIES,PAK,Pakistan,2011,DTP1,Diphtheria/Tetanus/Pertussis - 1st dose,OFFICIAL,Official country-reported coverage estimate,1230408.0,550455,44.7
COUNTRIES,PAK,Pakistan,2011,DTP1,Diphtheria/Tetanus/Pertussis - 1st dose,WUENIC,WHO/UNICEF Estimates of National Immunization Coverage,4537151.0,1378282,30.4
COUNTRIES,PAK,Pakistan,2011,DTP3,Diphtheria/Tetanus/Pertussis - 3rd dose,ADMIN,Administrative coverage (doses given / target population),4687691.0,1763634,37.6
COUNTRIES,PAK,Pakistan,2011,DTP3,Diphtheria/Tetanus/Pertussis - 3rd dose,OFFICIAL,Official country-reported coverage estimate,2108544.0,686477,32.6
COUNTRIES,PAK,Pakistan,2011,DTP3,Diphtheria/Tetanus/Pertussis - 3rd dose,WUENIC,WHO/UNICEF Estimates of National Immunization Coverage,3582253.0,1847480,51.6
COUNTRIES,PAK,Pakistan,2011,MCV1,Measles-containing vaccine - 1st dose,ADMIN,Administrative coverage (doses given / target population),2657439.0,1156440,43.5
COUNTRIES,PAK,Pakistan,2011,MCV1,Measles-containing vaccine - 1st dose,OFFICIAL,Official country-reported coverage estimate,856139.0,337189,39.4
COUNTRIES,PAK,Pakistan,2011,MCV1,Measles-containing vaccine - 1st dose,WUENIC,WHO/UNICEF Estimates of National Immunization Coverage,3920522.0,1843676,47.0
COUNTRIES,PAK,Pakistan,2011,MCV2,Measles-containing vaccine - 2nd dose (booster),ADMIN,Administrative coverage (doses given / target population),930666.0,381991,41.0
COUNTRIES,PAK,Pakistan,2011,MCV2,Measles-containing vaccine - 2nd dose (booster),OFFICIAL,Official country-reported coverage estimate,413566.0,165686,40.1
COUNTRIES,PAK,Pakistan,2011,MCV2,Measles-containing vaccine - 2nd dose (booster),WUENIC,WHO/UNICEF Estimates of National Immunization Coverage,4641958.0,1819001,39.2
COUNTRIES,PAK,Pakistan,2011,POL3,Polio - 3rd dose,ADMIN,Administrative coverage (doses given / target population),4726647.0,1388334,29.4
COUNTRIES,PAK,Pakistan,2011,POL3,Polio - 3rd dose,OFFICIAL,Official country-reported coverage estimate,585834.0,232398,39.7
COUNTRIES,PAK,Pakistan,2011,POL3,Polio - 3rd dose,WUENIC,WHO/UNICEF Estimates of National Immunization Coverage,4131379.0,1561542,37.8
COUNTRIES,PAK,Pakistan,2011,HEPB3,Hepatitis B - 3rd dose,ADMIN,Administrative coverage (doses given / target population),212409.0,71204,33.5
COUNTRIES,PAK,Pakistan,2011,HEPB3,Hepatitis B - 3rd dose,OFFICIAL,Official country-reported coverage estimate,4566611.0,1897952,41.6
COUNTRIES,PAK,Pakistan,2011,HEPB3,Hepatitis B - 3rd dose,WUENIC,WHO/UNICEF Estimates of National Immunization Coverage,1924173.0,544597,28.3
COUNTRIES,PAK,Pakistan,2011,PCV3,Pneumococcal conjugate vaccine - 3rd dose,ADMIN,Administrative coverage (doses given / target population),1741350.0,760666,43.7
COUNTRIES,PAK,Pakistan,2011,PCV3,Pneumococcal conjugate vaccine - 3rd dose,OFFICIAL,Official country-reported coverage estimate,1673223.0,728878,43.6
COUNTRIES,PAK,Pakistan,2011,PCV3,Pneumococcal conjugate vaccine - 3rd dose,WUENIC,WHO/UNICEF Estimates of National Immunization Coverage,1168462.0,492970,42.2
COUNTRIES,PAK,Pakistan,2012,BCG,Bacille Calmette-Guerin (Tuberculosis),ADMIN,Administrative coverage (doses given / target population),1050465.0,501843,47.8
COUNTRIES,PAK,Pakistan,2012,BCG,Bacille Calmette-Guerin (Tuberculosis),OFFICIAL,Official country-reported coverage estimate,1788436.0,734462,41.1
COUNTRIES,PAK,Pakistan,2012,BCG,Bacille Calmette-Guerin (Tuberculosis),WUENIC,WHO/UNICEF Estimates of National Immunization Coverage,4646204.0,1804173,38.8
COUNTRIES,PAK,Pakistan,2012,DTP1,Diphtheria/Tetanus/Pertussis - 1st dose,ADMIN,Administrative coverage (doses given / target population),4669885.0,2075573,44.4
COUNTRIES,PAK,Pakistan,2012,DTP1,Diphtheria/Tetanus/Pertussis - 1st dose,OFFICIAL,Official country-reported coverage estimate,1607178.0,688026,42.8
COUNTRIES,PAK,Pakistan,2012,DTP1,Diphtheria/Tetanus/Pertussis - 1st dose,WUENIC,WHO/UNICEF Estimates of National Immunization Coverage,3680415.0,1561608,42.4
COUNTRIES,PAK,Pakistan,2012,DTP3,Diphtheria/Tetanus/Pertussis - 3rd dose,ADMIN,Administrative coverage (doses given / target population),4229148.0,1968735,46.6
COUNTRIES,PAK,Pakistan,2012,DTP3,Diphtheria/Tetanus/Pertussis - 3rd dose,OFFICIAL,Official country-reported coverage estimate,653080.0,302683,46.3
COUNTRIES,PAK,Pakistan,2012,DTP3,Diphtheria/Tetanus/Pertussis - 3rd dose,WUENIC,WHO/UNICEF Estimates of National Immunization Coverage,3846034.0,1802402,46.9
COUNTRIES,PAK,Pakistan,2012,MCV1,Measles-containing vaccine - 1st dose,ADMIN,Administrative coverage (doses given / target population),386928.0,119135,30.8
COUNTRIES,PAK,Pakistan,2012,MCV1,Measles-containing vaccine - 1st dose,OFFICIAL,Official country-reported coverage estimate,4649749.0,2366720,50.9
COUNTRIES,PAK,Pakistan,2012,MCV1,Measles-containing vaccine - 1st dose,WUENIC,WHO/UNICEF Estimates of National Immunization Coverage,2255214.0,707056,31.4
COUNTRIES,PAK,Pakistan,2012,MCV2,Measles-containing vaccine - 2nd dose (booster),ADMIN,Administrative coverage (doses given / target population),3861949.0,1442672,37.4
COUNTRIES,PAK,Pakistan,2012,MCV2,Measles-containing vaccine - 2nd dose (booster),OFFICIAL,Official country-reported coverage estimate,710442.0,283899,40.0
COUNTRIES,PAK,Pakistan,2012,MCV2,Measles-containing vaccine - 2nd dose (booster),WUENIC,WHO/UNICEF Estimates of National Immunization Coverage,219188.0,84533,38.6
COUNTRIES,PAK,Pakistan,2012,POL3,Polio - 3rd dose,ADMIN,Administrative coverage (doses given / target population),4024113.0,1422736,35.4
COUNTRIES,PAK,Pakistan,2012,POL3,Polio - 3rd dose,OFFICIAL,Official country-reported coverage estimate,3031930.0,1117268,36.9
COUNTRIES,PAK,Pakistan,2012,POL3,Polio - 3rd dose,WUENIC,WHO/UNICEF Estimates of National Immunization Coverage,3772216.0,1659085,44.0
COUNTRIES,PAK,Pakistan,2012,HEPB3,Hepatitis B - 3rd dose,ADMIN,Administrative coverage (doses given / target population),1415823.0,631698,44.6
COUNTRIES,PAK,Pakistan,2012,HEPB3,Hepatitis B - 3rd dose,OFFICIAL,Official country-reported coverage estimate,3313192.0,1419055,42.8
COUNTRIES,PAK,Pakistan,2012,HEPB3,Hepatitis B - 3rd dose,WUENIC,WHO/UNICEF Estimates of National Immunization Coverage,2268669.0,1011265,
COUNTRIES,PAK,Pakistan,2012,PCV3,Pneumococcal conjugate vaccine - 3rd dose,ADMIN,Administrative coverage (doses given / target population),4259874.0,1789793,42.0
COUNTRIES,PAK,Pakistan,2012,PCV3,Pneumococcal conjugate vaccine - 3rd dose,OFFICIAL,Official country-reported coverage estimate,2154258.0,910910,42.3
COUNTRIES,PAK,Pakistan,2012,PCV3,Pneumococcal conjugate vaccine - 3rd dose,WUENIC,WHO/UNICEF Estimates of National Immunization Coverage,4312479.0,1995566,46.3
COUNTRIES,PAK,Pakistan,2013,BCG,Bacille Calmette-Guerin (Tuberculosis),ADMIN,Administrative coverage (doses given / target population),4474028.0,2029860,45.4
COUNTRIES,PAK,Pakistan,2013,BCG,Bacille Calmette-Guerin (Tuberculosis),OFFICIAL,Official country-reported coverage estimate,,1381369,37.2
COUNTRIES,PAK,Pakistan,2013,BCG,Bacille Calmette-Guerin (Tuberculosis),WUENIC,WHO/UNICEF Estimates of National Immunization Coverage,2537434.0,1077014,42.4
COUNTRIES,PAK,Pakistan,2013,DTP1,Diphtheria/Tetanus/Pertussis - 1st dose,ADMIN,Administrative coverage (doses given / target population),1903624.0,822329,43.2
COUNTRIES,PAK,Pakistan,2013,DTP1,Diphtheria/Tetanus/Pertussis - 1st dose,OFFICIAL,Official country-reported coverage estimate,2538262.0,1403104,55.3
COUNTRIES,PAK,Pakistan,2013,DTP1,Diphtheria/Tetanus/Pertussis - 1st dose,WUENIC,WHO/UNICEF Estimates of National Immunization Coverage,3061505.0,1364596,44.6
COUNTRIES,PAK,Pakistan,2013,DTP3,Diphtheria/Tetanus/Pertussis - 3rd dose,ADMIN,Administrative coverage (doses given / target population),2850661.0,1381138,48.4
COUNTRIES,PAK,Pakistan,2013,DTP3,Diphtheria/Tetanus/Pertussis - 3rd dose,OFFICIAL,Official country-reported coverage estimate,4826996.0,2706306,56.1
COUNTRIES,PAK,Pakistan,2013,DTP3,Diphtheria/Tetanus/Pertussis - 3rd dose,WUENIC,WHO/UNICEF Estimates of National Immunization Coverage,1320772.0,525281,39.8
COUNTRIES,PAK,Pakistan,2013,MCV1,Measles-containing vaccine - 1st dose,ADMIN,Administrative coverage (doses given / target population),,934604,37.2
COUNTRIES,PAK,Pakistan,2013,MCV1,Measles-containing vaccine - 1st dose,OFFICIAL,Official country-reported coverage estimate,4839585.0,1932438,39.9
COUNTRIES,PAK,Pakistan,2013,MCV1,Measles-containing vaccine - 1st dose,WUENIC,WHO/UNICEF Estimates of National Immunization Coverage,4636570.0,2184604,47.1
COUNTRIES,PAK,Pakistan,2013,MCV2,Measles-containing vaccine - 2nd dose (booster),ADMIN,Administrative coverage (doses given / target population),2655977.0,1167396,44.0
COUNTRIES,PAK,Pakistan,2013,MCV2,Measles-containing vaccine - 2nd dose (booster),OFFICIAL,Official country-reported coverage estimate,1551479.0,643385,41.5
COUNTRIES,PAK,Pakistan,2013,MCV2,Measles-containing vaccine - 2nd dose (booster),WUENIC,WHO/UNICEF Estimates of National Immunization Coverage,2941602.0,1177993,40.0
COUNTRIES,PAK,Pakistan,2013,POL3,Polio - 3rd dose,ADMIN,Administrative coverage (doses given / target population),4703309.0,2088477,44.4
COUNTRIES,PAK,Pakistan,2013,POL3,Polio - 3rd dose,OFFICIAL,Official country-reported coverage estimate,620170.0,233941,37.7
COUNTRIES,PAK,Pakistan,2013,POL3,Polio - 3rd dose,WUENIC,WHO/UNICEF Estimates of National Immunization Coverage,1338138.0,486853,36.4
COUNTRIES,PAK,Pakistan,2013,HEPB3,Hepatitis B - 3rd dose,ADMIN,Administrative coverage (doses given / target population),341300.0,162658,47.7
COUNTRIES,PAK,Pakistan,2013,HEPB3,Hepatitis B - 3rd dose,OFFICIAL,Official country-reported coverage estimate,110631.0,47353,42.8
COUNTRIES,PAK,Pakistan,2013,HEPB3,Hepatitis B - 3rd dose,WUENIC,WHO/UNICEF Estimates of National Immunization Coverage,384260.0,160074,
COUNTRIES,PAK,Pakistan,2013,PCV3,Pneumococcal conjugate vaccine - 3rd dose,ADMIN,Administrative coverage (doses given / target population),395569.0,146196,37.0
COUNTRIES,PAK,Pakistan,2013,PCV3,Pneumococcal conjugate vaccine - 3rd dose,OFFICIAL,Official country-reported coverage estimate,3331476.0,1185524,35.6
COUNTRIES,PAK,Pakistan,2013,PCV3,Pneumococcal conjugate vaccine - 3rd dose,WUENIC,WHO/UNICEF Estimates of National Immunization Coverage,1343122.0,613064,45.6
COUNTRIES,PAK,Pakistan,2014,BCG,Bacille Calmette-Guerin (Tuberculosis),ADMIN,Administrative coverage (doses given / target population),4478906.0,1990165,44.4
COUNTRIES,PAK,Pakistan,2014,BCG,Bacille Calmette-Guerin (Tuberculosis),OFFICIAL,Official country-reported coverage estimate,647015.0,300887,46.5
COUNTRIES,PAK,Pakistan,2014,BCG,Bacille Calmette-Guerin (Tuberculosis),WUENIC,WHO/UNICEF Estimates of National Immunization Coverage,2958793.0,1123626,38.0
COUNTRIES,PAK,Pakistan,2014,DTP1,Diphtheria/Tetanus/Pertussis - 1st dose,ADMIN,Administrative coverage (doses given / target population),2381423.0,875774,36.8
COUNTRIES,PAK,Pakistan,2014,DTP1,Diphtheria/Tetanus/Pertussis - 1st dose,OFFICIAL,Official country-reported coverage estimate,823642.0,413846,50.2
COUNTRIES,PAK,Pakistan,2014,DTP1,Diphtheria/Tetanus/Pertussis - 1st dose,WUENIC,WHO/UNICEF Estimates of National Immunization Coverage,1323096.0,609536,46.1
COUNTRIES,PAK,Pakistan,2014,DTP3,Diphtheria/Tetanus/Pertussis - 3rd dose,ADMIN,Administrative coverage (doses given / target population),2437761.0,1216985,49.9
COUNTRIES,PAK,Pakistan,2014,DTP3,Diphtheria/Tetanus/Pertussis - 3rd dose,OFFICIAL,Official country-reported coverage estimate,4496403.0,1447106,32.2
COUNTRIES,PAK,Pakistan,2014,DTP3,Diphtheria/Tetanus/Pertussis - 3rd dose,WUENIC,WHO/UNICEF Estimates of National Immunization Coverage,614394.0,233523,38.0
COUNTRIES,PAK,Pakistan,2014,MCV1,Measles-containing vaccine - 1st dose,ADMIN,Administrative coverage (doses given / target population),1754453.0,655008,37.3
COUNTRIES,PAK,Pakistan,2014,MCV1,Measles-containing vaccine - 1st dose,OFFICIAL,Official country-reported coverage estimate,1607851.0,578400,36.0
COUNTRIES,PAK,Pakistan,2014,MCV1,Measles-containing vaccine - 1st dose,WUENIC,WHO/UNICEF Estimates of National Immunization Coverage,3700276.0,1300253,35.1
COUNTRIES,PAK,Pakistan,2014,MCV2,Measles-containing vaccine - 2nd dose (booster),ADMIN,Administrative coverage (doses given / target population),2110000.0,937879,
COUNTRIES,PAK,Pakistan,2014,MCV2,Measles-containing vaccine - 2nd dose (booster),OFFICIAL,Official country-reported coverage estimate,4301883.0,1949835,45.3
COUNTRIES,PAK,Pakistan,2014,MCV2,Measles-containing vaccine - 2nd dose (booster),WUENIC,WHO/UNICEF Estimates of National Immunization Coverage,1303872.0,593070,45.5
COUNTRIES,PAK,Pakistan,2014,POL3,Polio - 3rd dose,ADMIN,Administrative coverage (doses given / target population),2975738.0,1196203,40.2
COUNTRIES,PAK,Pakistan,2014,POL3,Polio - 3rd dose,OFFICIAL,Official country-reported coverage estimate,241819.0,133401,55.2
COUNTRIES,PAK,Pakistan,2014,POL3,Polio - 3rd dose,WUENIC,WHO/UNICEF Estimates of National Immunization Coverage,2962710.0,926264,31.3
COUNTRIES,PAK,Pakistan,2014,HEPB3,Hepatitis B - 3rd dose,ADMIN,Administrative coverage (doses given / target population),3294523.0,1200021,36.4
COUNTRIES,PAK,Pakistan,2014,HEPB3,Hepatitis B - 3rd dose,OFFICIAL,Official country-reported coverage estimate,4449163.0,1892807,42.5
COUNTRIES,PAK,Pakistan,2014,HEPB3,Hepatitis B - 3rd dose,WUENIC,WHO/UNICEF Estimates of National Immunization Coverage,3755146.0,1566202,41.7
COUNTRIES,PAK,Pakistan,2014,PCV3,Pneumococcal conjugate vaccine - 3rd dose,ADMIN,Administrative coverage (doses given / target population),4260210.0,2322008,54.5
COUNTRIES,PAK,Pakistan,2014,PCV3,Pneumococcal conjugate vaccine - 3rd dose,OFFICIAL,Official country-reported coverage estimate,1634796.0,747639,45.7
COUNTRIES,PAK,Pakistan,2014,PCV3,Pneumococcal conjugate vaccine - 3rd dose,WUENIC,WHO/UNICEF Estimates of National Immunization Coverage,2363603.0,871048,36.9
COUNTRIES,PAK,Pakistan,2015,BCG,Bacille Calmette-Guerin (Tuberculosis),ADMIN,Administrative coverage (doses given / target population),1519499.0,559846,36.8
COUNTRIES,PAK,Pakistan,2015,BCG,Bacille Calmette-Guerin (Tuberculosis),OFFICIAL,Official country-reported coverage estimate,,1202137,43.9
COUNTRIES,PAK,Pakistan,2015,BCG,Bacille Calmette-Guerin (Tuberculosis),WUENIC,WHO/UNICEF Estimates of National Immunization Coverage,1310019.0,415290,31.7
COUNTRIES,PAK,Pakistan,2015,DTP1,Diphtheria/Tetanus/Pertussis - 1st dose,ADMIN,Administrative coverage (doses given / target population),3497701.0,1501333,42.9
COUNTRIES,PAK,Pakistan,2015,DTP1,Diphtheria/Tetanus/Pertussis - 1st dose,OFFICIAL,Official country-reported coverage estimate,1346387.0,559398,41.5
COUNTRIES,PAK,Pakistan,2015,DTP1,Diphtheria/Tetanus/Pertussis - 1st dose,WUENIC,WHO/UNICEF Estimates of National Immunization Coverage,1260168.0,499049,39.6
COUNTRIES,PAK,Pakistan,2015,DTP3,Diphtheria/Tetanus/Pertussis - 3rd dose,ADMIN,Administrative coverage (doses given / target population),1759647.0,735142,41.8
COUNTRIES,PAK,Pakistan,2015,DTP3,Diphtheria/Tetanus/Pertussis - 3rd dose,OFFICIAL,Official country-reported coverage estimate,133318.0,61949,46.5
COUNTRIES,PAK,Pakistan,2015,DTP3,Diphtheria/Tetanus/Pertussis - 3rd dose,WUENIC,WHO/UNICEF Estimates of National Immunization Coverage,1925396.0,949684,49.3
COUNTRIES,PAK,Pakistan,2015,MCV1,Measles-containing vaccine - 1st dose,ADMIN,Administrative coverage (doses given / target population),1531911.0,614327,
COUNTRIES,PAK,Pakistan,2015,MCV1,Measles-containing vaccine - 1st dose,OFFICIAL,Official country-reported coverage estimate,2633801.0,1197455,45.5
COUNTRIES,PAK,Pakistan,2015,MCV1,Measles-containing vaccine - 1st dose,WUENIC,WHO/UNICEF Estimates of National Immunization Coverage,1790561.0,720410,40.2
COUNTRIES,PAK,Pakistan,2015,MCV2,Measles-containing vaccine - 2nd dose (booster),ADMIN,Administrative coverage (doses given / target population),340657.0,162089,47.6
COUNTRIES,PAK,Pakistan,2015,MCV2,Measles-containing vaccine - 2nd dose (booster),OFFICIAL,Official country-reported coverage estimate,2716238.0,1374120,50.6
COUNTRIES,PAK,Pakistan,2015,MCV2,Measles-containing vaccine - 2nd dose (booster),WUENIC,WHO/UNICEF Estimates of National Immunization Coverage,4934223.0,2640249,53.5
COUNTRIES,PAK,Pakistan,2015,POL3,Polio - 3rd dose,ADMIN,Administrative coverage (doses given / target population),2246402.0,964209,42.9
COUNTRIES,PAK,Pakistan,2015,POL3,Polio - 3rd dose,OFFICIAL,Official country-reported coverage estimate,2831945.0,1215093,42.9
COUNTRIES,PAK,Pakistan,2015,POL3,Polio - 3rd dose,WUENIC,WHO/UNICEF Estimates of National Immunization Coverage,197566.0,76938,38.9
COUNTRIES,PAK,Pakistan,2015,HEPB3,Hepatitis B - 3rd dose,ADMIN,Administrative coverage (doses given / target population),,869514,33.9
COUNTRIES,PAK,Pakistan,2015,HEPB3,Hepatitis B - 3rd dose,OFFICIAL,Official country-reported coverage estimate,3010965.0,1151057,38.2
COUNTRIES,PAK,Pakistan,2015,HEPB3,Hepatitis B - 3rd dose,WUENIC,WHO/UNICEF Estimates of National Immunization Coverage,3163292.0,1371443,43.4
COUNTRIES,PAK,Pakistan,2015,PCV3,Pneumococcal conjugate vaccine - 3rd dose,ADMIN,Administrative coverage (doses given / target population),2974654.0,1078045,36.2
COUNTRIES,PAK,Pakistan,2015,PCV3,Pneumococcal conjugate vaccine - 3rd dose,OFFICIAL,Official country-reported coverage estimate,4220152.0,1867197,44.2
COUNTRIES,PAK,Pakistan,2015,PCV3,Pneumococcal conjugate vaccine - 3rd dose,WUENIC,WHO/UNICEF Estimates of National Immunization Coverage,540241.0,250210,46.3
COUNTRIES,PAK,Pakistan,2016,BCG,Bacille Calmette-Guerin (Tuberculosis),ADMIN,Administrative coverage (doses given / target population),2803141.0,1579687,56.4
COUNTRIES,PAK,Pakistan,2016,BCG,Bacille Calmette-Guerin (Tuberculosis),OFFICIAL,Official country-reported coverage estimate,3765169.0,1737606,46.1
COUNTRIES,PAK,Pakistan,2016,BCG,Bacille Calmette-Guerin (Tuberculosis),WUENIC,WHO/UNICEF Estimates of National Immunization Coverage,3259568.0,1198661,36.8
COUNTRIES,PAK,Pakistan,2016,DTP1,Diphtheria/Tetanus/Pertussis - 1st dose,ADMIN,Administrative coverage (doses given / target population),4490114.0,2367905,52.7
COUNTRIES,PAK,Pakistan,2016,DTP1,Diphtheria/Tetanus/Pertussis - 1st dose,OFFICIAL,Official country-reported coverage estimate,1728166.0,651486,37.7
COUNTRIES,PAK,Pakistan,2016,DTP1,Diphtheria/Tetanus/Pertussis - 1st dose,WUENIC,WHO/UNICEF Estimates of National Immunization Coverage,3473750.0,1493865,43.0
COUNTRIES,PAK,Pakistan,2016,DTP3,Diphtheria/Tetanus/Pertussis - 3rd dose,ADMIN,Administrative coverage (doses given / target population),513235.0,219140,42.7
COUNTRIES,PAK,Pakistan,2016,DTP3,Diphtheria/Tetanus/Pertussis - 3rd dose,OFFICIAL,Official country-reported coverage estimate,462174.0,191382,41.4
COUNTRIES,PAK,Pakistan,2016,DTP3,Diphtheria/Tetanus/Pertussis - 3rd dose,WUENIC,WHO/UNICEF Estimates of National Immunization Coverage,1038984.0,525884,50.6
COUNTRIES,PAK,Pakistan,2016,MCV1,Measles-containing vaccine - 1st dose,ADMIN,Administrative coverage (doses given / target population),866524.0,302217,34.9
COUNTRIES,PAK,Pakistan,2016,MCV1,Measles-containing vaccine - 1st dose,OFFICIAL,Official country-reported coverage estimate,3555513.0,1738452,48.9
COUNTRIES,PAK,Pakistan,2016,MCV1,Measles-containing vaccine - 1st dose,WUENIC,WHO/UNICEF Estimates of National Immunization Coverage,3052166.0,1206090,39.5
COUNTRIES,PAK,Pakistan,2016,MCV2,Measles-containing vaccine - 2nd dose (booster),ADMIN,Administrative coverage (doses given / target population),1530669.0,516539,33.7
COUNTRIES,PAK,Pakistan,2016,MCV2,Measles-containing vaccine - 2nd dose (booster),OFFICIAL,Official country-reported coverage estimate,3102957.0,1331502,42.9
COUNTRIES,PAK,Pakistan,2016,MCV2,Measles-containing vaccine - 2nd dose (booster),WUENIC,WHO/UNICEF Estimates of National Immunization Coverage,263717.0,132473,50.2
COUNTRIES,PAK,Pakistan,2016,POL3,Polio - 3rd dose,ADMIN,Administrative coverage (doses given / target population),4941292.0,2111506,42.7
COUNTRIES,PAK,Pakistan,2016,POL3,Polio - 3rd dose,OFFICIAL,Official country-reported coverage estimate,4746925.0,2244814,47.3
COUNTRIES,PAK,Pakistan,2016,POL3,Polio - 3rd dose,WUENIC,WHO/UNICEF Estimates of National Immunization Coverage,1238535.0,612352,49.4
COUNTRIES,PAK,Pakistan,2016,HEPB3,Hepatitis B - 3rd dose,ADMIN,Administrative coverage (doses given / target population),2455923.0,887675,36.1
COUNTRIES,PAK,Pakistan,2016,HEPB3,Hepatitis B - 3rd dose,OFFICIAL,Official country-reported coverage estimate,3943288.0,1763402,44.7
COUNTRIES,PAK,Pakistan,2016,HEPB3,Hepatitis B - 3rd dose,WUENIC,WHO/UNICEF Estimates of National Immunization Coverage,,1309569,49.7
COUNTRIES,PAK,Pakistan,2016,PCV3,Pneumococcal conjugate vaccine - 3rd dose,ADMIN,Administrative coverage (doses given / target population),3183788.0,922510,29.0
COUNTRIES,PAK,Pakistan,2016,PCV3,Pneumococcal conjugate vaccine - 3rd dose,OFFICIAL,Official country-reported coverage estimate,4495694.0,1732205,38.5
COUNTRIES,PAK,Pakistan,2016,PCV3,Pneumococcal conjugate vaccine - 3rd dose,WUENIC,WHO/UNICEF Estimates of National Immunization Coverage,1991250.0,837701,42.1
COUNTRIES,PAK,Pakistan,2017,BCG,Bacille Calmette-Guerin (Tuberculosis),ADMIN,Administrative coverage (doses given / target population),1954183.0,908786,46.5
COUNTRIES,PAK,Pakistan,2017,BCG,Bacille Calmette-Guerin (Tuberculosis),OFFICIAL,Official country-reported coverage estimate,,369804,47.3
COUNTRIES,PAK,Pakistan,2017,BCG,Bacille Calmette-Guerin (Tuberculosis),WUENIC,WHO/UNICEF Estimates of National Immunization Coverage,1472991.0,623860,42.4
COUNTRIES,PAK,Pakistan,2017,DTP1,Diphtheria/Tetanus/Pertussis - 1st dose,ADMIN,Administrative coverage (doses given / target population),4131388.0,1689990,40.9
COUNTRIES,PAK,Pakistan,2017,DTP1,Diphtheria/Tetanus/Pertussis - 1st dose,OFFICIAL,Official country-reported coverage estimate,2506629.0,1156488,46.1
COUNTRIES,PAK,Pakistan,2017,DTP1,Diphtheria/Tetanus/Pertussis - 1st dose,WUENIC,WHO/UNICEF Estimates of National Immunization Coverage,4767129.0,2260889,47.4
COUNTRIES,PAK,Pakistan,2017,DTP3,Diphtheria/Tetanus/Pertussis - 3rd dose,ADMIN,Administrative coverage (doses given / target population),381541.0,187296,49.1
COUNTRIES,PAK,Pakistan,2017,DTP3,Diphtheria/Tetanus/Pertussis - 3rd dose,OFFICIAL,Official country-reported coverage estimate,1500296.0,378919,25.3
COUNTRIES,PAK,Pakistan,2017,DTP3,Diphtheria/Tetanus/Pertussis - 3rd dose,WUENIC,WHO/UNICEF Estimates of National Immunization Coverage,1350511.0,485785,36.0
COUNTRIES,PAK,Pakistan,2017,MCV1,Measles-containing vaccine - 1st dose,ADMIN,Administrative coverage (doses given / target population),655457.0,264540,40.4
COUNTRIES,PAK,Pakistan,2017,MCV1,Measles-containing vaccine - 1st dose,OFFICIAL,Official country-reported coverage estimate,1030682.0,327078,31.7
COUNTRIES,PAK,Pakistan,2017,MCV1,Measles-containing vaccine - 1st dose,WUENIC,WHO/UNICEF Estimates of National Immunization Coverage,4169126.0,1822705,43.7
COUNTRIES,PAK,Pakistan,2017,MCV2,Measles-containing vaccine - 2nd dose (booster),ADMIN,Administrative coverage (doses given / target population),2923169.0,1469437,50.3
COUNTRIES,PAK,Pakistan,2017,MCV2,Measles-containing vaccine - 2nd dose (booster),OFFICIAL,Official country-reported coverage estimate,1569767.0,728220,46.4
COUNTRIES,PAK,Pakistan,2017,MCV2,Measles-containing vaccine - 2nd dose (booster),WUENIC,WHO/UNICEF Estimates of National Immunization Coverage,735973.0,337201,45.8
COUNTRIES,PAK,Pakistan,2017,POL3,Polio - 3rd dose,ADMIN,Administrative coverage (doses given / target population),,625773,57.3
COUNTRIES,PAK,Pakistan,2017,POL3,Polio - 3rd dose,OFFICIAL,Official country-reported coverage estimate,4347770.0,2150625,49.5
COUNTRIES,PAK,Pakistan,2017,POL3,Polio - 3rd dose,WUENIC,WHO/UNICEF Estimates of National Immunization Coverage,3284463.0,1521329,46.3
COUNTRIES,PAK,Pakistan,2017,HEPB3,Hepatitis B - 3rd dose,ADMIN,Administrative coverage (doses given / target population),392242.0,198034,50.5
COUNTRIES,PAK,Pakistan,2017,HEPB3,Hepatitis B - 3rd dose,OFFICIAL,Official country-reported coverage estimate,2608951.0,1071740,41.1
COUNTRIES,PAK,Pakistan,2017,HEPB3,Hepatitis B - 3rd dose,WUENIC,WHO/UNICEF Estimates of National Immunization Coverage,3653010.0,1849470,50.6
COUNTRIES,PAK,Pakistan,2017,PCV3,Pneumococcal conjugate vaccine - 3rd dose,ADMIN,Administrative coverage (doses given / target population),,34059,59.1
COUNTRIES,PAK,Pakistan,2017,PCV3,Pneumococcal conjugate vaccine - 3rd dose,OFFICIAL,Official country-reported coverage estimate,378671.0,148207,39.1
COUNTRIES,PAK,Pakistan,2017,PCV3,Pneumococcal conjugate vaccine - 3rd dose,WUENIC,WHO/UNICEF Estimates of National Immunization Coverage,422989.0,176819,41.8
COUNTRIES,PAK,Pakistan,2018,BCG,Bacille Calmette-Guerin (Tuberculosis),ADMIN,Administrative coverage (doses given / target population),490197.0,201459,41.1
COUNTRIES,PAK,Pakistan,2018,BCG,Bacille Calmette-Guerin (Tuberculosis),OFFICIAL,Official country-reported coverage estimate,2742998.0,753307,27.5
COUNTRIES,PAK,Pakistan,2018,BCG,Bacille Calmette-Guerin (Tuberculosis),WUENIC,WHO/UNICEF Estimates of National Immunization Coverage,4275469.0,1771360,41.4
COUNTRIES,PAK,Pakistan,2018,DTP1,Diphtheria/Tetanus/Pertussis - 1st dose,ADMIN,Administrative coverage (doses given / target population),3851218.0,1582067,41.1
COUNTRIES,PAK,Pakistan,2018,DTP1,Diphtheria/Tetanus/Pertussis - 1st dose,OFFICIAL,Official country-reported coverage estimate,2159908.0,1202016,55.7
COUNTRIES,PAK,Pakistan,2018,DTP1,Diphtheria/Tetanus/Pertussis - 1st dose,WUENIC,WHO/UNICEF Estimates of National Immunization Coverage,188702.0,97719,51.8
COUNTRIES,PAK,Pakistan,2018,DTP3,Diphtheria/Tetanus/Pertussis - 3rd dose,ADMIN,Administrative coverage (doses given / target population),2528271.0,1153081,45.6
COUNTRIES,PAK,Pakistan,2018,DTP3,Diphtheria/Tetanus/Pertussis - 3rd dose,OFFICIAL,Official country-reported coverage estimate,2882206.0,1317584,45.7
COUNTRIES,PAK,Pakistan,2018,DTP3,Diphtheria/Tetanus/Pertussis - 3rd dose,WUENIC,WHO/UNICEF Estimates of National Immunization Coverage,4161984.0,2174707,52.3
COUNTRIES,PAK,Pakistan,2018,MCV1,Measles-containing vaccine - 1st dose,ADMIN,Administrative coverage (doses given / target population),536360.0,252173,47.0
COUNTRIES,PAK,Pakistan,2018,MCV1,Measles-containing vaccine - 1st dose,OFFICIAL,Official country-reported coverage estimate,4437357.0,2051700,46.2
COUNTRIES,PAK,Pakistan,2018,MCV1,Measles-containing vaccine - 1st dose,WUENIC,WHO/UNICEF Estimates of National Immunization Coverage,3827873.0,1778770,46.5
COUNTRIES,PAK,Pakistan,2018,MCV2,Measles-containing vaccine - 2nd dose (booster),ADMIN,Administrative coverage (doses given / target population),1353420.0,777476,57.4
COUNTRIES,PAK,Pakistan,2018,MCV2,Measles-containing vaccine - 2nd dose (booster),OFFICIAL,Official country-reported coverage estimate,1781709.0,829488,46.6
COUNTRIES,PAK,Pakistan,2018,MCV2,Measles-containing vaccine - 2nd dose (booster),WUENIC,WHO/UNICEF Estimates of National Immunization Coverage,2631143.0,1357292,51.6
COUNTRIES,PAK,Pakistan,2018,POL3,Polio - 3rd dose,ADMIN,Administrative coverage (doses given / target population),3496333.0,1542207,44.1
COUNTRIES,PAK,Pakistan,2018,POL3,Polio - 3rd dose,OFFICIAL,Official country-reported coverage estimate,1562129.0,464556,29.7
COUNTRIES,PAK,Pakistan,2018,POL3,Polio - 3rd dose,WUENIC,WHO/UNICEF Estimates of National Immunization Coverage,251447.0,77249,
COUNTRIES,PAK,Pakistan,2018,HEPB3,Hepatitis B - 3rd dose,ADMIN,Administrative coverage (doses given / target population),792210.0,418751,52.9
COUNTRIES,PAK,Pakistan,2018,HEPB3,Hepatitis B - 3rd dose,OFFICIAL,Official country-reported coverage estimate,2893015.0,1447579,50.0
COUNTRIES,PAK,Pakistan,2018,HEPB3,Hepatitis B - 3rd dose,WUENIC,WHO/UNICEF Estimates of National Immunization Coverage,,275112,38.6
COUNTRIES,PAK,Pakistan,2018,PCV3,Pneumococcal conjugate vaccine - 3rd dose,ADMIN,Administrative coverage (doses given / target population),534276.0,243648,45.6
COUNTRIES,PAK,Pakistan,2018,PCV3,Pneumococcal conjugate vaccine - 3rd dose,OFFICIAL,Official country-reported coverage estimate,1225801.0,537358,43.8
COUNTRIES,PAK,Pakistan,2018,PCV3,Pneumococcal conjugate vaccine - 3rd dose,WUENIC,WHO/UNICEF Estimates of National Immunization Coverage,611933.0,272597,44.5
COUNTRIES,PAK,Pakistan,2019,BCG,Bacille Calmette-Guerin (Tuberculosis),ADMIN,Administrative coverage (doses given / target population),283889.0,173296,61.0
COUNTRIES,PAK,Pakistan,2019,BCG,Bacille Calmette-Guerin (Tuberculosis),OFFICIAL,Official country-reported coverage estimate,1384233.0,702304,50.7
COUNTRIES,PAK,Pakistan,2019,BCG,Bacille Calmette-Guerin (Tuberculosis),WUENIC,WHO/UNICEF Estimates of National Immunization Coverage,272157.0,134724,49.5
COUNTRIES,PAK,Pakistan,2019,DTP1,Diphtheria/Tetanus/Pertussis - 1st dose,ADMIN,Administrative coverage (doses given / target population),4254251.0,1842029,43.3
COUNTRIES,PAK,Pakistan,2019,DTP1,Diphtheria/Tetanus/Pertussis - 1st dose,OFFICIAL,Official country-reported coverage estimate,2981057.0,957230,32.1
COUNTRIES,PAK,Pakistan,2019,DTP1,Diphtheria/Tetanus/Pertussis - 1st dose,WUENIC,WHO/UNICEF Estimates of National Immunization Coverage,2827849.0,1394395,49.3
COUNTRIES,PAK,Pakistan,2019,DTP3,Diphtheria/Tetanus/Pertussis - 3rd dose,ADMIN,Administrative coverage (doses given / target population),104126.0,40213,38.6
COUNTRIES,PAK,Pakistan,2019,DTP3,Diphtheria/Tetanus/Pertussis - 3rd dose,OFFICIAL,Official country-reported coverage estimate,4857157.0,1956869,40.3
COUNTRIES,PAK,Pakistan,2019,DTP3,Diphtheria/Tetanus/Pertussis - 3rd dose,WUENIC,WHO/UNICEF Estimates of National Immunization Coverage,1325206.0,708338,53.5
COUNTRIES,PAK,Pakistan,2019,MCV1,Measles-containing vaccine - 1st dose,ADMIN,Administrative coverage (doses given / target population),1985193.0,959805,48.3
COUNTRIES,PAK,Pakistan,2019,MCV1,Measles-containing vaccine - 1st dose,OFFICIAL,Official country-reported coverage estimate,2798515.0,1348005,48.2
COUNTRIES,PAK,Pakistan,2019,MCV1,Measles-containing vaccine - 1st dose,WUENIC,WHO/UNICEF Estimates of National Immunization Coverage,3474157.0,1585060,45.6
COUNTRIES,PAK,Pakistan,2019,MCV2,Measles-containing vaccine - 2nd dose (booster),ADMIN,Administrative coverage (doses given / target population),3777712.0,1410140,37.3
COUNTRIES,PAK,Pakistan,2019,MCV2,Measles-containing vaccine - 2nd dose (booster),OFFICIAL,Official country-reported coverage estimate,1057469.0,479450,45.3
COUNTRIES,PAK,Pakistan,2019,MCV2,Measles-containing vaccine - 2nd dose (booster),WUENIC,WHO/UNICEF Estimates of National Immunization Coverage,1273972.0,590905,46.4
COUNTRIES,PAK,Pakistan,2019,POL3,Polio - 3rd dose,ADMIN,Administrative coverage (doses given / target population),4369619.0,2353783,53.9
COUNTRIES,PAK,Pakistan,2019,POL3,Polio - 3rd dose,OFFICIAL,Official country-reported coverage estimate,1682437.0,906143,53.9
COUNTRIES,PAK,Pakistan,2019,POL3,Polio - 3rd dose,WUENIC,WHO/UNICEF Estimates of National Immunization Coverage,4547692.0,1924829,42.3
COUNTRIES,PAK,Pakistan,2019,HEPB3,Hepatitis B - 3rd dose,ADMIN,Administrative coverage (doses given / target population),4874222.0,2306530,47.3
COUNTRIES,PAK,Pakistan,2019,HEPB3,Hepatitis B - 3rd dose,OFFICIAL,Official country-reported coverage estimate,4595775.0,2450448,53.3
COUNTRIES,PAK,Pakistan,2019,HEPB3,Hepatitis B - 3rd dose,WUENIC,WHO/UNICEF Estimates of National Immunization Coverage,2461221.0,1259046,51.2
COUNTRIES,PAK,Pakistan,2019,PCV3,Pneumococcal conjugate vaccine - 3rd dose,ADMIN,Administrative coverage (doses given / target population),4884733.0,1911874,39.1
COUNTRIES,PAK,Pakistan,2019,PCV3,Pneumococcal conjugate vaccine - 3rd dose,OFFICIAL,Official country-reported coverage estimate,2661799.0,1308871,49.2
COUNTRIES,PAK,Pakistan,2019,PCV3,Pneumococcal conjugate vaccine - 3rd dose,WUENIC,WHO/UNICEF Estimates of National Immunization Coverage,3826866.0,1645872,43.0
COUNTRIES,PAK,Pakistan,2020,BCG,Bacille Calmette-Guerin (Tuberculosis),ADMIN,Administrative coverage (doses given / target population),663026.0,292728,44.2
COUNTRIES,PAK,Pakistan,2020,BCG,Bacille Calmette-Guerin (Tuberculosis),OFFICIAL,Official country-reported coverage estimate,4197347.0,1792720,42.7
COUNTRIES,PAK,Pakistan,2020,BCG,Bacille Calmette-Guerin (Tuberculosis),WUENIC,WHO/UNICEF Estimates of National Immunization Coverage,529825.0,160025,30.2
COUNTRIES,PAK,Pakistan,2020,DTP1,Diphtheria/Tetanus/Pertussis - 1st dose,ADMIN,Administrative coverage (doses given / target population),574889.0,233662,40.6
COUNTRIES,PAK,Pakistan,2020,DTP1,Diphtheria/Tetanus/Pertussis - 1st dose,OFFICIAL,Official country-reported coverage estimate,389673.0,175722,45.1
COUNTRIES,PAK,Pakistan,2020,DTP1,Diphtheria/Tetanus/Pertussis - 1st dose,WUENIC,WHO/UNICEF Estimates of National Immunization Coverage,1347406.0,582035,43.2
COUNTRIES,PAK,Pakistan,2020,DTP3,Diphtheria/Tetanus/Pertussis - 3rd dose,ADMIN,Administrative coverage (doses given / target population),3798879.0,1883523,49.6
COUNTRIES,PAK,Pakistan,2020,DTP3,Diphtheria/Tetanus/Pertussis - 3rd dose,OFFICIAL,Official country-reported coverage estimate,4402358.0,1837408,41.7
COUNTRIES,PAK,Pakistan,2020,DTP3,Diphtheria/Tetanus/Pertussis - 3rd dose,WUENIC,WHO/UNICEF Estimates of National Immunization Coverage,2951572.0,1444594,48.9
COUNTRIES,PAK,Pakistan,2020,MCV1,Measles-containing vaccine - 1st dose,ADMIN,Administrative coverage (doses given / target population),992947.0,349379,35.2
COUNTRIES,PAK,Pakistan,2020,MCV1,Measles-containing vaccine - 1st dose,OFFICIAL,Official country-reported coverage estimate,4787009.0,2338469,48.9
COUNTRIES,PAK,Pakistan,2020,MCV1,Measles-containing vaccine - 1st dose,WUENIC,WHO/UNICEF Estimates of National Immunization Coverage,2092629.0,932664,44.6
COUNTRIES,PAK,Pakistan,2020,MCV2,Measles-containing vaccine - 2nd dose (booster),ADMIN,Administrative coverage (doses given / target population),2213783.0,732184,33.1
COUNTRIES,PAK,Pakistan,2020,MCV2,Measles-containing vaccine - 2nd dose (booster),OFFICIAL,Official country-reported coverage estimate,2517437.0,878073,34.9
COUNTRIES,PAK,Pakistan,2020,MCV2,Measles-containing vaccine - 2nd dose (booster),WUENIC,WHO/UNICEF Estimates of National Immunization Coverage,843927.0,394044,46.7
COUNTRIES,PAK,Pakistan,2020,POL3,Polio - 3rd dose,ADMIN,Administrative coverage (doses given / target population),1722260.0,652391,37.9
COUNTRIES,PAK,Pakistan,2020,POL3,Polio - 3rd dose,OFFICIAL,Official country-reported coverage estimate,2432808.0,1026341,42.2
COUNTRIES,PAK,Pakistan,2020,POL3,Polio - 3rd dose,WUENIC,WHO/UNICEF Estimates of National Immunization Coverage,2436149.0,998181,41.0
COUNTRIES,PAK,Pakistan,2020,HEPB3,Hepatitis B - 3rd dose,ADMIN,Administrative coverage (doses given / target population),2051168.0,992174,48.4
COUNTRIES,PAK,Pakistan,2020,HEPB3,Hepatitis B - 3rd dose,OFFICIAL,Official country-reported coverage estimate,1759132.0,892234,50.7
COUNTRIES,PAK,Pakistan,2020,HEPB3,Hepatitis B - 3rd dose,WUENIC,WHO/UNICEF Estimates of National Immunization Coverage,3303803.0,1537128,46.5
COUNTRIES,PAK,Pakistan,2020,PCV3,Pneumococcal conjugate vaccine - 3rd dose,ADMIN,Administrative coverage (doses given / target population),1463076.0,580012,39.6
COUNTRIES,PAK,Pakistan,2020,PCV3,Pneumococcal conjugate vaccine - 3rd dose,OFFICIAL,Official country-reported coverage estimate,3961703.0,1384774,35.0
COUNTRIES,PAK,Pakistan,2020,PCV3,Pneumococcal conjugate vaccine - 3rd dose,WUENIC,WHO/UNICEF Estimates of National Immunization Coverage,567772.0,242503,42.7
COUNTRIES,PAK,Pakistan,2021,BCG,Bacille Calmette-Guerin (Tuberculosis),ADMIN,Administrative coverage (doses given / target population),1402124.0,434740,31.0
COUNTRIES,PAK,Pakistan,2021,BCG,Bacille Calmette-Guerin (Tuberculosis),OFFICIAL,Official country-reported coverage estimate,2796426.0,1113894,39.8
COUNTRIES,PAK,Pakistan,2021,BCG,Bacille Calmette-Guerin (Tuberculosis),WUENIC,WHO/UNICEF Estimates of National Immunization Coverage,3411305.0,1865747,54.7
COUNTRIES,PAK,Pakistan,2021,DTP1,Diphtheria/Tetanus/Pertussis - 1st dose,ADMIN,Administrative coverage (doses given / target population),951853.0,348291,36.6
COUNTRIES,PAK,Pakistan,2021,DTP1,Diphtheria/Tetanus/Pertussis - 1st dose,OFFICIAL,Official country-reported coverage estimate,1147603.0,595592,51.9
COUNTRIES,PAK,Pakistan,2021,DTP1,Diphtheria/Tetanus/Pertussis - 1st dose,WUENIC,WHO/UNICEF Estimates of National Immunization Coverage,1930985.0,787245,40.8
COUNTRIES,PAK,Pakistan,2021,DTP3,Diphtheria/Tetanus/Pertussis - 3rd dose,ADMIN,Administrative coverage (doses given / target population),2987608.0,1238258,41.4
COUNTRIES,PAK,Pakistan,2021,DTP3,Diphtheria/Tetanus/Pertussis - 3rd dose,OFFICIAL,Official country-reported coverage estimate,3649304.0,1141370,31.3
COUNTRIES,PAK,Pakistan,2021,DTP3,Diphtheria/Tetanus/Pertussis - 3rd dose,WUENIC,WHO/UNICEF Estimates of National Immunization Coverage,2258937.0,769661,34.1
COUNTRIES,PAK,Pakistan,2021,MCV1,Measles-containing vaccine - 1st dose,ADMIN,Administrative coverage (doses given / target population),,1026029,54.5
COUNTRIES,PAK,Pakistan,2021,MCV1,Measles-containing vaccine - 1st dose,OFFICIAL,Official country-reported coverage estimate,2622780.0,1117949,42.6
COUNTRIES,PAK,Pakistan,2021,MCV1,Measles-containing vaccine - 1st dose,WUENIC,WHO/UNICEF Estimates of National Immunization Coverage,3924718.0,2042491,52.0
COUNTRIES,PAK,Pakistan,2021,MCV2,Measles-containing vaccine - 2nd dose (booster),ADMIN,Administrative coverage (doses given / target population),757886.0,438666,57.9
COUNTRIES,PAK,Pakistan,2021,MCV2,Measles-containing vaccine - 2nd dose (booster),OFFICIAL,Official country-reported coverage estimate,4597890.0,2075394,45.1
COUNTRIES,PAK,Pakistan,2021,MCV2,Measles-containing vaccine - 2nd dose (booster),WUENIC,WHO/UNICEF Estimates of National Immunization Coverage,4723511.0,2653258,56.2
COUNTRIES,PAK,Pakistan,2021,POL3,Polio - 3rd dose,ADMIN,Administrative coverage (doses given / target population),4726302.0,2429531,51.4
COUNTRIES,PAK,Pakistan,2021,POL3,Polio - 3rd dose,OFFICIAL,Official country-reported coverage estimate,573463.0,224390,39.1
COUNTRIES,PAK,Pakistan,2021,POL3,Polio - 3rd dose,WUENIC,WHO/UNICEF Estimates of National Immunization Coverage,4284309.0,1875811,43.8
COUNTRIES,PAK,Pakistan,2021,HEPB3,Hepatitis B - 3rd dose,ADMIN,Administrative coverage (doses given / target population),1947546.0,769103,39.5
COUNTRIES,PAK,Pakistan,2021,HEPB3,Hepatitis B - 3rd dose,OFFICIAL,Official country-reported coverage estimate,2888737.0,1016347,35.2
COUNTRIES,PAK,Pakistan,2021,HEPB3,Hepatitis B - 3rd dose,WUENIC,WHO/UNICEF Estimates of National Immunization Coverage,598562.0,235476,39.3
COUNTRIES,PAK,Pakistan,2021,PCV3,Pneumococcal conjugate vaccine - 3rd dose,ADMIN,Administrative coverage (doses given / target population),976454.0,500063,51.2
COUNTRIES,PAK,Pakistan,2021,PCV3,Pneumococcal conjugate vaccine - 3rd dose,OFFICIAL,Official country-reported coverage estimate,2040583.0,907255,44.5
COUNTRIES,PAK,Pakistan,2021,PCV3,Pneumococcal conjugate vaccine - 3rd dose,WUENIC,WHO/UNICEF Estimates of National Immunization Coverage,4662123.0,2268870,48.7
COUNTRIES,PAK,Pakistan,2022,BCG,Bacille Calmette-Guerin (Tuberculosis),ADMIN,Administrative coverage (doses given / target population),4424148.0,1761221,39.8
COUNTRIES,PAK,Pakistan,2022,BCG,Bacille Calmette-Guerin (Tuberculosis),OFFICIAL,Official country-reported coverage estimate,3230035.0,1632945,50.6
COUNTRIES,PAK,Pakistan,2022,BCG,Bacille Calmette-Guerin (Tuberculosis),WUENIC,WHO/UNICEF Estimates of National Immunization Coverage,1098118.0,672715,61.3
COUNTRIES,PAK,Pakistan,2022,DTP1,Diphtheria/Tetanus/Pertussis - 1st dose,ADMIN,Administrative coverage (doses given / target population),1029446.0,441534,42.9
COUNTRIES,PAK,Pakistan,2022,DTP1,Diphtheria/Tetanus/Pertussis - 1st dose,OFFICIAL,Official country-reported coverage estimate,217695.0,109397,50.3
COUNTRIES,PAK,Pakistan,2022,DTP1,Diphtheria/Tetanus/Pertussis - 1st dose,WUENIC,WHO/UNICEF Estimates of National Immunization Coverage,2511937.0,1065776,42.4
COUNTRIES,PAK,Pakistan,2022,DTP3,Diphtheria/Tetanus/Pertussis - 3rd dose,ADMIN,Administrative coverage (doses given / target population),4154294.0,1795486,43.2
COUNTRIES,PAK,Pakistan,2022,DTP3,Diphtheria/Tetanus/Pertussis - 3rd dose,OFFICIAL,Official country-reported coverage estimate,3014505.0,1226104,40.7
COUNTRIES,PAK,Pakistan,2022,DTP3,Diphtheria/Tetanus/Pertussis - 3rd dose,WUENIC,WHO/UNICEF Estimates of National Immunization Coverage,4704739.0,2031308,43.2
COUNTRIES,PAK,Pakistan,2022,MCV1,Measles-containing vaccine - 1st dose,ADMIN,Administrative coverage (doses given / target population),3914030.0,2020212,51.6
COUNTRIES,PAK,Pakistan,2022,MCV1,Measles-containing vaccine - 1st dose,OFFICIAL,Official country-reported coverage estimate,3229471.0,1356746,42.0
COUNTRIES,PAK,Pakistan,2022,MCV1,Measles-containing vaccine - 1st dose,WUENIC,WHO/UNICEF Estimates of National Immunization Coverage,4366992.0,1490865,34.1
COUNTRIES,PAK,Pakistan,2022,MCV2,Measles-containing vaccine - 2nd dose (booster),ADMIN,Administrative coverage (doses given / target population),641269.0,244211,38.1
COUNTRIES,PAK,Pakistan,2022,MCV2,Measles-containing vaccine - 2nd dose (booster),OFFICIAL,Official country-reported coverage estimate,1619831.0,724248,44.7
COUNTRIES,PAK,Pakistan,2022,MCV2,Measles-containing vaccine - 2nd dose (booster),WUENIC,WHO/UNICEF Estimates of National Immunization Coverage,4191371.0,1613917,38.5
COUNTRIES,PAK,Pakistan,2022,POL3,Polio - 3rd dose,ADMIN,Administrative coverage (doses given / target population),4577692.0,1876601,41.0
COUNTRIES,PAK,Pakistan,2022,POL3,Polio - 3rd dose,OFFICIAL,Official country-reported coverage estimate,2765639.0,1189112,43.0
COUNTRIES,PAK,Pakistan,2022,POL3,Polio - 3rd dose,WUENIC,WHO/UNICEF Estimates of National Immunization Coverage,2021978.0,1003117,49.6
COUNTRIES,PAK,Pakistan,2022,HEPB3,Hepatitis B - 3rd dose,ADMIN,Administrative coverage (doses given / target population),2838415.0,1298171,45.7
COUNTRIES,PAK,Pakistan,2022,HEPB3,Hepatitis B - 3rd dose,OFFICIAL,Official country-reported coverage estimate,1494471.0,643214,43.0
COUNTRIES,PAK,Pakistan,2022,HEPB3,Hepatitis B - 3rd dose,WUENIC,WHO/UNICEF Estimates of National Immunization Coverage,4565416.0,2173387,47.6
COUNTRIES,PAK,Pakistan,2022,PCV3,Pneumococcal conjugate vaccine - 3rd dose,ADMIN,Administrative coverage (doses given / target population),295229.0,118662,40.2
COUNTRIES,PAK,Pakistan,2022,PCV3,Pneumococcal conjugate vaccine - 3rd dose,OFFICIAL,Official country-reported coverage estimate,4517325.0,2071549,45.9
COUNTRIES,PAK,Pakistan,2022,PCV3,Pneumococcal conjugate vaccine - 3rd dose,WUENIC,WHO/UNICEF Estimates of National Immunization Coverage,2714292.0,1273254,46.9
COUNTRIES,PAK,Pakistan,2023,BCG,Bacille Calmette-Guerin (Tuberculosis),ADMIN,Administrative coverage (doses given / target population),3119725.0,1578951,50.6
COUNTRIES,PAK,Pakistan,2023,BCG,Bacille Calmette-Guerin (Tuberculosis),OFFICIAL,Official country-reported coverage estimate,2656702.0,1512677,56.9
COUNTRIES,PAK,Pakistan,2023,BCG,Bacille Calmette-Guerin (Tuberculosis),WUENIC,WHO/UNICEF Estimates of National Immunization Coverage,131586.0,53623,
COUNTRIES,PAK,Pakistan,2023,DTP1,Diphtheria/Tetanus/Pertussis - 1st dose,ADMIN,Administrative coverage (doses given / target population),914218.0,418931,45.8
COUNTRIES,PAK,Pakistan,2023,DTP1,Diphtheria/Tetanus/Pertussis - 1st dose,OFFICIAL,Official country-reported coverage estimate,3918255.0,1780345,45.4
COUNTRIES,PAK,Pakistan,2023,DTP1,Diphtheria/Tetanus/Pertussis - 1st dose,WUENIC,WHO/UNICEF Estimates of National Immunization Coverage,4044700.0,1888131,46.7
COUNTRIES,PAK,Pakistan,2023,DTP3,Diphtheria/Tetanus/Pertussis - 3rd dose,ADMIN,Administrative coverage (doses given / target population),2573186.0,1315586,51.1
COUNTRIES,PAK,Pakistan,2023,DTP3,Diphtheria/Tetanus/Pertussis - 3rd dose,OFFICIAL,Official country-reported coverage estimate,2621924.0,1206753,46.0
COUNTRIES,PAK,Pakistan,2023,DTP3,Diphtheria/Tetanus/Pertussis - 3rd dose,WUENIC,WHO/UNICEF Estimates of National Immunization Coverage,1731599.0,881918,50.9
COUNTRIES,PAK,Pakistan,2023,MCV1,Measles-containing vaccine - 1st dose,ADMIN,Administrative coverage (doses given / target population),2249273.0,1138913,
COUNTRIES,PAK,Pakistan,2023,MCV1,Measles-containing vaccine - 1st dose,OFFICIAL,Official country-reported coverage estimate,905990.0,375687,41.5
COUNTRIES,PAK,Pakistan,2023,MCV1,Measles-containing vaccine - 1st dose,WUENIC,WHO/UNICEF Estimates of National Immunization Coverage,2773171.0,1644569,59.3
COUNTRIES,PAK,Pakistan,2023,MCV2,Measles-containing vaccine - 2nd dose (booster),ADMIN,Administrative coverage (doses given / target population),2739380.0,1241116,45.3
COUNTRIES,PAK,Pakistan,2023,MCV2,Measles-containing vaccine - 2nd dose (booster),OFFICIAL,Official country-reported coverage estimate,3803674.0,1626091,42.8
COUNTRIES,PAK,Pakistan,2023,MCV2,Measles-containing vaccine - 2nd dose (booster),WUENIC,WHO/UNICEF Estimates of National Immunization Coverage,4752508.0,2539276,53.4
COUNTRIES,PAK,Pakistan,2023,POL3,Polio - 3rd dose,ADMIN,Administrative coverage (doses given / target population),4962699.0,2358893,47.5
COUNTRIES,PAK,Pakistan,2023,POL3,Polio - 3rd dose,OFFICIAL,Official country-reported coverage estimate,173949.0,90611,52.1
COUNTRIES,PAK,Pakistan,2023,POL3,Polio - 3rd dose,WUENIC,WHO/UNICEF Estimates of National Immunization Coverage,4370905.0,2331674,53.3
COUNTRIES,PAK,Pakistan,2023,HEPB3,Hepatitis B - 3rd dose,ADMIN,Administrative coverage (doses given / target population),203424.0,104876,51.6
COUNTRIES,PAK,Pakistan,2023,HEPB3,Hepatitis B - 3rd dose,OFFICIAL,Official country-reported coverage estimate,621272.0,299401,48.2
COUNTRIES,PAK,Pakistan,2023,HEPB3,Hepatitis B - 3rd dose,WUENIC,WHO/UNICEF Estimates of National Immunization Coverage,3746321.0,1928252,51.5
COUNTRIES,PAK,Pakistan,2023,PCV3,Pneumococcal conjugate vaccine - 3rd dose,ADMIN,Administrative coverage (doses given / target population),1649468.0,699873,42.4
COUNTRIES,PAK,Pakistan,2023,PCV3,Pneumococcal conjugate vaccine - 3rd dose,OFFICIAL,Official country-reported coverage estimate,2010522.0,1131513,56.3
COUNTRIES,PAK,Pakistan,2023,PCV3,Pneumococcal conjugate vaccine - 3rd dose,WUENIC,WHO/UNICEF Estimates of National Immunization Coverage,2319989.0,1180138,50.9
COUNTRIES,ETH,Ethiopia,2010,BCG,Bacille Calmette-Guerin (Tuberculosis),ADMIN,Administrative coverage (doses given / target population),3292229.0,3168145,96.2
COUNTRIES,ETH,Ethiopia,2010,BCG,Bacille Calmette-Guerin (Tuberculosis),OFFICIAL,Official country-reported coverage estimate,3310237.0,3163079,95.6
COUNTRIES,ETH,Ethiopia,2010,BCG,Bacille Calmette-Guerin (Tuberculosis),WUENIC,WHO/UNICEF Estimates of National Immunization Coverage,2810038.0,2810038,100.0
COUNTRIES,ETH,Ethiopia,2010,DTP1,Diphtheria/Tetanus/Pertussis - 1st dose,ADMIN,Administrative coverage (doses given / target population),1882242.0,1604041,85.2
COUNTRIES,ETH,Ethiopia,2010,DTP1,Diphtheria/Tetanus/Pertussis - 1st dose,OFFICIAL,Official country-reported coverage estimate,2748764.0,2589256,94.2
COUNTRIES,ETH,Ethiopia,2010,DTP1,Diphtheria/Tetanus/Pertussis - 1st dose,WUENIC,WHO/UNICEF Estimates of National Immunization Coverage,4015219.0,3782569,94.2
COUNTRIES,ETH,Ethiopia,2010,DTP3,Diphtheria/Tetanus/Pertussis - 3rd dose,ADMIN,Administrative coverage (doses given / target population),4301882.0,3643079,84.7
COUNTRIES,ETH,Ethiopia,2010,DTP3,Diphtheria/Tetanus/Pertussis - 3rd dose,OFFICIAL,Official country-reported coverage estimate,1807199.0,1799661,99.6
COUNTRIES,ETH,Ethiopia,2010,DTP3,Diphtheria/Tetanus/Pertussis - 3rd dose,WUENIC,WHO/UNICEF Estimates of National Immunization Coverage,429865.0,408666,95.1
COUNTRIES,ETH,Ethiopia,2010,MCV1,Measles-containing vaccine - 1st dose,ADMIN,Administrative coverage (doses given / target population),3029886.0,3029886,100.0
COUNTRIES,ETH,Ethiopia,2010,MCV1,Measles-containing vaccine - 1st dose,OFFICIAL,Official country-reported coverage estimate,2254020.0,2079033,92.2
COUNTRIES,ETH,Ethiopia,2010,MCV1,Measles-containing vaccine - 1st dose,WUENIC,WHO/UNICEF Estimates of National Immunization Coverage,1040785.0,1027689,98.7
COUNTRIES,ETH,Ethiopia,2010,MCV2,Measles-containing vaccine - 2nd dose (booster),ADMIN,Administrative coverage (doses given / target population),2282896.0,2213420,97.0
COUNTRIES,ETH,Ethiopia,2010,MCV2,Measles-containing vaccine - 2nd dose (booster),OFFICIAL,Official country-reported coverage estimate,3204436.0,3026230,94.4
COUNTRIES,ETH,Ethiopia,2010,MCV2,Measles-containing vaccine - 2nd dose (booster),WUENIC,WHO/UNICEF Estimates of National Immunization Coverage,4470995.0,4470995,100.0
COUNTRIES,ETH,Ethiopia,2010,POL3,Polio - 3rd dose,ADMIN,Administrative coverage (doses given / target population),3678660.0,3154709,85.8
COUNTRIES,ETH,Ethiopia,2010,POL3,Polio - 3rd dose,OFFICIAL,Official country-reported coverage estimate,4570925.0,4533225,99.2
COUNTRIES,ETH,Ethiopia,2010,POL3,Polio - 3rd dose,WUENIC,WHO/UNICEF Estimates of National Immunization Coverage,4686837.0,4610443,98.4
COUNTRIES,ETH,Ethiopia,2010,HEPB3,Hepatitis B - 3rd dose,ADMIN,Administrative coverage (doses given / target population),4715397.0,4618021,97.9
COUNTRIES,ETH,Ethiopia,2010,HEPB3,Hepatitis B - 3rd dose,OFFICIAL,Official country-reported coverage estimate,4190707.0,4190707,100.0
COUNTRIES,ETH,Ethiopia,2010,HEPB3,Hepatitis B - 3rd dose,WUENIC,WHO/UNICEF Estimates of National Immunization Coverage,3353614.0,3193151,95.2
COUNTRIES,ETH,Ethiopia,2010,PCV3,Pneumococcal conjugate vaccine - 3rd dose,ADMIN,Administrative coverage (doses given / target population),2478420.0,2320228,93.6
COUNTRIES,ETH,Ethiopia,2010,PCV3,Pneumococcal conjugate vaccine - 3rd dose,OFFICIAL,Official country-reported coverage estimate,206327.0,206327,100.0
COUNTRIES,ETH,Ethiopia,2010,PCV3,Pneumococcal conjugate vaccine - 3rd dose,WUENIC,WHO/UNICEF Estimates of National Immunization Coverage,4028649.0,3967708,98.5
COUNTRIES,ETH,Ethiopia,2011,BCG,Bacille Calmette-Guerin (Tuberculosis),ADMIN,Administrative coverage (doses given / target population),1201133.0,1030739,85.8
COUNTRIES,ETH,Ethiopia,2011,BCG,Bacille Calmette-Guerin (Tuberculosis),OFFICIAL,Official country-reported coverage estimate,1548168.0,1444236,93.3
COUNTRIES,ETH,Ethiopia,2011,BCG,Bacille Calmette-Guerin (Tuberculosis),WUENIC,WHO/UNICEF Estimates of National Immunization Coverage,4438895.0,3701080,83.4
COUNTRIES,ETH,Ethiopia,2011,DTP1,Diphtheria/Tetanus/Pertussis - 1st dose,ADMIN,Administrative coverage (doses given / target population),1591856.0,1490110,93.6
COUNTRIES,ETH,Ethiopia,2011,DTP1,Diphtheria/Tetanus/Pertussis - 1st dose,OFFICIAL,Official country-reported coverage estimate,3875830.0,3228308,83.3
COUNTRIES,ETH,Ethiopia,2011,DTP1,Diphtheria/Tetanus/Pertussis - 1st dose,WUENIC,WHO/UNICEF Estimates of National Immunization Coverage,1533791.0,1533791,100.0
COUNTRIES,ETH,Ethiopia,2011,DTP3,Diphtheria/Tetanus/Pertussis - 3rd dose,ADMIN,Administrative coverage (doses given / target population),1027536.0,1027536,100.0
COUNTRIES,ETH,Ethiopia,2011,DTP3,Diphtheria/Tetanus/Pertussis - 3rd dose,OFFICIAL,Official country-reported coverage estimate,4573828.0,4398418,96.2
COUNTRIES,ETH,Ethiopia,2011,DTP3,Diphtheria/Tetanus/Pertussis - 3rd dose,WUENIC,WHO/UNICEF Estimates of National Immunization Coverage,4515640.0,4515640,100.0
COUNTRIES,ETH,Ethiopia,2011,MCV1,Measles-containing vaccine - 1st dose,ADMIN,Administrative coverage (doses given / target population),1787464.0,1787464,100.0
COUNTRIES,ETH,Ethiopia,2011,MCV1,Measles-containing vaccine - 1st dose,OFFICIAL,Official country-reported coverage estimate,1180264.0,1065062,90.2
COUNTRIES,ETH,Ethiopia,2011,MCV1,Measles-containing vaccine - 1st dose,WUENIC,WHO/UNICEF Estimates of National Immunization Coverage,788733.0,777104,98.5
COUNTRIES,ETH,Ethiopia,2011,MCV2,Measles-containing vaccine - 2nd dose (booster),ADMIN,Administrative coverage (doses given / target population),2141350.0,1820808,85.0
COUNTRIES,ETH,Ethiopia,2011,MCV2,Measles-containing vaccine - 2nd dose (booster),OFFICIAL,Official country-reported coverage estimate,345761.0,345761,100.0
COUNTRIES,ETH,Ethiopia,2011,MCV2,Measles-containing vaccine - 2nd dose (booster),WUENIC,WHO/UNICEF Estimates of National Immunization Coverage,1478337.0,1474318,99.7
COUNTRIES,ETH,Ethiopia,2011,POL3,Polio - 3rd dose,ADMIN,Administrative coverage (doses given / target population),2964430.0,2875084,97.0
COUNTRIES,ETH,Ethiopia,2011,POL3,Polio - 3rd dose,OFFICIAL,Official country-reported coverage estimate,2507996.0,2393864,95.4
COUNTRIES,ETH,Ethiopia,2011,POL3,Polio - 3rd dose,WUENIC,WHO/UNICEF Estimates of National Immunization Coverage,3509820.0,3193712,91.0
COUNTRIES,ETH,Ethiopia,2011,HEPB3,Hepatitis B - 3rd dose,ADMIN,Administrative coverage (doses given / target population),2628829.0,2368730,90.1
COUNTRIES,ETH,Ethiopia,2011,HEPB3,Hepatitis B - 3rd dose,OFFICIAL,Official country-reported coverage estimate,3095013.0,3095013,100.0
COUNTRIES,ETH,Ethiopia,2011,HEPB3,Hepatitis B - 3rd dose,WUENIC,WHO/UNICEF Estimates of National Immunization Coverage,1085922.0,976699,89.9
COUNTRIES,ETH,Ethiopia,2011,PCV3,Pneumococcal conjugate vaccine - 3rd dose,ADMIN,Administrative coverage (doses given / target population),3580210.0,3414332,95.4
COUNTRIES,ETH,Ethiopia,2011,PCV3,Pneumococcal conjugate vaccine - 3rd dose,OFFICIAL,Official country-reported coverage estimate,3597282.0,3522726,97.9
COUNTRIES,ETH,Ethiopia,2011,PCV3,Pneumococcal conjugate vaccine - 3rd dose,WUENIC,WHO/UNICEF Estimates of National Immunization Coverage,1469768.0,1469768,100.0
COUNTRIES,ETH,Ethiopia,2012,BCG,Bacille Calmette-Guerin (Tuberculosis),ADMIN,Administrative coverage (doses given / target population),4321485.0,4182544,96.8
COUNTRIES,ETH,Ethiopia,2012,BCG,Bacille Calmette-Guerin (Tuberculosis),OFFICIAL,Official country-reported coverage estimate,1729738.0,1697652,98.1
COUNTRIES,ETH,Ethiopia,2012,BCG,Bacille Calmette-Guerin (Tuberculosis),WUENIC,WHO/UNICEF Estimates of National Immunization Coverage,3660581.0,3660581,100.0
COUNTRIES,ETH,Ethiopia,2012,DTP1,Diphtheria/Tetanus/Pertussis - 1st dose,ADMIN,Administrative coverage (doses given / target population),890961.0,890961,100.0
COUNTRIES,ETH,Ethiopia,2012,DTP1,Diphtheria/Tetanus/Pertussis - 1st dose,OFFICIAL,Official country-reported coverage estimate,4239397.0,4201561,99.1
COUNTRIES,ETH,Ethiopia,2012,DTP1,Diphtheria/Tetanus/Pertussis - 1st dose,WUENIC,WHO/UNICEF Estimates of National Immunization Coverage,1208720.0,1047228,86.6
COUNTRIES,ETH,Ethiopia,2012,DTP3,Diphtheria/Tetanus/Pertussis - 3rd dose,ADMIN,Administrative coverage (doses given / target population),4078882.0,3726155,91.4
COUNTRIES,ETH,Ethiopia,2012,DTP3,Diphtheria/Tetanus/Pertussis - 3rd dose,OFFICIAL,Official country-reported coverage estimate,4559707.0,4468965,98.0
COUNTRIES,ETH,Ethiopia,2012,DTP3,Diphtheria/Tetanus/Pertussis - 3rd dose,WUENIC,WHO/UNICEF Estimates of National Immunization Coverage,4638397.0,3933634,84.8
COUNTRIES,ETH,Ethiopia,2012,MCV1,Measles-containing vaccine - 1st dose,ADMIN,Administrative coverage (doses given / target population),2709818.0,2520832,93.0
COUNTRIES,ETH,Ethiopia,2012,MCV1,Measles-containing vaccine - 1st dose,OFFICIAL,Official country-reported coverage estimate,574414.0,574414,100.0
COUNTRIES,ETH,Ethiopia,2012,MCV1,Measles-containing vaccine - 1st dose,WUENIC,WHO/UNICEF Estimates of National Immunization Coverage,3463779.0,3377767,97.5
COUNTRIES,ETH,Ethiopia,2012,MCV2,Measles-containing vaccine - 2nd dose (booster),ADMIN,Administrative coverage (doses given / target population),2012935.0,2012935,100.0
COUNTRIES,ETH,Ethiopia,2012,MCV2,Measles-containing vaccine - 2nd dose (booster),OFFICIAL,Official country-reported coverage estimate,956810.0,864300,90.3
COUNTRIES,ETH,Ethiopia,2012,MCV2,Measles-containing vaccine - 2nd dose (booster),WUENIC,WHO/UNICEF Estimates of National Immunization Coverage,2483471.0,2362019,95.1
COUNTRIES,ETH,Ethiopia,2012,POL3,Polio - 3rd dose,ADMIN,Administrative coverage (doses given / target population),3056552.0,2699036,
COUNTRIES,ETH,Ethiopia,2012,POL3,Polio - 3rd dose,OFFICIAL,Official country-reported coverage estimate,397066.0,342590,86.3
COUNTRIES,ETH,Ethiopia,2012,POL3,Polio - 3rd dose,WUENIC,WHO/UNICEF Estimates of National Immunization Coverage,1543866.0,1430711,92.7
COUNTRIES,ETH,Ethiopia,2012,HEPB3,Hepatitis B - 3rd dose,ADMIN,Administrative coverage (doses given / target population),3090695.0,2903251,93.9
COUNTRIES,ETH,Ethiopia,2012,HEPB3,Hepatitis B - 3rd dose,OFFICIAL,Official country-reported coverage estimate,2514297.0,2318551,92.2
COUNTRIES,ETH,Ethiopia,2012,HEPB3,Hepatitis B - 3rd dose,WUENIC,WHO/UNICEF Estimates of National Immunization Coverage,2385809.0,2296178,96.2
COUNTRIES,ETH,Ethiopia,2012,PCV3,Pneumococcal conjugate vaccine - 3rd dose,ADMIN,Administrative coverage (doses given / target population),651670.0,597328,91.7
COUNTRIES,ETH,Ethiopia,2012,PCV3,Pneumococcal conjugate vaccine - 3rd dose,OFFICIAL,Official country-reported coverage estimate,2387115.0,2387115,100.0
COUNTRIES,ETH,Ethiopia,2012,PCV3,Pneumococcal conjugate vaccine - 3rd dose,WUENIC,WHO/UNICEF Estimates of National Immunization Coverage,376451.0,347050,92.2
COUNTRIES,ETH,Ethiopia,2013,BCG,Bacille Calmette-Guerin (Tuberculosis),ADMIN,Administrative coverage (doses given / target population),1739823.0,1739823,100.0
COUNTRIES,ETH,Ethiopia,2013,BCG,Bacille Calmette-Guerin (Tuberculosis),OFFICIAL,Official country-reported coverage estimate,1401666.0,1308825,93.4
COUNTRIES,ETH,Ethiopia,2013,BCG,Bacille Calmette-Guerin (Tuberculosis),WUENIC,WHO/UNICEF Estimates of National Immunization Coverage,,775433,95.8
COUNTRIES,ETH,Ethiopia,2013,DTP1,Diphtheria/Tetanus/Pertussis - 1st dose,ADMIN,Administrative coverage (doses given / target population),3929103.0,3929103,100.0
COUNTRIES,ETH,Ethiopia,2013,DTP1,Diphtheria/Tetanus/Pertussis - 1st dose,OFFICIAL,Official country-reported coverage estimate,3708902.0,3404320,91.8
COUNTRIES,ETH,Ethiopia,2013,DTP1,Diphtheria/Tetanus/Pertussis - 1st dose,WUENIC,WHO/UNICEF Estimates of National Immunization Coverage,895391.0,870584,97.2
COUNTRIES,ETH,Ethiopia,2013,DTP3,Diphtheria/Tetanus/Pertussis - 3rd dose,ADMIN,Administrative coverage (doses given / target population),1312867.0,1191704,90.8
COUNTRIES,ETH,Ethiopia,2013,DTP3,Diphtheria/Tetanus/Pertussis - 3rd dose,OFFICIAL,Official country-reported coverage estimate,1973811.0,1909080,96.7
COUNTRIES,ETH,Ethiopia,2013,DTP3,Diphtheria/Tetanus/Pertussis - 3rd dose,WUENIC,WHO/UNICEF Estimates of National Immunization Coverage,1937472.0,1937472,100.0
COUNTRIES,ETH,Ethiopia,2013,MCV1,Measles-containing vaccine - 1st dose,ADMIN,Administrative coverage (doses given / target population),2505285.0,2505285,100.0
COUNTRIES,ETH,Ethiopia,2013,MCV1,Measles-containing vaccine - 1st dose,OFFICIAL,Official country-reported coverage estimate,4380511.0,4380511,
COUNTRIES,ETH,Ethiopia,2013,MCV1,Measles-containing vaccine - 1st dose,WUENIC,WHO/UNICEF Estimates of National Immunization Coverage,2738312.0,2612482,95.4
COUNTRIES,ETH,Ethiopia,2013,MCV2,Measles-containing vaccine - 2nd dose (booster),ADMIN,Administrative coverage (doses given / target population),209139.0,209139,100.0
COUNTRIES,ETH,Ethiopia,2013,MCV2,Measles-containing vaccine - 2nd dose (booster),OFFICIAL,Official country-reported coverage estimate,4264875.0,4264875,100.0
COUNTRIES,ETH,Ethiopia,2013,MCV2,Measles-containing vaccine - 2nd dose (booster),WUENIC,WHO/UNICEF Estimates of National Immunization Coverage,3459323.0,3326524,96.2
COUNTRIES,ETH,Ethiopia,2013,POL3,Polio - 3rd dose,ADMIN,Administrative coverage (doses given / target population),3666179.0,3334300,90.9
COUNTRIES,ETH,Ethiopia,2013,POL3,Polio - 3rd dose,OFFICIAL,Official country-reported coverage estimate,,4070869,100.0
COUNTRIES,ETH,Ethiopia,2013,POL3,Polio - 3rd dose,WUENIC,WHO/UNICEF Estimates of National Immunization Coverage,2563239.0,2563239,100.0
COUNTRIES,ETH,Ethiopia,2013,HEPB3,Hepatitis B - 3rd dose,ADMIN,Administrative coverage (doses given / target population),,4182160,93.6
COUNTRIES,ETH,Ethiopia,2013,HEPB3,Hepatitis B - 3rd dose,OFFICIAL,Official country-reported coverage estimate,2814199.0,2814199,100.0
COUNTRIES,ETH,Ethiopia,2013,HEPB3,Hepatitis B - 3rd dose,WUENIC,WHO/UNICEF Estimates of National Immunization Coverage,3231878.0,2919816,90.3
COUNTRIES,ETH,Ethiopia,2013,PCV3,Pneumococcal conjugate vaccine - 3rd dose,ADMIN,Administrative coverage (doses given / target population),1538526.0,1502580,97.7
COUNTRIES,ETH,Ethiopia,2013,PCV3,Pneumococcal conjugate vaccine - 3rd dose,OFFICIAL,Official country-reported coverage estimate,1285868.0,1285868,100.0
COUNTRIES,ETH,Ethiopia,2013,PCV3,Pneumococcal conjugate vaccine - 3rd dose,WUENIC,WHO/UNICEF Estimates of National Immunization Coverage,,4644276,96.6
COUNTRIES,ETH,Ethiopia,2014,BCG,Bacille Calmette-Guerin (Tuberculosis),ADMIN,Administrative coverage (doses given / target population),1170667.0,1095429,93.6
COUNTRIES,ETH,Ethiopia,2014,BCG,Bacille Calmette-Guerin (Tuberculosis),OFFICIAL,Official country-reported coverage estimate,2050559.0,1873910,91.4
COUNTRIES,ETH,Ethiopia,2014,BCG,Bacille Calmette-Guerin (Tuberculosis),WUENIC,WHO/UNICEF Estimates of National Immunization Coverage,110097.0,105702,96.0
COUNTRIES,ETH,Ethiopia,2014,DTP1,Diphtheria/Tetanus/Pertussis - 1st dose,ADMIN,Administrative coverage (doses given / target population),4616952.0,4203214,91.0
COUNTRIES,ETH,Ethiopia,2014,DTP1,Diphtheria/Tetanus/Pertussis - 1st dose,OFFICIAL,Official country-reported coverage estimate,4046864.0,3759054,92.9
COUNTRIES,ETH,Ethiopia,2014,DTP1,Diphtheria/Tetanus/Pertussis - 1st dose,WUENIC,WHO/UNICEF Estimates of National Immunization Coverage,2170590.0,1921312,88.5
COUNTRIES,ETH,Ethiopia,2014,DTP3,Diphtheria/Tetanus/Pertussis - 3rd dose,ADMIN,Administrative coverage (doses given / target population),881293.0,833290,94.6
COUNTRIES,ETH,Ethiopia,2014,DTP3,Diphtheria/Tetanus/Pertussis - 3rd dose,OFFICIAL,Official country-reported coverage estimate,1573775.0,1490227,94.7
COUNTRIES,ETH,Ethiopia,2014,DTP3,Diphtheria/Tetanus/Pertussis - 3rd dose,WUENIC,WHO/UNICEF Estimates of National Immunization Coverage,,693503,95.5
COUNTRIES,ETH,Ethiopia,2014,MCV1,Measles-containing vaccine - 1st dose,ADMIN,Administrative coverage (doses given / target population),4499196.0,4191186,93.2
COUNTRIES,ETH,Ethiopia,2014,MCV1,Measles-containing vaccine - 1st dose,OFFICIAL,Official country-reported coverage estimate,63401.0,63401,100.0
COUNTRIES,ETH,Ethiopia,2014,MCV1,Measles-containing vaccine - 1st dose,WUENIC,WHO/UNICEF Estimates of National Immunization Coverage,217870.0,205456,94.3
COUNTRIES,ETH,Ethiopia,2014,MCV2,Measles-containing vaccine - 2nd dose (booster),ADMIN,Administrative coverage (doses given / target population),1703764.0,1703760,100.0
COUNTRIES,ETH,Ethiopia,2014,MCV2,Measles-containing vaccine - 2nd dose (booster),OFFICIAL,Official country-reported coverage estimate,4007066.0,3978275,99.3
COUNTRIES,ETH,Ethiopia,2014,MCV2,Measles-containing vaccine - 2nd dose (booster),WUENIC,WHO/UNICEF Estimates of National Immunization Coverage,948539.0,948539,100.0
COUNTRIES,ETH,Ethiopia,2014,POL3,Polio - 3rd dose,ADMIN,Administrative coverage (doses given / target population),511765.0,442411,86.4
COUNTRIES,ETH,Ethiopia,2014,POL3,Polio - 3rd dose,OFFICIAL,Official country-reported coverage estimate,2897710.0,2892278,99.8
COUNTRIES,ETH,Ethiopia,2014,POL3,Polio - 3rd dose,WUENIC,WHO/UNICEF Estimates of National Immunization Coverage,2691144.0,2577012,95.8
COUNTRIES,ETH,Ethiopia,2014,HEPB3,Hepatitis B - 3rd dose,ADMIN,Administrative coverage (doses given / target population),916140.0,916140,100.0
COUNTRIES,ETH,Ethiopia,2014,HEPB3,Hepatitis B - 3rd dose,OFFICIAL,Official country-reported coverage estimate,2395472.0,2112215,88.2
COUNTRIES,ETH,Ethiopia,2014,HEPB3,Hepatitis B - 3rd dose,WUENIC,WHO/UNICEF Estimates of National Immunization Coverage,3924668.0,3843647,97.9
COUNTRIES,ETH,Ethiopia,2014,PCV3,Pneumococcal conjugate vaccine - 3rd dose,ADMIN,Administrative coverage (doses given / target population),,3697365,95.6
COUNTRIES,ETH,Ethiopia,2014,PCV3,Pneumococcal conjugate vaccine - 3rd dose,OFFICIAL,Official country-reported coverage estimate,2510277.0,2510277,100.0
COUNTRIES,ETH,Ethiopia,2014,PCV3,Pneumococcal conjugate vaccine - 3rd dose,WUENIC,WHO/UNICEF Estimates of National Immunization Coverage,223649.0,199968,89.4
COUNTRIES,ETH,Ethiopia,2015,BCG,Bacille Calmette-Guerin (Tuberculosis),ADMIN,Administrative coverage (doses given / target population),3633860.0,3317583,91.3
COUNTRIES,ETH,Ethiopia,2015,BCG,Bacille Calmette-Guerin (Tuberculosis),OFFICIAL,Official country-reported coverage estimate,2857883.0,2723399,95.3
COUNTRIES,ETH,Ethiopia,2015,BCG,Bacille Calmette-Guerin (Tuberculosis),WUENIC,WHO/UNICEF Estimates of National Immunization Coverage,4416284.0,4416284,100.0
COUNTRIES,ETH,Ethiopia,2015,DTP1,Diphtheria/Tetanus/Pertussis - 1st dose,ADMIN,Administrative coverage (doses given / target population),2567909.0,2567909,100.0
COUNTRIES,ETH,Ethiopia,2015,DTP1,Diphtheria/Tetanus/Pertussis - 1st dose,OFFICIAL,Official country-reported coverage estimate,3507221.0,3449785,98.4
COUNTRIES,ETH,Ethiopia,2015,DTP1,Diphtheria/Tetanus/Pertussis - 1st dose,WUENIC,WHO/UNICEF Estimates of National Immunization Coverage,2212200.0,2042229,92.3
COUNTRIES,ETH,Ethiopia,2015,DTP3,Diphtheria/Tetanus/Pertussis - 3rd dose,ADMIN,Administrative coverage (doses given / target population),3281296.0,3281296,100.0
COUNTRIES,ETH,Ethiopia,2015,DTP3,Diphtheria/Tetanus/Pertussis - 3rd dose,OFFICIAL,Official country-reported coverage estimate,2958019.0,2958019,100.0
COUNTRIES,ETH,Ethiopia,2015,DTP3,Diphtheria/Tetanus/Pertussis - 3rd dose,WUENIC,WHO/UNICEF Estimates of National Immunization Coverage,1613034.0,1613034,100.0
COUNTRIES,ETH,Ethiopia,2015,MCV1,Measles-containing vaccine - 1st dose,ADMIN,Administrative coverage (doses given / target population),2552578.0,2461484,96.4
COUNTRIES,ETH,Ethiopia,2015,MCV1,Measles-containing vaccine - 1st dose,OFFICIAL,Official country-reported coverage estimate,2254064.0,2251594,99.9
COUNTRIES,ETH,Ethiopia,2015,MCV1,Measles-containing vaccine - 1st dose,WUENIC,WHO/UNICEF Estimates of National Immunization Coverage,4091208.0,4062656,99.3
COUNTRIES,ETH,Ethiopia,2015,MCV2,Measles-containing vaccine - 2nd dose (booster),ADMIN,Administrative coverage (doses given / target population),4955451.0,4797295,
COUNTRIES,ETH,Ethiopia,2015,MCV2,Measles-containing vaccine - 2nd dose (booster),OFFICIAL,Official country-reported coverage estimate,1133170.0,1133170,100.0
COUNTRIES,ETH,Ethiopia,2015,MCV2,Measles-containing vaccine - 2nd dose (booster),WUENIC,WHO/UNICEF Estimates of National Immunization Coverage,4442743.0,4311236,97.0
COUNTRIES,ETH,Ethiopia,2015,POL3,Polio - 3rd dose,ADMIN,Administrative coverage (doses given / target population),3031284.0,2929438,96.6
COUNTRIES,ETH,Ethiopia,2015,POL3,Polio - 3rd dose,OFFICIAL,Official country-reported coverage estimate,1805890.0,1767856,97.9
COUNTRIES,ETH,Ethiopia,2015,POL3,Polio - 3rd dose,WUENIC,WHO/UNICEF Estimates of National Immunization Coverage,552392.0,543885,98.5
COUNTRIES,ETH,Ethiopia,2015,HEPB3,Hepatitis B - 3rd dose,ADMIN,Administrative coverage (doses given / target population),1335724.0,1335724,100.0
COUNTRIES,ETH,Ethiopia,2015,HEPB3,Hepatitis B - 3rd dose,OFFICIAL,Official country-reported coverage estimate,3946807.0,3889293,98.5
COUNTRIES,ETH,Ethiopia,2015,HEPB3,Hepatitis B - 3rd dose,WUENIC,WHO/UNICEF Estimates of National Immunization Coverage,561448.0,561448,100.0
COUNTRIES,ETH,Ethiopia,2015,PCV3,Pneumococcal conjugate vaccine - 3rd dose,ADMIN,Administrative coverage (doses given / target population),1605583.0,1582566,98.6
COUNTRIES,ETH,Ethiopia,2015,PCV3,Pneumococcal conjugate vaccine - 3rd dose,OFFICIAL,Official country-reported coverage estimate,1122335.0,1054729,
COUNTRIES,ETH,Ethiopia,2015,PCV3,Pneumococcal conjugate vaccine - 3rd dose,WUENIC,WHO/UNICEF Estimates of National Immunization Coverage,,3297290,92.1
COUNTRIES,ETH,Ethiopia,2016,BCG,Bacille Calmette-Guerin (Tuberculosis),ADMIN,Administrative coverage (doses given / target population),2718883.0,2633816,96.9
COUNTRIES,ETH,Ethiopia,2016,BCG,Bacille Calmette-Guerin (Tuberculosis),OFFICIAL,Official country-reported coverage estimate,2718055.0,2454458,90.3
COUNTRIES,ETH,Ethiopia,2016,BCG,Bacille Calmette-Guerin (Tuberculosis),WUENIC,WHO/UNICEF Estimates of National Immunization Coverage,4187521.0,3805239,90.9
COUNTRIES,ETH,Ethiopia,2016,DTP1,Diphtheria/Tetanus/Pertussis - 1st dose,ADMIN,Administrative coverage (doses given / target population),1158391.0,1158391,100.0
COUNTRIES,ETH,Ethiopia,2016,DTP1,Diphtheria/Tetanus/Pertussis - 1st dose,OFFICIAL,Official country-reported coverage estimate,4942814.0,4701335,95.1
COUNTRIES,ETH,Ethiopia,2016,DTP1,Diphtheria/Tetanus/Pertussis - 1st dose,WUENIC,WHO/UNICEF Estimates of National Immunization Coverage,2662548.0,2541984,95.5
COUNTRIES,ETH,Ethiopia,2016,DTP3,Diphtheria/Tetanus/Pertussis - 3rd dose,ADMIN,Administrative coverage (doses given / target population),3152492.0,2907292,92.2
COUNTRIES,ETH,Ethiopia,2016,DTP3,Diphtheria/Tetanus/Pertussis - 3rd dose,OFFICIAL,Official country-reported coverage estimate,3778281.0,3778281,100.0
COUNTRIES,ETH,Ethiopia,2016,DTP3,Diphtheria/Tetanus/Pertussis - 3rd dose,WUENIC,WHO/UNICEF Estimates of National Immunization Coverage,3863457.0,3863457,
COUNTRIES,ETH,Ethiopia,2016,MCV1,Measles-containing vaccine - 1st dose,ADMIN,Administrative coverage (doses given / target population),3063400.0,3063400,100.0
COUNTRIES,ETH,Ethiopia,2016,MCV1,Measles-containing vaccine - 1st dose,OFFICIAL,Official country-reported coverage estimate,353455.0,328357,92.9
COUNTRIES,ETH,Ethiopia,2016,MCV1,Measles-containing vaccine - 1st dose,WUENIC,WHO/UNICEF Estimates of National Immunization Coverage,1423667.0,1423667,100.0
COUNTRIES,ETH,Ethiopia,2016,MCV2,Measles-containing vaccine - 2nd dose (booster),ADMIN,Administrative coverage (doses given / target population),1261586.0,1261586,100.0
COUNTRIES,ETH,Ethiopia,2016,MCV2,Measles-containing vaccine - 2nd dose (booster),OFFICIAL,Official country-reported coverage estimate,3996519.0,3799466,95.1
COUNTRIES,ETH,Ethiopia,2016,MCV2,Measles-containing vaccine - 2nd dose (booster),WUENIC,WHO/UNICEF Estimates of National Immunization Coverage,959850.0,929978,96.9
COUNTRIES,ETH,Ethiopia,2016,POL3,Polio - 3rd dose,ADMIN,Administrative coverage (doses given / target population),1045146.0,957108,91.6
COUNTRIES,ETH,Ethiopia,2016,POL3,Polio - 3rd dose,OFFICIAL,Official country-reported coverage estimate,4372537.0,4372537,100.0
COUNTRIES,ETH,Ethiopia,2016,POL3,Polio - 3rd dose,WUENIC,WHO/UNICEF Estimates of National Immunization Coverage,2248487.0,1982584,88.2
COUNTRIES,ETH,Ethiopia,2016,HEPB3,Hepatitis B - 3rd dose,ADMIN,Administrative coverage (doses given / target population),190046.0,187331,98.6
COUNTRIES,ETH,Ethiopia,2016,HEPB3,Hepatitis B - 3rd dose,OFFICIAL,Official country-reported coverage estimate,3844521.0,3487098,90.7
COUNTRIES,ETH,Ethiopia,2016,HEPB3,Hepatitis B - 3rd dose,WUENIC,WHO/UNICEF Estimates of National Immunization Coverage,3003795.0,3003795,
COUNTRIES,ETH,Ethiopia,2016,PCV3,Pneumococcal conjugate vaccine - 3rd dose,ADMIN,Administrative coverage (doses given / target population),3777596.0,3777596,100.0
COUNTRIES,ETH,Ethiopia,2016,PCV3,Pneumococcal conjugate vaccine - 3rd dose,OFFICIAL,Official country-reported coverage estimate,1474654.0,1474654,100.0
COUNTRIES,ETH,Ethiopia,2016,PCV3,Pneumococcal conjugate vaccine - 3rd dose,WUENIC,WHO/UNICEF Estimates of National Immunization Coverage,4398696.0,3879070,88.2
COUNTRIES,ETH,Ethiopia,2017,BCG,Bacille Calmette-Guerin (Tuberculosis),ADMIN,Administrative coverage (doses given / target population),4781509.0,4546615,95.1
COUNTRIES,ETH,Ethiopia,2017,BCG,Bacille Calmette-Guerin (Tuberculosis),OFFICIAL,Official country-reported coverage estimate,331540.0,315084,95.0
COUNTRIES,ETH,Ethiopia,2017,BCG,Bacille Calmette-Guerin (Tuberculosis),WUENIC,WHO/UNICEF Estimates of National Immunization Coverage,2352801.0,2214558,94.1
COUNTRIES,ETH,Ethiopia,2017,DTP1,Diphtheria/Tetanus/Pertussis - 1st dose,ADMIN,Administrative coverage (doses given / target population),2634236.0,2634236,100.0
COUNTRIES,ETH,Ethiopia,2017,DTP1,Diphtheria/Tetanus/Pertussis - 1st dose,OFFICIAL,Official country-reported coverage estimate,3694952.0,3694952,100.0
COUNTRIES,ETH,Ethiopia,2017,DTP1,Diphtheria/Tetanus/Pertussis - 1st dose,WUENIC,WHO/UNICEF Estimates of National Immunization Coverage,2755816.0,2755816,100.0
COUNTRIES,ETH,Ethiopia,2017,DTP3,Diphtheria/Tetanus/Pertussis - 3rd dose,ADMIN,Administrative coverage (doses given / target population),2340854.0,2340854,100.0
COUNTRIES,ETH,Ethiopia,2017,DTP3,Diphtheria/Tetanus/Pertussis - 3rd dose,OFFICIAL,Official country-reported coverage estimate,1798304.0,1749857,97.3
COUNTRIES,ETH,Ethiopia,2017,DTP3,Diphtheria/Tetanus/Pertussis - 3rd dose,WUENIC,WHO/UNICEF Estimates of National Immunization Coverage,3233679.0,3095381,95.7
COUNTRIES,ETH,Ethiopia,2017,MCV1,Measles-containing vaccine - 1st dose,ADMIN,Administrative coverage (doses given / target population),2637896.0,2637896,100.0
COUNTRIES,ETH,Ethiopia,2017,MCV1,Measles-containing vaccine - 1st dose,OFFICIAL,Official country-reported coverage estimate,1889970.0,1805030,95.5
COUNTRIES,ETH,Ethiopia,2017,MCV1,Measles-containing vaccine - 1st dose,WUENIC,WHO/UNICEF Estimates of National Immunization Coverage,1934573.0,1784128,92.2
COUNTRIES,ETH,Ethiopia,2017,MCV2,Measles-containing vaccine - 2nd dose (booster),ADMIN,Administrative coverage (doses given / target population),2193341.0,2193341,100.0
COUNTRIES,ETH,Ethiopia,2017,MCV2,Measles-containing vaccine - 2nd dose (booster),OFFICIAL,Official country-reported coverage estimate,3804250.0,3804250,100.0
COUNTRIES,ETH,Ethiopia,2017,MCV2,Measles-containing vaccine - 2nd dose (booster),WUENIC,WHO/UNICEF Estimates of National Immunization Coverage,1086665.0,1086665,100.0
COUNTRIES,ETH,Ethiopia,2017,POL3,Polio - 3rd dose,ADMIN,Administrative coverage (doses given / target population),2957570.0,2923717,98.9
COUNTRIES,ETH,Ethiopia,2017,POL3,Polio - 3rd dose,OFFICIAL,Official country-reported coverage estimate,367833.0,361776,98.4
COUNTRIES,ETH,Ethiopia,2017,POL3,Polio - 3rd dose,WUENIC,WHO/UNICEF Estimates of National Immunization Coverage,3133737.0,2971672,94.8
COUNTRIES,ETH,Ethiopia,2017,HEPB3,Hepatitis B - 3rd dose,ADMIN,Administrative coverage (doses given / target population),1932166.0,1846990,95.6
COUNTRIES,ETH,Ethiopia,2017,HEPB3,Hepatitis B - 3rd dose,OFFICIAL,Official country-reported coverage estimate,2087766.0,2038439,97.6
COUNTRIES,ETH,Ethiopia,2017,HEPB3,Hepatitis B - 3rd dose,WUENIC,WHO/UNICEF Estimates of National Immunization Coverage,1638142.0,1532871,93.6
COUNTRIES,ETH,Ethiopia,2017,PCV3,Pneumococcal conjugate vaccine - 3rd dose,ADMIN,Administrative coverage (doses given / target population),2344494.0,2344494,100.0
COUNTRIES,ETH,Ethiopia,2017,PCV3,Pneumococcal conjugate vaccine - 3rd dose,OFFICIAL,Official country-reported coverage estimate,3321297.0,3321297,100.0
COUNTRIES,ETH,Ethiopia,2017,PCV3,Pneumococcal conjugate vaccine - 3rd dose,WUENIC,WHO/UNICEF Estimates of National Immunization Coverage,4900954.0,4741352,96.7
COUNTRIES,ETH,Ethiopia,2018,BCG,Bacille Calmette-Guerin (Tuberculosis),ADMIN,Administrative coverage (doses given / target population),2101414.0,2101414,100.0
COUNTRIES,ETH,Ethiopia,2018,BCG,Bacille Calmette-Guerin (Tuberculosis),OFFICIAL,Official country-reported coverage estimate,2641484.0,2560715,96.9
COUNTRIES,ETH,Ethiopia,2018,BCG,Bacille Calmette-Guerin (Tuberculosis),WUENIC,WHO/UNICEF Estimates of National Immunization Coverage,566038.0,566038,100.0
COUNTRIES,ETH,Ethiopia,2018,DTP1,Diphtheria/Tetanus/Pertussis - 1st dose,ADMIN,Administrative coverage (doses given / target population),4221329.0,3909311,92.6
COUNTRIES,ETH,Ethiopia,2018,DTP1,Diphtheria/Tetanus/Pertussis - 1st dose,OFFICIAL,Official country-reported coverage estimate,2081685.0,1943603,93.4
COUNTRIES,ETH,Ethiopia,2018,DTP1,Diphtheria/Tetanus/Pertussis - 1st dose,WUENIC,WHO/UNICEF Estimates of National Immunization Coverage,,1161099,100.0
COUNTRIES,ETH,Ethiopia,2018,DTP3,Diphtheria/Tetanus/Pertussis - 3rd dose,ADMIN,Administrative coverage (doses given / target population),229300.0,199506,87.0
COUNTRIES,ETH,Ethiopia,2018,DTP3,Diphtheria/Tetanus/Pertussis - 3rd dose,OFFICIAL,Official country-reported coverage estimate,133362.0,120350,90.2
COUNTRIES,ETH,Ethiopia,2018,DTP3,Diphtheria/Tetanus/Pertussis - 3rd dose,WUENIC,WHO/UNICEF Estimates of National Immunization Coverage,150292.0,142317,94.7
COUNTRIES,ETH,Ethiopia,2018,MCV1,Measles-containing vaccine - 1st dose,ADMIN,Administrative coverage (doses given / target population),641039.0,615249,96.0
COUNTRIES,ETH,Ethiopia,2018,MCV1,Measles-containing vaccine - 1st dose,OFFICIAL,Official country-reported coverage estimate,1409122.0,1342854,95.3
COUNTRIES,ETH,Ethiopia,2018,MCV1,Measles-containing vaccine - 1st dose,WUENIC,WHO/UNICEF Estimates of National Immunization Coverage,2708481.0,2580870,95.3
COUNTRIES,ETH,Ethiopia,2018,MCV2,Measles-containing vaccine - 2nd dose (booster),ADMIN,Administrative coverage (doses given / target population),54900.0,49259,89.7
COUNTRIES,ETH,Ethiopia,2018,MCV2,Measles-containing vaccine - 2nd dose (booster),OFFICIAL,Official country-reported coverage estimate,1607443.0,1607443,100.0
COUNTRIES,ETH,Ethiopia,2018,MCV2,Measles-containing vaccine - 2nd dose (booster),WUENIC,WHO/UNICEF Estimates of National Immunization Coverage,2770883.0,2770883,100.0
COUNTRIES,ETH,Ethiopia,2018,POL3,Polio - 3rd dose,ADMIN,Administrative coverage (doses given / target population),1688286.0,1688286,100.0
COUNTRIES,ETH,Ethiopia,2018,POL3,Polio - 3rd dose,OFFICIAL,Official country-reported coverage estimate,1148025.0,1148025,100.0
COUNTRIES,ETH,Ethiopia,2018,POL3,Polio - 3rd dose,WUENIC,WHO/UNICEF Estimates of National Immunization Coverage,2019774.0,1990589,98.6
COUNTRIES,ETH,Ethiopia,2018,HEPB3,Hepatitis B - 3rd dose,ADMIN,Administrative coverage (doses given / target population),586125.0,573244,97.8
COUNTRIES,ETH,Ethiopia,2018,HEPB3,Hepatitis B - 3rd dose,OFFICIAL,Official country-reported coverage estimate,,4424145,100.0
COUNTRIES,ETH,Ethiopia,2018,HEPB3,Hepatitis B - 3rd dose,WUENIC,WHO/UNICEF Estimates of National Immunization Coverage,4907318.0,4343656,88.5
COUNTRIES,ETH,Ethiopia,2018,PCV3,Pneumococcal conjugate vaccine - 3rd dose,ADMIN,Administrative coverage (doses given / target population),2743307.0,2551512,93.0
COUNTRIES,ETH,Ethiopia,2018,PCV3,Pneumococcal conjugate vaccine - 3rd dose,OFFICIAL,Official country-reported coverage estimate,4934156.0,4934156,100.0
COUNTRIES,ETH,Ethiopia,2018,PCV3,Pneumococcal conjugate vaccine - 3rd dose,WUENIC,WHO/UNICEF Estimates of National Immunization Coverage,2048120.0,1895040,92.5
COUNTRIES,ETH,Ethiopia,2019,BCG,Bacille Calmette-Guerin (Tuberculosis),ADMIN,Administrative coverage (doses given / target population),1059865.0,1059865,100.0
COUNTRIES,ETH,Ethiopia,2019,BCG,Bacille Calmette-Guerin (Tuberculosis),OFFICIAL,Official country-reported coverage estimate,665644.0,665644,100.0
COUNTRIES,ETH,Ethiopia,2019,BCG,Bacille Calmette-Guerin (Tuberculosis),WUENIC,WHO/UNICEF Estimates of National Immunization Coverage,1950561.0,1948299,
COUNTRIES,ETH,Ethiopia,2019,DTP1,Diphtheria/Tetanus/Pertussis - 1st dose,ADMIN,Administrative coverage (doses given / target population),2166263.0,2143569,99.0
COUNTRIES,ETH,Ethiopia,2019,DTP1,Diphtheria/Tetanus/Pertussis - 1st dose,OFFICIAL,Official country-reported coverage estimate,4985491.0,4860492,97.5
COUNTRIES,ETH,Ethiopia,2019,DTP1,Diphtheria/Tetanus/Pertussis - 1st dose,WUENIC,WHO/UNICEF Estimates of National Immunization Coverage,1531464.0,1531464,100.0
COUNTRIES,ETH,Ethiopia,2019,DTP3,Diphtheria/Tetanus/Pertussis - 3rd dose,ADMIN,Administrative coverage (doses given / target population),4841138.0,4841138,100.0
COUNTRIES,ETH,Ethiopia,2019,DTP3,Diphtheria/Tetanus/Pertussis - 3rd dose,OFFICIAL,Official country-reported coverage estimate,1997121.0,1841913,92.2
COUNTRIES,ETH,Ethiopia,2019,DTP3,Diphtheria/Tetanus/Pertussis - 3rd dose,WUENIC,WHO/UNICEF Estimates of National Immunization Coverage,2860666.0,2720312,95.1
COUNTRIES,ETH,Ethiopia,2019,MCV1,Measles-containing vaccine - 1st dose,ADMIN,Administrative coverage (doses given / target population),2607891.0,2607891,100.0
COUNTRIES,ETH,Ethiopia,2019,MCV1,Measles-containing vaccine - 1st dose,OFFICIAL,Official country-reported coverage estimate,2690267.0,2690267,100.0
COUNTRIES,ETH,Ethiopia,2019,MCV1,Measles-containing vaccine - 1st dose,WUENIC,WHO/UNICEF Estimates of National Immunization Coverage,1684732.0,1684732,100.0
COUNTRIES,ETH,Ethiopia,2019,MCV2,Measles-containing vaccine - 2nd dose (booster),ADMIN,Administrative coverage (doses given / target population),817176.0,817176,100.0
COUNTRIES,ETH,Ethiopia,2019,MCV2,Measles-containing vaccine - 2nd dose (booster),OFFICIAL,Official country-reported coverage estimate,4392966.0,4110438,93.6
COUNTRIES,ETH,Ethiopia,2019,MCV2,Measles-containing vaccine - 2nd dose (booster),WUENIC,WHO/UNICEF Estimates of National Immunization Coverage,220631.0,220631,100.0
COUNTRIES,ETH,Ethiopia,2019,POL3,Polio - 3rd dose,ADMIN,Administrative coverage (doses given / target population),2795557.0,2774785,99.3
COUNTRIES,ETH,Ethiopia,2019,POL3,Polio - 3rd dose,OFFICIAL,Official country-reported coverage estimate,87040.0,83960,96.5
COUNTRIES,ETH,Ethiopia,2019,POL3,Polio - 3rd dose,WUENIC,WHO/UNICEF Estimates of National Immunization Coverage,3038892.0,2725526,89.7
COUNTRIES,ETH,Ethiopia,2019,HEPB3,Hepatitis B - 3rd dose,ADMIN,Administrative coverage (doses given / target population),346954.0,346954,100.0
COUNTRIES,ETH,Ethiopia,2019,HEPB3,Hepatitis B - 3rd dose,OFFICIAL,Official country-reported coverage estimate,2088226.0,2088226,100.0
COUNTRIES,ETH,Ethiopia,2019,HEPB3,Hepatitis B - 3rd dose,WUENIC,WHO/UNICEF Estimates of National Immunization Coverage,2961324.0,2723931,92.0
COUNTRIES,ETH,Ethiopia,2019,PCV3,Pneumococcal conjugate vaccine - 3rd dose,ADMIN,Administrative coverage (doses given / target population),2596207.0,2596207,100.0
COUNTRIES,ETH,Ethiopia,2019,PCV3,Pneumococcal conjugate vaccine - 3rd dose,OFFICIAL,Official country-reported coverage estimate,2991757.0,2991757,100.0
COUNTRIES,ETH,Ethiopia,2019,PCV3,Pneumococcal conjugate vaccine - 3rd dose,WUENIC,WHO/UNICEF Estimates of National Immunization Coverage,3604419.0,3604419,100.0
COUNTRIES,ETH,Ethiopia,2020,BCG,Bacille Calmette-Guerin (Tuberculosis),ADMIN,Administrative coverage (doses given / target population),4415440.0,3860804,87.4
COUNTRIES,ETH,Ethiopia,2020,BCG,Bacille Calmette-Guerin (Tuberculosis),OFFICIAL,Official country-reported coverage estimate,3702073.0,3408065,92.1
COUNTRIES,ETH,Ethiopia,2020,BCG,Bacille Calmette-Guerin (Tuberculosis),WUENIC,WHO/UNICEF Estimates of National Immunization Coverage,1641841.0,1430531,87.1
COUNTRIES,ETH,Ethiopia,2020,DTP1,Diphtheria/Tetanus/Pertussis - 1st dose,ADMIN,Administrative coverage (doses given / target population),3299989.0,2806410,85.0
COUNTRIES,ETH,Ethiopia,2020,DTP1,Diphtheria/Tetanus/Pertussis - 1st dose,OFFICIAL,Official country-reported coverage estimate,105374.0,95433,90.6
COUNTRIES,ETH,Ethiopia,2020,DTP1,Diphtheria/Tetanus/Pertussis - 1st dose,WUENIC,WHO/UNICEF Estimates of National Immunization Coverage,697689.0,652424,93.5
COUNTRIES,ETH,Ethiopia,2020,DTP3,Diphtheria/Tetanus/Pertussis - 3rd dose,ADMIN,Administrative coverage (doses given / target population),4083635.0,4083635,100.0
COUNTRIES,ETH,Ethiopia,2020,DTP3,Diphtheria/Tetanus/Pertussis - 3rd dose,OFFICIAL,Official country-reported coverage estimate,3734716.0,3734716,100.0
COUNTRIES,ETH,Ethiopia,2020,DTP3,Diphtheria/Tetanus/Pertussis - 3rd dose,WUENIC,WHO/UNICEF Estimates of National Immunization Coverage,2120472.0,2120472,100.0
COUNTRIES,ETH,Ethiopia,2020,MCV1,Measles-containing vaccine - 1st dose,ADMIN,Administrative coverage (doses given / target population),154083.0,151754,98.5
COUNTRIES,ETH,Ethiopia,2020,MCV1,Measles-containing vaccine - 1st dose,OFFICIAL,Official country-reported coverage estimate,4790582.0,4790582,100.0
COUNTRIES,ETH,Ethiopia,2020,MCV1,Measles-containing vaccine - 1st dose,WUENIC,WHO/UNICEF Estimates of National Immunization Coverage,513966.0,510624,99.3
COUNTRIES,ETH,Ethiopia,2020,MCV2,Measles-containing vaccine - 2nd dose (booster),ADMIN,Administrative coverage (doses given / target population),3894608.0,3743373,96.1
COUNTRIES,ETH,Ethiopia,2020,MCV2,Measles-containing vaccine - 2nd dose (booster),OFFICIAL,Official country-reported coverage estimate,3988249.0,3732787,93.6
COUNTRIES,ETH,Ethiopia,2020,MCV2,Measles-containing vaccine - 2nd dose (booster),WUENIC,WHO/UNICEF Estimates of National Immunization Coverage,2613498.0,2613498,100.0
COUNTRIES,ETH,Ethiopia,2020,POL3,Polio - 3rd dose,ADMIN,Administrative coverage (doses given / target population),2645805.0,2500840,94.5
COUNTRIES,ETH,Ethiopia,2020,POL3,Polio - 3rd dose,OFFICIAL,Official country-reported coverage estimate,108454.0,102517,94.5
COUNTRIES,ETH,Ethiopia,2020,POL3,Polio - 3rd dose,WUENIC,WHO/UNICEF Estimates of National Immunization Coverage,4561977.0,4561977,100.0
COUNTRIES,ETH,Ethiopia,2020,HEPB3,Hepatitis B - 3rd dose,ADMIN,Administrative coverage (doses given / target population),548769.0,543126,99.0
COUNTRIES,ETH,Ethiopia,2020,HEPB3,Hepatitis B - 3rd dose,OFFICIAL,Official country-reported coverage estimate,4638374.0,4638374,100.0
COUNTRIES,ETH,Ethiopia,2020,HEPB3,Hepatitis B - 3rd dose,WUENIC,WHO/UNICEF Estimates of National Immunization Coverage,2737561.0,2604441,95.1
COUNTRIES,ETH,Ethiopia,2020,PCV3,Pneumococcal conjugate vaccine - 3rd dose,ADMIN,Administrative coverage (doses given / target population),836500.0,836500,100.0
COUNTRIES,ETH,Ethiopia,2020,PCV3,Pneumococcal conjugate vaccine - 3rd dose,OFFICIAL,Official country-reported coverage estimate,,2754026,95.3
COUNTRIES,ETH,Ethiopia,2020,PCV3,Pneumococcal conjugate vaccine - 3rd dose,WUENIC,WHO/UNICEF Estimates of National Immunization Coverage,1039077.0,1026058,98.7
COUNTRIES,ETH,Ethiopia,2021,BCG,Bacille Calmette-Guerin (Tuberculosis),ADMIN,Administrative coverage (doses given / target population),3271520.0,3271520,
COUNTRIES,ETH,Ethiopia,2021,BCG,Bacille Calmette-Guerin (Tuberculosis),OFFICIAL,Official country-reported coverage estimate,4677731.0,4271016,91.3
COUNTRIES,ETH,Ethiopia,2021,BCG,Bacille Calmette-Guerin (Tuberculosis),WUENIC,WHO/UNICEF Estimates of National Immunization Coverage,2553337.0,2553337,100.0
COUNTRIES,ETH,Ethiopia,2021,DTP1,Diphtheria/Tetanus/Pertussis - 1st dose,ADMIN,Administrative coverage (doses given / target population),3416255.0,3416255,100.0
COUNTRIES,ETH,Ethiopia,2021,DTP1,Diphtheria/Tetanus/Pertussis - 1st dose,OFFICIAL,Official country-reported coverage estimate,3564504.0,3510796,98.5
COUNTRIES,ETH,Ethiopia,2021,DTP1,Diphtheria/Tetanus/Pertussis - 1st dose,WUENIC,WHO/UNICEF Estimates of National Immunization Coverage,913238.0,913238,100.0
COUNTRIES,ETH,Ethiopia,2021,DTP3,Diphtheria/Tetanus/Pertussis - 3rd dose,ADMIN,Administrative coverage (doses given / target population),3087346.0,3087346,100.0
COUNTRIES,ETH,Ethiopia,2021,DTP3,Diphtheria/Tetanus/Pertussis - 3rd dose,OFFICIAL,Official country-reported coverage estimate,3604591.0,3604591,100.0
COUNTRIES,ETH,Ethiopia,2021,DTP3,Diphtheria/Tetanus/Pertussis - 3rd dose,WUENIC,WHO/UNICEF Estimates of National Immunization Coverage,3050940.0,2818502,92.4
COUNTRIES,ETH,Ethiopia,2021,MCV1,Measles-containing vaccine - 1st dose,ADMIN,Administrative coverage (doses given / target population),2512357.0,2365837,94.2
COUNTRIES,ETH,Ethiopia,2021,MCV1,Measles-containing vaccine - 1st dose,OFFICIAL,Official country-reported coverage estimate,350500.0,349959,99.8
COUNTRIES,ETH,Ethiopia,2021,MCV1,Measles-containing vaccine - 1st dose,WUENIC,WHO/UNICEF Estimates of National Immunization Coverage,1068675.0,1011322,94.6
COUNTRIES,ETH,Ethiopia,2021,MCV2,Measles-containing vaccine - 2nd dose (booster),ADMIN,Administrative coverage (doses given / target population),3071516.0,2900817,94.4
COUNTRIES,ETH,Ethiopia,2021,MCV2,Measles-containing vaccine - 2nd dose (booster),OFFICIAL,Official country-reported coverage estimate,744088.0,744088,100.0
COUNTRIES,ETH,Ethiopia,2021,MCV2,Measles-containing vaccine - 2nd dose (booster),WUENIC,WHO/UNICEF Estimates of National Immunization Coverage,1582240.0,1582240,100.0
COUNTRIES,ETH,Ethiopia,2021,POL3,Polio - 3rd dose,ADMIN,Administrative coverage (doses given / target population),296215.0,286233,96.6
COUNTRIES,ETH,Ethiopia,2021,POL3,Polio - 3rd dose,OFFICIAL,Official country-reported coverage estimate,2390791.0,2247900,94.0
COUNTRIES,ETH,Ethiopia,2021,POL3,Polio - 3rd dose,WUENIC,WHO/UNICEF Estimates of National Immunization Coverage,4279151.0,4279151,100.0
COUNTRIES,ETH,Ethiopia,2021,HEPB3,Hepatitis B - 3rd dose,ADMIN,Administrative coverage (doses given / target population),4897254.0,4897254,100.0
COUNTRIES,ETH,Ethiopia,2021,HEPB3,Hepatitis B - 3rd dose,OFFICIAL,Official country-reported coverage estimate,3218963.0,2641571,82.1
COUNTRIES,ETH,Ethiopia,2021,HEPB3,Hepatitis B - 3rd dose,WUENIC,WHO/UNICEF Estimates of National Immunization Coverage,2990775.0,2628838,87.9
COUNTRIES,ETH,Ethiopia,2021,PCV3,Pneumococcal conjugate vaccine - 3rd dose,ADMIN,Administrative coverage (doses given / target population),395569.0,380112,96.1
COUNTRIES,ETH,Ethiopia,2021,PCV3,Pneumococcal conjugate vaccine - 3rd dose,OFFICIAL,Official country-reported coverage estimate,,440068,94.0
COUNTRIES,ETH,Ethiopia,2021,PCV3,Pneumococcal conjugate vaccine - 3rd dose,WUENIC,WHO/UNICEF Estimates of National Immunization Coverage,2693954.0,2693954,100.0
COUNTRIES,ETH,Ethiopia,2022,BCG,Bacille Calmette-Guerin (Tuberculosis),ADMIN,Administrative coverage (doses given / target population),598214.0,590118,98.6
COUNTRIES,ETH,Ethiopia,2022,BCG,Bacille Calmette-Guerin (Tuberculosis),OFFICIAL,Official country-reported coverage estimate,1327568.0,1297132,
COUNTRIES,ETH,Ethiopia,2022,BCG,Bacille Calmette-Guerin (Tuberculosis),WUENIC,WHO/UNICEF Estimates of National Immunization Coverage,1500032.0,1497976,99.9
COUNTRIES,ETH,Ethiopia,2022,DTP1,Diphtheria/Tetanus/Pertussis - 1st dose,ADMIN,Administrative coverage (doses given / target population),2271695.0,2271695,100.0
COUNTRIES,ETH,Ethiopia,2022,DTP1,Diphtheria/Tetanus/Pertussis - 1st dose,OFFICIAL,Official country-reported coverage estimate,3506041.0,3506041,
COUNTRIES,ETH,Ethiopia,2022,DTP1,Diphtheria/Tetanus/Pertussis - 1st dose,WUENIC,WHO/UNICEF Estimates of National Immunization Coverage,3858223.0,3529577,91.5
COUNTRIES,ETH,Ethiopia,2022,DTP3,Diphtheria/Tetanus/Pertussis - 3rd dose,ADMIN,Administrative coverage (doses given / target population),4743331.0,4743331,100.0
COUNTRIES,ETH,Ethiopia,2022,DTP3,Diphtheria/Tetanus/Pertussis - 3rd dose,OFFICIAL,Official country-reported coverage estimate,2207097.0,2130539,96.5
COUNTRIES,ETH,Ethiopia,2022,DTP3,Diphtheria/Tetanus/Pertussis - 3rd dose,WUENIC,WHO/UNICEF Estimates of National Immunization Coverage,1211627.0,1010538,83.4
COUNTRIES,ETH,Ethiopia,2022,MCV1,Measles-containing vaccine - 1st dose,ADMIN,Administrative coverage (doses given / target population),2983629.0,2756613,92.4
COUNTRIES,ETH,Ethiopia,2022,MCV1,Measles-containing vaccine - 1st dose,OFFICIAL,Official country-reported coverage estimate,2397500.0,2397500,100.0
COUNTRIES,ETH,Ethiopia,2022,MCV1,Measles-containing vaccine - 1st dose,WUENIC,WHO/UNICEF Estimates of National Immunization Coverage,2103786.0,2095501,99.6
COUNTRIES,ETH,Ethiopia,2022,MCV2,Measles-containing vaccine - 2nd dose (booster),ADMIN,Administrative coverage (doses given / target population),749381.0,749381,100.0
COUNTRIES,ETH,Ethiopia,2022,MCV2,Measles-containing vaccine - 2nd dose (booster),OFFICIAL,Official country-reported coverage estimate,72611.0,71402,98.3
COUNTRIES,ETH,Ethiopia,2022,MCV2,Measles-containing vaccine - 2nd dose (booster),WUENIC,WHO/UNICEF Estimates of National Immunization Coverage,3031963.0,3031963,100.0
COUNTRIES,ETH,Ethiopia,2022,POL3,Polio - 3rd dose,ADMIN,Administrative coverage (doses given / target population),1920914.0,1895365,98.7
COUNTRIES,ETH,Ethiopia,2022,POL3,Polio - 3rd dose,OFFICIAL,Official country-reported coverage estimate,369064.0,328099,88.9
COUNTRIES,ETH,Ethiopia,2022,POL3,Polio - 3rd dose,WUENIC,WHO/UNICEF Estimates of National Immunization Coverage,791870.0,747606,94.4
COUNTRIES,ETH,Ethiopia,2022,HEPB3,Hepatitis B - 3rd dose,ADMIN,Administrative coverage (doses given / target population),4927554.0,4927554,100.0
COUNTRIES,ETH,Ethiopia,2022,HEPB3,Hepatitis B - 3rd dose,OFFICIAL,Official country-reported coverage estimate,4561709.0,4561709,100.0
COUNTRIES,ETH,Ethiopia,2022,HEPB3,Hepatitis B - 3rd dose,WUENIC,WHO/UNICEF Estimates of National Immunization Coverage,74675.0,73316,98.2
COUNTRIES,ETH,Ethiopia,2022,PCV3,Pneumococcal conjugate vaccine - 3rd dose,ADMIN,Administrative coverage (doses given / target population),4494612.0,4269693,95.0
COUNTRIES,ETH,Ethiopia,2022,PCV3,Pneumococcal conjugate vaccine - 3rd dose,OFFICIAL,Official country-reported coverage estimate,1929610.0,1914457,99.2
COUNTRIES,ETH,Ethiopia,2022,PCV3,Pneumococcal conjugate vaccine - 3rd dose,WUENIC,WHO/UNICEF Estimates of National Immunization Coverage,2252644.0,2112855,93.8
COUNTRIES,ETH,Ethiopia,2023,BCG,Bacille Calmette-Guerin (Tuberculosis),ADMIN,Administrative coverage (doses given / target population),2264551.0,2213592,97.7
COUNTRIES,ETH,Ethiopia,2023,BCG,Bacille Calmette-Guerin (Tuberculosis),OFFICIAL,Official country-reported coverage estimate,3419424.0,3419424,100.0
COUNTRIES,ETH,Ethiopia,2023,BCG,Bacille Calmette-Guerin (Tuberculosis),WUENIC,WHO/UNICEF Estimates of National Immunization Coverage,4597389.0,4503676,98.0
COUNTRIES,ETH,Ethiopia,2023,DTP1,Diphtheria/Tetanus/Pertussis - 1st dose,ADMIN,Administrative coverage (doses given / target population),2464958.0,2399051,97.3
COUNTRIES,ETH,Ethiopia,2023,DTP1,Diphtheria/Tetanus/Pertussis - 1st dose,OFFICIAL,Official country-reported coverage estimate,532846.0,532846,100.0
COUNTRIES,ETH,Ethiopia,2023,DTP1,Diphtheria/Tetanus/Pertussis - 1st dose,WUENIC,WHO/UNICEF Estimates of National Immunization Coverage,3056510.0,2928673,95.8
COUNTRIES,ETH,Ethiopia,2023,DTP3,Diphtheria/Tetanus/Pertussis - 3rd dose,ADMIN,Administrative coverage (doses given / target population),3092300.0,3084977,99.8
COUNTRIES,ETH,Ethiopia,2023,DTP3,Diphtheria/Tetanus/Pertussis - 3rd dose,OFFICIAL,Official country-reported coverage estimate,4226699.0,4219593,99.8
COUNTRIES,ETH,Ethiopia,2023,DTP3,Diphtheria/Tetanus/Pertussis - 3rd dose,WUENIC,WHO/UNICEF Estimates of National Immunization Coverage,1117075.0,1117075,100.0
COUNTRIES,ETH,Ethiopia,2023,MCV1,Measles-containing vaccine - 1st dose,ADMIN,Administrative coverage (doses given / target population),4021692.0,4021692,100.0
COUNTRIES,ETH,Ethiopia,2023,MCV1,Measles-containing vaccine - 1st dose,OFFICIAL,Official country-reported coverage estimate,2237410.0,2195922,98.1
COUNTRIES,ETH,Ethiopia,2023,MCV1,Measles-containing vaccine - 1st dose,WUENIC,WHO/UNICEF Estimates of National Immunization Coverage,1631673.0,1559677,95.6
COUNTRIES,ETH,Ethiopia,2023,MCV2,Measles-containing vaccine - 2nd dose (booster),ADMIN,Administrative coverage (doses given / target population),1900913.0,1784980,93.9
COUNTRIES,ETH,Ethiopia,2023,MCV2,Measles-containing vaccine - 2nd dose (booster),OFFICIAL,Official country-reported coverage estimate,3273655.0,3273655,100.0
COUNTRIES,ETH,Ethiopia,2023,MCV2,Measles-containing vaccine - 2nd dose (booster),WUENIC,WHO/UNICEF Estimates of National Immunization Coverage,950617.0,950617,100.0
COUNTRIES,ETH,Ethiopia,2023,POL3,Polio - 3rd dose,ADMIN,Administrative coverage (doses given / target population),1617685.0,1617685,100.0
COUNTRIES,ETH,Ethiopia,2023,POL3,Polio - 3rd dose,OFFICIAL,Official country-reported coverage estimate,130472.0,130472,100.0
COUNTRIES,ETH,Ethiopia,2023,POL3,Polio - 3rd dose,WUENIC,WHO/UNICEF Estimates of National Immunization Coverage,2718935.0,2425643,89.2
COUNTRIES,ETH,Ethiopia,2023,HEPB3,Hepatitis B - 3rd dose,ADMIN,Administrative coverage (doses given / target population),3631618.0,3519322,96.9
COUNTRIES,ETH,Ethiopia,2023,HEPB3,Hepatitis B - 3rd dose,OFFICIAL,Official country-reported coverage estimate,3306143.0,2865034,86.7
COUNTRIES,ETH,Ethiopia,2023,HEPB3,Hepatitis B - 3rd dose,WUENIC,WHO/UNICEF Estimates of National Immunization Coverage,1720574.0,1720574,100.0
COUNTRIES,ETH,Ethiopia,2023,PCV3,Pneumococcal conjugate vaccine - 3rd dose,ADMIN,Administrative coverage (doses given / target population),3877069.0,3877069,100.0
COUNTRIES,ETH,Ethiopia,2023,PCV3,Pneumococcal conjugate vaccine - 3rd dose,OFFICIAL,Official country-reported coverage estimate,1373133.0,1373133,100.0
COUNTRIES,ETH,Ethiopia,2023,PCV3,Pneumococcal conjugate vaccine - 3rd dose,WUENIC,WHO/UNICEF Estimates of National Immunization Coverage,1286024.0,1234236,96.0
COUNTRIES,BGD,Bangladesh,2010,BCG,Bacille Calmette-Guerin (Tuberculosis),ADMIN,Administrative coverage (doses given / target population),3313605.0,2747066,82.9
COUNTRIES,BGD,Bangladesh,2010,BCG,Bacille Calmette-Guerin (Tuberculosis),OFFICIAL,Official country-reported coverage estimate,2720670.0,2143626,78.8
COUNTRIES,BGD,Bangladesh,2010,BCG,Bacille Calmette-Guerin (Tuberculosis),WUENIC,WHO/UNICEF Estimates of National Immunization Coverage,1615563.0,1266680,78.4
COUNTRIES,BGD,Bangladesh,2010,DTP1,Diphtheria/Tetanus/Pertussis - 1st dose,ADMIN,Administrative coverage (doses given / target population),3740667.0,3159460,84.5
COUNTRIES,BGD,Bangladesh,2010,DTP1,Diphtheria/Tetanus/Pertussis - 1st dose,OFFICIAL,Official country-reported coverage estimate,2756726.0,1927566,69.9
COUNTRIES,BGD,Bangladesh,2010,DTP1,Diphtheria/Tetanus/Pertussis - 1st dose,WUENIC,WHO/UNICEF Estimates of National Immunization Coverage,1981724.0,1807294,91.2
COUNTRIES,BGD,Bangladesh,2010,DTP3,Diphtheria/Tetanus/Pertussis - 3rd dose,ADMIN,Administrative coverage (doses given / target population),4824676.0,4081783,84.6
COUNTRIES,BGD,Bangladesh,2010,DTP3,Diphtheria/Tetanus/Pertussis - 3rd dose,OFFICIAL,Official country-reported coverage estimate,1361823.0,1105367,81.2
COUNTRIES,BGD,Bangladesh,2010,DTP3,Diphtheria/Tetanus/Pertussis - 3rd dose,WUENIC,WHO/UNICEF Estimates of National Immunization Coverage,463632.0,381430,82.3
COUNTRIES,BGD,Bangladesh,2010,MCV1,Measles-containing vaccine - 1st dose,ADMIN,Administrative coverage (doses given / target population),4695100.0,3476302,74.0
COUNTRIES,BGD,Bangladesh,2010,MCV1,Measles-containing vaccine - 1st dose,OFFICIAL,Official country-reported coverage estimate,4768358.0,3678548,77.1
COUNTRIES,BGD,Bangladesh,2010,MCV1,Measles-containing vaccine - 1st dose,WUENIC,WHO/UNICEF Estimates of National Immunization Coverage,3545445.0,2892787,81.6
COUNTRIES,BGD,Bangladesh,2010,MCV2,Measles-containing vaccine - 2nd dose (booster),ADMIN,Administrative coverage (doses given / target population),3816152.0,3267458,85.6
COUNTRIES,BGD,Bangladesh,2010,MCV2,Measles-containing vaccine - 2nd dose (booster),OFFICIAL,Official country-reported coverage estimate,2919301.0,2461946,84.3
COUNTRIES,BGD,Bangladesh,2010,MCV2,Measles-containing vaccine - 2nd dose (booster),WUENIC,WHO/UNICEF Estimates of National Immunization Coverage,1690797.0,1500416,88.7
COUNTRIES,BGD,Bangladesh,2010,POL3,Polio - 3rd dose,ADMIN,Administrative coverage (doses given / target population),166653.0,138364,83.0
COUNTRIES,BGD,Bangladesh,2010,POL3,Polio - 3rd dose,OFFICIAL,Official country-reported coverage estimate,4691641.0,3829099,81.6
COUNTRIES,BGD,Bangladesh,2010,POL3,Polio - 3rd dose,WUENIC,WHO/UNICEF Estimates of National Immunization Coverage,1909985.0,1561578,81.8
COUNTRIES,BGD,Bangladesh,2010,HEPB3,Hepatitis B - 3rd dose,ADMIN,Administrative coverage (doses given / target population),3570255.0,3204264,89.7
COUNTRIES,BGD,Bangladesh,2010,HEPB3,Hepatitis B - 3rd dose,OFFICIAL,Official country-reported coverage estimate,2402576.0,1846423,76.9
COUNTRIES,BGD,Bangladesh,2010,HEPB3,Hepatitis B - 3rd dose,WUENIC,WHO/UNICEF Estimates of National Immunization Coverage,3180608.0,2520224,79.2
COUNTRIES,BGD,Bangladesh,2010,PCV3,Pneumococcal conjugate vaccine - 3rd dose,ADMIN,Administrative coverage (doses given / target population),4065352.0,3250231,79.9
COUNTRIES,BGD,Bangladesh,2010,PCV3,Pneumococcal conjugate vaccine - 3rd dose,OFFICIAL,Official country-reported coverage estimate,1389522.0,1182517,85.1
COUNTRIES,BGD,Bangladesh,2010,PCV3,Pneumococcal conjugate vaccine - 3rd dose,WUENIC,WHO/UNICEF Estimates of National Immunization Coverage,4596588.0,4023143,87.5
COUNTRIES,BGD,Bangladesh,2011,BCG,Bacille Calmette-Guerin (Tuberculosis),ADMIN,Administrative coverage (doses given / target population),1695266.0,1544930,91.1
COUNTRIES,BGD,Bangladesh,2011,BCG,Bacille Calmette-Guerin (Tuberculosis),OFFICIAL,Official country-reported coverage estimate,359329.0,276630,77.0
COUNTRIES,BGD,Bangladesh,2011,BCG,Bacille Calmette-Guerin (Tuberculosis),WUENIC,WHO/UNICEF Estimates of National Immunization Coverage,,765965,77.2
COUNTRIES,BGD,Bangladesh,2011,DTP1,Diphtheria/Tetanus/Pertussis - 1st dose,ADMIN,Administrative coverage (doses given / target population),1302590.0,1040555,79.9
COUNTRIES,BGD,Bangladesh,2011,DTP1,Diphtheria/Tetanus/Pertussis - 1st dose,OFFICIAL,Official country-reported coverage estimate,687943.0,521190,75.8
COUNTRIES,BGD,Bangladesh,2011,DTP1,Diphtheria/Tetanus/Pertussis - 1st dose,WUENIC,WHO/UNICEF Estimates of National Immunization Coverage,666244.0,531286,79.7
COUNTRIES,BGD,Bangladesh,2011,DTP3,Diphtheria/Tetanus/Pertussis - 3rd dose,ADMIN,Administrative coverage (doses given / target population),2162638.0,1698959,78.6
COUNTRIES,BGD,Bangladesh,2011,DTP3,Diphtheria/Tetanus/Pertussis - 3rd dose,OFFICIAL,Official country-reported coverage estimate,3476131.0,3116746,89.7
COUNTRIES,BGD,Bangladesh,2011,DTP3,Diphtheria/Tetanus/Pertussis - 3rd dose,WUENIC,WHO/UNICEF Estimates of National Immunization Coverage,262640.0,220055,83.8
COUNTRIES,BGD,Bangladesh,2011,MCV1,Measles-containing vaccine - 1st dose,ADMIN,Administrative coverage (doses given / target population),2877389.0,2405891,83.6
COUNTRIES,BGD,Bangladesh,2011,MCV1,Measles-containing vaccine - 1st dose,OFFICIAL,Official country-reported coverage estimate,4223138.0,3414418,80.9
COUNTRIES,BGD,Bangladesh,2011,MCV1,Measles-containing vaccine - 1st dose,WUENIC,WHO/UNICEF Estimates of National Immunization Coverage,241078.0,202817,84.1
COUNTRIES,BGD,Bangladesh,2011,MCV2,Measles-containing vaccine - 2nd dose (booster),ADMIN,Administrative coverage (doses given / target population),1913866.0,1630655,85.2
COUNTRIES,BGD,Bangladesh,2011,MCV2,Measles-containing vaccine - 2nd dose (booster),OFFICIAL,Official country-reported coverage estimate,2357189.0,1827263,77.5
COUNTRIES,BGD,Bangladesh,2011,MCV2,Measles-containing vaccine - 2nd dose (booster),WUENIC,WHO/UNICEF Estimates of National Immunization Coverage,4980277.0,4369940,87.7
COUNTRIES,BGD,Bangladesh,2011,POL3,Polio - 3rd dose,ADMIN,Administrative coverage (doses given / target population),2058698.0,1506227,73.2
COUNTRIES,BGD,Bangladesh,2011,POL3,Polio - 3rd dose,OFFICIAL,Official country-reported coverage estimate,3215497.0,2804391,87.2
COUNTRIES,BGD,Bangladesh,2011,POL3,Polio - 3rd dose,WUENIC,WHO/UNICEF Estimates of National Immunization Coverage,782200.0,605795,77.4
COUNTRIES,BGD,Bangladesh,2011,HEPB3,Hepatitis B - 3rd dose,ADMIN,Administrative coverage (doses given / target population),4299250.0,3548474,82.5
COUNTRIES,BGD,Bangladesh,2011,HEPB3,Hepatitis B - 3rd dose,OFFICIAL,Official country-reported coverage estimate,867358.0,650846,75.0
COUNTRIES,BGD,Bangladesh,2011,HEPB3,Hepatitis B - 3rd dose,WUENIC,WHO/UNICEF Estimates of National Immunization Coverage,3012716.0,2677667,88.9
COUNTRIES,BGD,Bangladesh,2011,PCV3,Pneumococcal conjugate vaccine - 3rd dose,ADMIN,Administrative coverage (doses given / target population),2009664.0,1526095,75.9
COUNTRIES,BGD,Bangladesh,2011,PCV3,Pneumococcal conjugate vaccine - 3rd dose,OFFICIAL,Official country-reported coverage estimate,971386.0,815647,84.0
COUNTRIES,BGD,Bangladesh,2011,PCV3,Pneumococcal conjugate vaccine - 3rd dose,WUENIC,WHO/UNICEF Estimates of National Immunization Coverage,4269054.0,3405242,79.8
COUNTRIES,BGD,Bangladesh,2012,BCG,Bacille Calmette-Guerin (Tuberculosis),ADMIN,Administrative coverage (doses given / target population),331720.0,290011,87.4
COUNTRIES,BGD,Bangladesh,2012,BCG,Bacille Calmette-Guerin (Tuberculosis),OFFICIAL,Official country-reported coverage estimate,3892770.0,3019172,77.6
COUNTRIES,BGD,Bangladesh,2012,BCG,Bacille Calmette-Guerin (Tuberculosis),WUENIC,WHO/UNICEF Estimates of National Immunization Coverage,4912041.0,4121946,83.9
COUNTRIES,BGD,Bangladesh,2012,DTP1,Diphtheria/Tetanus/Pertussis - 1st dose,ADMIN,Administrative coverage (doses given / target population),320954.0,290205,90.4
COUNTRIES,BGD,Bangladesh,2012,DTP1,Diphtheria/Tetanus/Pertussis - 1st dose,OFFICIAL,Official country-reported coverage estimate,3588875.0,2835221,79.0
COUNTRIES,BGD,Bangladesh,2012,DTP1,Diphtheria/Tetanus/Pertussis - 1st dose,WUENIC,WHO/UNICEF Estimates of National Immunization Coverage,1196939.0,937033,78.3
COUNTRIES,BGD,Bangladesh,2012,DTP3,Diphtheria/Tetanus/Pertussis - 3rd dose,ADMIN,Administrative coverage (doses given / target population),526145.0,494302,93.9
COUNTRIES,BGD,Bangladesh,2012,DTP3,Diphtheria/Tetanus/Pertussis - 3rd dose,OFFICIAL,Official country-reported coverage estimate,4021253.0,3657793,91.0
COUNTRIES,BGD,Bangladesh,2012,DTP3,Diphtheria/Tetanus/Pertussis - 3rd dose,WUENIC,WHO/UNICEF Estimates of National Immunization Coverage,3040464.0,2403539,79.1
COUNTRIES,BGD,Bangladesh,2012,MCV1,Measles-containing vaccine - 1st dose,ADMIN,Administrative coverage (doses given / target population),911035.0,788396,86.5
COUNTRIES,BGD,Bangladesh,2012,MCV1,Measles-containing vaccine - 1st dose,OFFICIAL,Official country-reported coverage estimate,3568269.0,2743804,76.9
COUNTRIES,BGD,Bangladesh,2012,MCV1,Measles-containing vaccine - 1st dose,WUENIC,WHO/UNICEF Estimates of National Immunization Coverage,1738588.0,1524354,87.7
COUNTRIES,BGD,Bangladesh,2012,MCV2,Measles-containing vaccine - 2nd dose (booster),ADMIN,Administrative coverage (doses given / target population),248898.0,222282,89.3
COUNTRIES,BGD,Bangladesh,2012,MCV2,Measles-containing vaccine - 2nd dose (booster),OFFICIAL,Official country-reported coverage estimate,3504232.0,2917574,83.3
COUNTRIES,BGD,Bangladesh,2012,MCV2,Measles-containing vaccine - 2nd dose (booster),WUENIC,WHO/UNICEF Estimates of National Immunization Coverage,71599.0,62678,87.5
COUNTRIES,BGD,Bangladesh,2012,POL3,Polio - 3rd dose,ADMIN,Administrative coverage (doses given / target population),3810312.0,2866483,75.2
COUNTRIES,BGD,Bangladesh,2012,POL3,Polio - 3rd dose,OFFICIAL,Official country-reported coverage estimate,1323786.0,1034046,78.1
COUNTRIES,BGD,Bangladesh,2012,POL3,Polio - 3rd dose,WUENIC,WHO/UNICEF Estimates of National Immunization Coverage,179818.0,162346,90.3
COUNTRIES,BGD,Bangladesh,2012,HEPB3,Hepatitis B - 3rd dose,ADMIN,Administrative coverage (doses given / target population),335578.0,311035,92.7
COUNTRIES,BGD,Bangladesh,2012,HEPB3,Hepatitis B - 3rd dose,OFFICIAL,Official country-reported coverage estimate,772893.0,654751,84.7
COUNTRIES,BGD,Bangladesh,2012,HEPB3,Hepatitis B - 3rd dose,WUENIC,WHO/UNICEF Estimates of National Immunization Coverage,4327168.0,3785559,87.5
COUNTRIES,BGD,Bangladesh,2012,PCV3,Pneumococcal conjugate vaccine - 3rd dose,ADMIN,Administrative coverage (doses given / target population),,1222514,82.1
COUNTRIES,BGD,Bangladesh,2012,PCV3,Pneumococcal conjugate vaccine - 3rd dose,OFFICIAL,Official country-reported coverage estimate,1015395.0,792473,78.0
COUNTRIES,BGD,Bangladesh,2012,PCV3,Pneumococcal conjugate vaccine - 3rd dose,WUENIC,WHO/UNICEF Estimates of National Immunization Coverage,,2089437,85.0
COUNTRIES,BGD,Bangladesh,2013,BCG,Bacille Calmette-Guerin (Tuberculosis),ADMIN,Administrative coverage (doses given / target population),3514614.0,2969980,84.5
COUNTRIES,BGD,Bangladesh,2013,BCG,Bacille Calmette-Guerin (Tuberculosis),OFFICIAL,Official country-reported coverage estimate,1321211.0,1145058,86.7
COUNTRIES,BGD,Bangladesh,2013,BCG,Bacille Calmette-Guerin (Tuberculosis),WUENIC,WHO/UNICEF Estimates of National Immunization Coverage,2797300.0,2373411,84.8
COUNTRIES,BGD,Bangladesh,2013,DTP1,Diphtheria/Tetanus/Pertussis - 1st dose,ADMIN,Administrative coverage (doses given / target population),2865688.0,2382377,83.1
COUNTRIES,BGD,Bangladesh,2013,DTP1,Diphtheria/Tetanus/Pertussis - 1st dose,OFFICIAL,Official country-reported coverage estimate,4662383.0,4003495,85.9
COUNTRIES,BGD,Bangladesh,2013,DTP1,Diphtheria/Tetanus/Pertussis - 1st dose,WUENIC,WHO/UNICEF Estimates of National Immunization Coverage,4073152.0,3486980,85.6
COUNTRIES,BGD,Bangladesh,2013,DTP3,Diphtheria/Tetanus/Pertussis - 3rd dose,ADMIN,Administrative coverage (doses given / target population),4587567.0,4009587,87.4
COUNTRIES,BGD,Bangladesh,2013,DTP3,Diphtheria/Tetanus/Pertussis - 3rd dose,OFFICIAL,Official country-reported coverage estimate,4248552.0,3556108,
COUNTRIES,BGD,Bangladesh,2013,DTP3,Diphtheria/Tetanus/Pertussis - 3rd dose,WUENIC,WHO/UNICEF Estimates of National Immunization Coverage,2112685.0,1682733,
COUNTRIES,BGD,Bangladesh,2013,MCV1,Measles-containing vaccine - 1st dose,ADMIN,Administrative coverage (doses given / target population),1096934.0,840702,76.6
COUNTRIES,BGD,Bangladesh,2013,MCV1,Measles-containing vaccine - 1st dose,OFFICIAL,Official country-reported coverage estimate,591962.0,538598,91.0
COUNTRIES,BGD,Bangladesh,2013,MCV1,Measles-containing vaccine - 1st dose,WUENIC,WHO/UNICEF Estimates of National Immunization Coverage,912366.0,790248,86.6
COUNTRIES,BGD,Bangladesh,2013,MCV2,Measles-containing vaccine - 2nd dose (booster),ADMIN,Administrative coverage (doses given / target population),3521290.0,3353107,
COUNTRIES,BGD,Bangladesh,2013,MCV2,Measles-containing vaccine - 2nd dose (booster),OFFICIAL,Official country-reported coverage estimate,3384194.0,3384194,100.0
COUNTRIES,BGD,Bangladesh,2013,MCV2,Measles-containing vaccine - 2nd dose (booster),WUENIC,WHO/UNICEF Estimates of National Immunization Coverage,774859.0,635581,82.0
COUNTRIES,BGD,Bangladesh,2013,POL3,Polio - 3rd dose,ADMIN,Administrative coverage (doses given / target population),4098668.0,3320084,81.0
COUNTRIES,BGD,Bangladesh,2013,POL3,Polio - 3rd dose,OFFICIAL,Official country-reported coverage estimate,1438913.0,1232063,85.6
COUNTRIES,BGD,Bangladesh,2013,POL3,Polio - 3rd dose,WUENIC,WHO/UNICEF Estimates of National Immunization Coverage,2718993.0,2248801,82.7
COUNTRIES,BGD,Bangladesh,2013,HEPB3,Hepatitis B - 3rd dose,ADMIN,Administrative coverage (doses given / target population),4068757.0,3826705,94.1
COUNTRIES,BGD,Bangladesh,2013,HEPB3,Hepatitis B - 3rd dose,OFFICIAL,Official country-reported coverage estimate,981056.0,834030,85.0
COUNTRIES,BGD,Bangladesh,2013,HEPB3,Hepatitis B - 3rd dose,WUENIC,WHO/UNICEF Estimates of National Immunization Coverage,738075.0,575231,77.9
COUNTRIES,BGD,Bangladesh,2013,PCV3,Pneumococcal conjugate vaccine - 3rd dose,ADMIN,Administrative coverage (doses given / target population),2356103.0,1945822,82.6
COUNTRIES,BGD,Bangladesh,2013,PCV3,Pneumococcal conjugate vaccine - 3rd dose,OFFICIAL,Official country-reported coverage estimate,1014446.0,808931,79.7
COUNTRIES,BGD,Bangladesh,2013,PCV3,Pneumococcal conjugate vaccine - 3rd dose,WUENIC,WHO/UNICEF Estimates of National Immunization Coverage,881917.0,876812,99.4
COUNTRIES,BGD,Bangladesh,2014,BCG,Bacille Calmette-Guerin (Tuberculosis),ADMIN,Administrative coverage (doses given / target population),2224782.0,1828988,82.2
COUNTRIES,BGD,Bangladesh,2014,BCG,Bacille Calmette-Guerin (Tuberculosis),OFFICIAL,Official country-reported coverage estimate,1863785.0,1483597,79.6
COUNTRIES,BGD,Bangladesh,2014,BCG,Bacille Calmette-Guerin (Tuberculosis),WUENIC,WHO/UNICEF Estimates of National Immunization Coverage,544662.0,454690,83.5
COUNTRIES,BGD,Bangladesh,2014,DTP1,Diphtheria/Tetanus/Pertussis - 1st dose,ADMIN,Administrative coverage (doses given / target population),2270195.0,1977781,87.1
COUNTRIES,BGD,Bangladesh,2014,DTP1,Diphtheria/Tetanus/Pertussis - 1st dose,OFFICIAL,Official country-reported coverage estimate,4772835.0,4192952,87.9
COUNTRIES,BGD,Bangladesh,2014,DTP1,Diphtheria/Tetanus/Pertussis - 1st dose,WUENIC,WHO/UNICEF Estimates of National Immunization Coverage,3600767.0,3090657,85.8
COUNTRIES,BGD,Bangladesh,2014,DTP3,Diphtheria/Tetanus/Pertussis - 3rd dose,ADMIN,Administrative coverage (doses given / target population),4733601.0,3790327,80.1
COUNTRIES,BGD,Bangladesh,2014,DTP3,Diphtheria/Tetanus/Pertussis - 3rd dose,OFFICIAL,Official country-reported coverage estimate,2836681.0,2220678,78.3
COUNTRIES,BGD,Bangladesh,2014,DTP3,Diphtheria/Tetanus/Pertussis - 3rd dose,WUENIC,WHO/UNICEF Estimates of National Immunization Coverage,703540.0,634423,90.2
COUNTRIES,BGD,Bangladesh,2014,MCV1,Measles-containing vaccine - 1st dose,ADMIN,Administrative coverage (doses given / target population),618431.0,543738,87.9
COUNTRIES,BGD,Bangladesh,2014,MCV1,Measles-containing vaccine - 1st dose,OFFICIAL,Official country-reported coverage estimate,1444323.0,1213614,84.0
COUNTRIES,BGD,Bangladesh,2014,MCV1,Measles-containing vaccine - 1st dose,WUENIC,WHO/UNICEF Estimates of National Immunization Coverage,4019438.0,3555253,88.5
COUNTRIES,BGD,Bangladesh,2014,MCV2,Measles-containing vaccine - 2nd dose (booster),ADMIN,Administrative coverage (doses given / target population),652586.0,580600,
COUNTRIES,BGD,Bangladesh,2014,MCV2,Measles-containing vaccine - 2nd dose (booster),OFFICIAL,Official country-reported coverage estimate,4858227.0,4122369,84.9
COUNTRIES,BGD,Bangladesh,2014,MCV2,Measles-containing vaccine - 2nd dose (booster),WUENIC,WHO/UNICEF Estimates of National Immunization Coverage,4744607.0,4083721,86.1
COUNTRIES,BGD,Bangladesh,2014,POL3,Polio - 3rd dose,ADMIN,Administrative coverage (doses given / target population),2470428.0,1923681,77.9
COUNTRIES,BGD,Bangladesh,2014,POL3,Polio - 3rd dose,OFFICIAL,Official country-reported coverage estimate,484782.0,385490,79.5
COUNTRIES,BGD,Bangladesh,2014,POL3,Polio - 3rd dose,WUENIC,WHO/UNICEF Estimates of National Immunization Coverage,552103.0,481324,87.2
COUNTRIES,BGD,Bangladesh,2014,HEPB3,Hepatitis B - 3rd dose,ADMIN,Administrative coverage (doses given / target population),1014862.0,767063,75.6
COUNTRIES,BGD,Bangladesh,2014,HEPB3,Hepatitis B - 3rd dose,OFFICIAL,Official country-reported coverage estimate,262726.0,204674,77.9
COUNTRIES,BGD,Bangladesh,2014,HEPB3,Hepatitis B - 3rd dose,WUENIC,WHO/UNICEF Estimates of National Immunization Coverage,1524855.0,1244995,81.6
COUNTRIES,BGD,Bangladesh,2014,PCV3,Pneumococcal conjugate vaccine - 3rd dose,ADMIN,Administrative coverage (doses given / target population),,306478,75.6
COUNTRIES,BGD,Bangladesh,2014,PCV3,Pneumococcal conjugate vaccine - 3rd dose,OFFICIAL,Official country-reported coverage estimate,366062.0,288675,78.9
COUNTRIES,BGD,Bangladesh,2014,PCV3,Pneumococcal conjugate vaccine - 3rd dose,WUENIC,WHO/UNICEF Estimates of National Immunization Coverage,1178993.0,993987,84.3
COUNTRIES,BGD,Bangladesh,2015,BCG,Bacille Calmette-Guerin (Tuberculosis),ADMIN,Administrative coverage (doses given / target population),1755666.0,1465908,83.5
COUNTRIES,BGD,Bangladesh,2015,BCG,Bacille Calmette-Guerin (Tuberculosis),OFFICIAL,Official country-reported coverage estimate,4760133.0,4309918,
COUNTRIES,BGD,Bangladesh,2015,BCG,Bacille Calmette-Guerin (Tuberculosis),WUENIC,WHO/UNICEF Estimates of National Immunization Coverage,1597652.0,1325284,83.0
COUNTRIES,BGD,Bangladesh,2015,DTP1,Diphtheria/Tetanus/Pertussis - 1st dose,ADMIN,Administrative coverage (doses given / target population),2994074.0,2704822,90.3
COUNTRIES,BGD,Bangladesh,2015,DTP1,Diphtheria/Tetanus/Pertussis - 1st dose,OFFICIAL,Official country-reported coverage estimate,2865239.0,2313641,80.7
COUNTRIES,BGD,Bangladesh,2015,DTP1,Diphtheria/Tetanus/Pertussis - 1st dose,WUENIC,WHO/UNICEF Estimates of National Immunization Coverage,3535388.0,3223271,91.2
COUNTRIES,BGD,Bangladesh,2015,DTP3,Diphtheria/Tetanus/Pertussis - 3rd dose,ADMIN,Administrative coverage (doses given / target population),2111156.0,1917301,90.8
COUNTRIES,BGD,Bangladesh,2015,DTP3,Diphtheria/Tetanus/Pertussis - 3rd dose,OFFICIAL,Official country-reported coverage estimate,2690125.0,2334072,86.8
COUNTRIES,BGD,Bangladesh,2015,DTP3,Diphtheria/Tetanus/Pertussis - 3rd dose,WUENIC,WHO/UNICEF Estimates of National Immunization Coverage,3194770.0,2781648,87.1
COUNTRIES,BGD,Bangladesh,2015,MCV1,Measles-containing vaccine - 1st dose,ADMIN,Administrative coverage (doses given / target population),3339968.0,2876158,86.1
COUNTRIES,BGD,Bangladesh,2015,MCV1,Measles-containing vaccine - 1st dose,OFFICIAL,Official country-reported coverage estimate,557444.0,450975,80.9
COUNTRIES,BGD,Bangladesh,2015,MCV1,Measles-containing vaccine - 1st dose,WUENIC,WHO/UNICEF Estimates of National Immunization Coverage,516437.0,436068,84.4
COUNTRIES,BGD,Bangladesh,2015,MCV2,Measles-containing vaccine - 2nd dose (booster),ADMIN,Administrative coverage (doses given / target population),200528.0,177297,88.4
COUNTRIES,BGD,Bangladesh,2015,MCV2,Measles-containing vaccine - 2nd dose (booster),OFFICIAL,Official country-reported coverage estimate,3160959.0,2466799,78.0
COUNTRIES,BGD,Bangladesh,2015,MCV2,Measles-containing vaccine - 2nd dose (booster),WUENIC,WHO/UNICEF Estimates of National Immunization Coverage,706345.0,614439,87.0
COUNTRIES,BGD,Bangladesh,2015,POL3,Polio - 3rd dose,ADMIN,Administrative coverage (doses given / target population),,1674698,76.3
COUNTRIES,BGD,Bangladesh,2015,POL3,Polio - 3rd dose,OFFICIAL,Official country-reported coverage estimate,3657227.0,3569278,97.6
COUNTRIES,BGD,Bangladesh,2015,POL3,Polio - 3rd dose,WUENIC,WHO/UNICEF Estimates of National Immunization Coverage,2916181.0,2630443,90.2
COUNTRIES,BGD,Bangladesh,2015,HEPB3,Hepatitis B - 3rd dose,ADMIN,Administrative coverage (doses given / target population),99985.0,84690,84.7
COUNTRIES,BGD,Bangladesh,2015,HEPB3,Hepatitis B - 3rd dose,OFFICIAL,Official country-reported coverage estimate,4833169.0,3587256,74.2
COUNTRIES,BGD,Bangladesh,2015,HEPB3,Hepatitis B - 3rd dose,WUENIC,WHO/UNICEF Estimates of National Immunization Coverage,4316044.0,3699762,85.7
COUNTRIES,BGD,Bangladesh,2015,PCV3,Pneumococcal conjugate vaccine - 3rd dose,ADMIN,Administrative coverage (doses given / target population),2422151.0,1953193,80.6
COUNTRIES,BGD,Bangladesh,2015,PCV3,Pneumococcal conjugate vaccine - 3rd dose,OFFICIAL,Official country-reported coverage estimate,2401786.0,2013037,83.8
COUNTRIES,BGD,Bangladesh,2015,PCV3,Pneumococcal conjugate vaccine - 3rd dose,WUENIC,WHO/UNICEF Estimates of National Immunization Coverage,1629911.0,1432433,87.9
COUNTRIES,BGD,Bangladesh,2016,BCG,Bacille Calmette-Guerin (Tuberculosis),ADMIN,Administrative coverage (doses given / target population),4614941.0,3779516,
COUNTRIES,BGD,Bangladesh,2016,BCG,Bacille Calmette-Guerin (Tuberculosis),OFFICIAL,Official country-reported coverage estimate,356333.0,333705,93.6
COUNTRIES,BGD,Bangladesh,2016,BCG,Bacille Calmette-Guerin (Tuberculosis),WUENIC,WHO/UNICEF Estimates of National Immunization Coverage,1637331.0,1470474,89.8
COUNTRIES,BGD,Bangladesh,2016,DTP1,Diphtheria/Tetanus/Pertussis - 1st dose,ADMIN,Administrative coverage (doses given / target population),404244.0,330195,81.7
COUNTRIES,BGD,Bangladesh,2016,DTP1,Diphtheria/Tetanus/Pertussis - 1st dose,OFFICIAL,Official country-reported coverage estimate,2677478.0,2441180,91.2
COUNTRIES,BGD,Bangladesh,2016,DTP1,Diphtheria/Tetanus/Pertussis - 1st dose,WUENIC,WHO/UNICEF Estimates of National Immunization Coverage,2752967.0,2451196,89.0
COUNTRIES,BGD,Bangladesh,2016,DTP3,Diphtheria/Tetanus/Pertussis - 3rd dose,ADMIN,Administrative coverage (doses given / target population),2453261.0,1905720,77.7
COUNTRIES,BGD,Bangladesh,2016,DTP3,Diphtheria/Tetanus/Pertussis - 3rd dose,OFFICIAL,Official country-reported coverage estimate,366664.0,334663,91.3
COUNTRIES,BGD,Bangladesh,2016,DTP3,Diphtheria/Tetanus/Pertussis - 3rd dose,WUENIC,WHO/UNICEF Estimates of National Immunization Coverage,529688.0,456315,86.1
COUNTRIES,BGD,Bangladesh,2016,MCV1,Measles-containing vaccine - 1st dose,ADMIN,Administrative coverage (doses given / target population),473510.0,407882,86.1
COUNTRIES,BGD,Bangladesh,2016,MCV1,Measles-containing vaccine - 1st dose,OFFICIAL,Official country-reported coverage estimate,4864368.0,4213145,86.6
COUNTRIES,BGD,Bangladesh,2016,MCV1,Measles-containing vaccine - 1st dose,WUENIC,WHO/UNICEF Estimates of National Immunization Coverage,2198476.0,1748399,79.5
COUNTRIES,BGD,Bangladesh,2016,MCV2,Measles-containing vaccine - 2nd dose (booster),ADMIN,Administrative coverage (doses given / target population),2774003.0,2491741,
COUNTRIES,BGD,Bangladesh,2016,MCV2,Measles-containing vaccine - 2nd dose (booster),OFFICIAL,Official country-reported coverage estimate,3041321.0,2606584,85.7
COUNTRIES,BGD,Bangladesh,2016,MCV2,Measles-containing vaccine - 2nd dose (booster),WUENIC,WHO/UNICEF Estimates of National Immunization Coverage,507762.0,428156,84.3
COUNTRIES,BGD,Bangladesh,2016,POL3,Polio - 3rd dose,ADMIN,Administrative coverage (doses given / target population),4251421.0,3237868,76.2
COUNTRIES,BGD,Bangladesh,2016,POL3,Polio - 3rd dose,OFFICIAL,Official country-reported coverage estimate,383992.0,316288,82.4
COUNTRIES,BGD,Bangladesh,2016,POL3,Polio - 3rd dose,WUENIC,WHO/UNICEF Estimates of National Immunization Coverage,4723520.0,4092584,86.6
COUNTRIES,BGD,Bangladesh,2016,HEPB3,Hepatitis B - 3rd dose,ADMIN,Administrative coverage (doses given / target population),445703.0,420995,94.5
COUNTRIES,BGD,Bangladesh,2016,HEPB3,Hepatitis B - 3rd dose,OFFICIAL,Official country-reported coverage estimate,1251236.0,992621,79.3
COUNTRIES,BGD,Bangladesh,2016,HEPB3,Hepatitis B - 3rd dose,WUENIC,WHO/UNICEF Estimates of National Immunization Coverage,1702861.0,1451439,85.2
COUNTRIES,BGD,Bangladesh,2016,PCV3,Pneumococcal conjugate vaccine - 3rd dose,ADMIN,Administrative coverage (doses given / target population),2647104.0,2065735,78.0
COUNTRIES,BGD,Bangladesh,2016,PCV3,Pneumococcal conjugate vaccine - 3rd dose,OFFICIAL,Official country-reported coverage estimate,4518205.0,4258956,94.3
COUNTRIES,BGD,Bangladesh,2016,PCV3,Pneumococcal conjugate vaccine - 3rd dose,WUENIC,WHO/UNICEF Estimates of National Immunization Coverage,2627814.0,2145554,81.6
COUNTRIES,BGD,Bangladesh,2017,BCG,Bacille Calmette-Guerin (Tuberculosis),ADMIN,Administrative coverage (doses given / target population),1901915.0,1302698,68.5
COUNTRIES,BGD,Bangladesh,2017,BCG,Bacille Calmette-Guerin (Tuberculosis),OFFICIAL,Official country-reported coverage estimate,830127.0,703591,84.8
COUNTRIES,BGD,Bangladesh,2017,BCG,Bacille Calmette-Guerin (Tuberculosis),WUENIC,WHO/UNICEF Estimates of National Immunization Coverage,2283355.0,1828503,80.1
COUNTRIES,BGD,Bangladesh,2017,DTP1,Diphtheria/Tetanus/Pertussis - 1st dose,ADMIN,Administrative coverage (doses given / target population),3375843.0,3088199,91.5
COUNTRIES,BGD,Bangladesh,2017,DTP1,Diphtheria/Tetanus/Pertussis - 1st dose,OFFICIAL,Official country-reported coverage estimate,4418444.0,3708214,
COUNTRIES,BGD,Bangladesh,2017,DTP1,Diphtheria/Tetanus/Pertussis - 1st dose,WUENIC,WHO/UNICEF Estimates of National Immunization Coverage,3880556.0,3210287,82.7
COUNTRIES,BGD,Bangladesh,2017,DTP3,Diphtheria/Tetanus/Pertussis - 3rd dose,ADMIN,Administrative coverage (doses given / target population),2650828.0,2072914,78.2
COUNTRIES,BGD,Bangladesh,2017,DTP3,Diphtheria/Tetanus/Pertussis - 3rd dose,OFFICIAL,Official country-reported coverage estimate,624691.0,566952,
COUNTRIES,BGD,Bangladesh,2017,DTP3,Diphtheria/Tetanus/Pertussis - 3rd dose,WUENIC,WHO/UNICEF Estimates of National Immunization Coverage,1040821.0,836744,80.4
COUNTRIES,BGD,Bangladesh,2017,MCV1,Measles-containing vaccine - 1st dose,ADMIN,Administrative coverage (doses given / target population),2502682.0,2067023,82.6
COUNTRIES,BGD,Bangladesh,2017,MCV1,Measles-containing vaccine - 1st dose,OFFICIAL,Official country-reported coverage estimate,4677909.0,4191513,89.6
COUNTRIES,BGD,Bangladesh,2017,MCV1,Measles-containing vaccine - 1st dose,WUENIC,WHO/UNICEF Estimates of National Immunization Coverage,2429015.0,1983233,81.6
COUNTRIES,BGD,Bangladesh,2017,MCV2,Measles-containing vaccine - 2nd dose (booster),ADMIN,Administrative coverage (doses given / target population),,3476804,80.5
COUNTRIES,BGD,Bangladesh,2017,MCV2,Measles-containing vaccine - 2nd dose (booster),OFFICIAL,Official country-reported coverage estimate,1624417.0,1478954,91.0
COUNTRIES,BGD,Bangladesh,2017,MCV2,Measles-containing vaccine - 2nd dose (booster),WUENIC,WHO/UNICEF Estimates of National Immunization Coverage,4325492.0,3954806,91.4
COUNTRIES,BGD,Bangladesh,2017,POL3,Polio - 3rd dose,ADMIN,Administrative coverage (doses given / target population),3002340.0,2478547,82.6
COUNTRIES,BGD,Bangladesh,2017,POL3,Polio - 3rd dose,OFFICIAL,Official country-reported coverage estimate,2952635.0,2470995,83.7
COUNTRIES,BGD,Bangladesh,2017,POL3,Polio - 3rd dose,WUENIC,WHO/UNICEF Estimates of National Immunization Coverage,,3020369,86.7
COUNTRIES,BGD,Bangladesh,2017,HEPB3,Hepatitis B - 3rd dose,ADMIN,Administrative coverage (doses given / target population),1892300.0,1671173,88.3
COUNTRIES,BGD,Bangladesh,2017,HEPB3,Hepatitis B - 3rd dose,OFFICIAL,Official country-reported coverage estimate,2233157.0,1819859,81.5
COUNTRIES,BGD,Bangladesh,2017,HEPB3,Hepatitis B - 3rd dose,WUENIC,WHO/UNICEF Estimates of National Immunization Coverage,4346560.0,3809498,87.6
COUNTRIES,BGD,Bangladesh,2017,PCV3,Pneumococcal conjugate vaccine - 3rd dose,ADMIN,Administrative coverage (doses given / target population),4283061.0,3624545,84.6
COUNTRIES,BGD,Bangladesh,2017,PCV3,Pneumococcal conjugate vaccine - 3rd dose,OFFICIAL,Official country-reported coverage estimate,3642528.0,3128928,85.9
COUNTRIES,BGD,Bangladesh,2017,PCV3,Pneumococcal conjugate vaccine - 3rd dose,WUENIC,WHO/UNICEF Estimates of National Immunization Coverage,2150465.0,1898692,88.3
COUNTRIES,BGD,Bangladesh,2018,BCG,Bacille Calmette-Guerin (Tuberculosis),ADMIN,Administrative coverage (doses given / target population),2654730.0,2416525,91.0
COUNTRIES,BGD,Bangladesh,2018,BCG,Bacille Calmette-Guerin (Tuberculosis),OFFICIAL,Official country-reported coverage estimate,2301879.0,2100386,91.2
COUNTRIES,BGD,Bangladesh,2018,BCG,Bacille Calmette-Guerin (Tuberculosis),WUENIC,WHO/UNICEF Estimates of National Immunization Coverage,736604.0,651794,88.5
COUNTRIES,BGD,Bangladesh,2018,DTP1,Diphtheria/Tetanus/Pertussis - 1st dose,ADMIN,Administrative coverage (doses given / target population),4338065.0,3830447,88.3
COUNTRIES,BGD,Bangladesh,2018,DTP1,Diphtheria/Tetanus/Pertussis - 1st dose,OFFICIAL,Official country-reported coverage estimate,2611488.0,2071872,79.3
COUNTRIES,BGD,Bangladesh,2018,DTP1,Diphtheria/Tetanus/Pertussis - 1st dose,WUENIC,WHO/UNICEF Estimates of National Immunization Coverage,1053255.0,871328,82.7
COUNTRIES,BGD,Bangladesh,2018,DTP3,Diphtheria/Tetanus/Pertussis - 3rd dose,ADMIN,Administrative coverage (doses given / target population),4697240.0,4193524,89.3
COUNTRIES,BGD,Bangladesh,2018,DTP3,Diphtheria/Tetanus/Pertussis - 3rd dose,OFFICIAL,Official country-reported coverage estimate,4725421.0,3985685,84.3
COUNTRIES,BGD,Bangladesh,2018,DTP3,Diphtheria/Tetanus/Pertussis - 3rd dose,WUENIC,WHO/UNICEF Estimates of National Immunization Coverage,4401512.0,4045666,91.9
COUNTRIES,BGD,Bangladesh,2018,MCV1,Measles-containing vaccine - 1st dose,ADMIN,Administrative coverage (doses given / target population),734520.0,665251,90.6
COUNTRIES,BGD,Bangladesh,2018,MCV1,Measles-containing vaccine - 1st dose,OFFICIAL,Official country-reported coverage estimate,3264946.0,2656709,81.4
COUNTRIES,BGD,Bangladesh,2018,MCV1,Measles-containing vaccine - 1st dose,WUENIC,WHO/UNICEF Estimates of National Immunization Coverage,190301.0,175461,
COUNTRIES,BGD,Bangladesh,2018,MCV2,Measles-containing vaccine - 2nd dose (booster),ADMIN,Administrative coverage (doses given / target population),4263291.0,3229575,75.8
COUNTRIES,BGD,Bangladesh,2018,MCV2,Measles-containing vaccine - 2nd dose (booster),OFFICIAL,Official country-reported coverage estimate,420168.0,350889,83.5
COUNTRIES,BGD,Bangladesh,2018,MCV2,Measles-containing vaccine - 2nd dose (booster),WUENIC,WHO/UNICEF Estimates of National Immunization Coverage,2416919.0,2176765,
COUNTRIES,BGD,Bangladesh,2018,POL3,Polio - 3rd dose,ADMIN,Administrative coverage (doses given / target population),3257418.0,2959405,90.9
COUNTRIES,BGD,Bangladesh,2018,POL3,Polio - 3rd dose,OFFICIAL,Official country-reported coverage estimate,2229449.0,1982028,88.9
COUNTRIES,BGD,Bangladesh,2018,POL3,Polio - 3rd dose,WUENIC,WHO/UNICEF Estimates of National Immunization Coverage,2640948.0,2265285,85.8
COUNTRIES,BGD,Bangladesh,2018,HEPB3,Hepatitis B - 3rd dose,ADMIN,Administrative coverage (doses given / target population),4091096.0,3429282,83.8
COUNTRIES,BGD,Bangladesh,2018,HEPB3,Hepatitis B - 3rd dose,OFFICIAL,Official country-reported coverage estimate,4071913.0,3481673,85.5
COUNTRIES,BGD,Bangladesh,2018,HEPB3,Hepatitis B - 3rd dose,WUENIC,WHO/UNICEF Estimates of National Immunization Coverage,4383401.0,3247101,74.1
COUNTRIES,BGD,Bangladesh,2018,PCV3,Pneumococcal conjugate vaccine - 3rd dose,ADMIN,Administrative coverage (doses given / target population),2554578.0,2120446,83.0
COUNTRIES,BGD,Bangladesh,2018,PCV3,Pneumococcal conjugate vaccine - 3rd dose,OFFICIAL,Official country-reported coverage estimate,4988171.0,4175220,83.7
COUNTRIES,BGD,Bangladesh,2018,PCV3,Pneumococcal conjugate vaccine - 3rd dose,WUENIC,WHO/UNICEF Estimates of National Immunization Coverage,713187.0,598433,83.9
COUNTRIES,BGD,Bangladesh,2019,BCG,Bacille Calmette-Guerin (Tuberculosis),ADMIN,Administrative coverage (doses given / target population),,1897224,79.3
COUNTRIES,BGD,Bangladesh,2019,BCG,Bacille Calmette-Guerin (Tuberculosis),OFFICIAL,Official country-reported coverage estimate,1532586.0,1165108,76.0
COUNTRIES,BGD,Bangladesh,2019,BCG,Bacille Calmette-Guerin (Tuberculosis),WUENIC,WHO/UNICEF Estimates of National Immunization Coverage,367024.0,331699,90.4
COUNTRIES,BGD,Bangladesh,2019,DTP1,Diphtheria/Tetanus/Pertussis - 1st dose,ADMIN,Administrative coverage (doses given / target population),3944594.0,3783495,95.9
COUNTRIES,BGD,Bangladesh,2019,DTP1,Diphtheria/Tetanus/Pertussis - 1st dose,OFFICIAL,Official country-reported coverage estimate,1452487.0,1118140,77.0
COUNTRIES,BGD,Bangladesh,2019,DTP1,Diphtheria/Tetanus/Pertussis - 1st dose,WUENIC,WHO/UNICEF Estimates of National Immunization Coverage,4310800.0,3638162,84.4
COUNTRIES,BGD,Bangladesh,2019,DTP3,Diphtheria/Tetanus/Pertussis - 3rd dose,ADMIN,Administrative coverage (doses given / target population),593148.0,515185,86.9
COUNTRIES,BGD,Bangladesh,2019,DTP3,Diphtheria/Tetanus/Pertussis - 3rd dose,OFFICIAL,Official country-reported coverage estimate,2042934.0,1818752,89.0
COUNTRIES,BGD,Bangladesh,2019,DTP3,Diphtheria/Tetanus/Pertussis - 3rd dose,WUENIC,WHO/UNICEF Estimates of National Immunization Coverage,3403937.0,2933523,86.2
COUNTRIES,BGD,Bangladesh,2019,MCV1,Measles-containing vaccine - 1st dose,ADMIN,Administrative coverage (doses given / target population),477480.0,421674,88.3
COUNTRIES,BGD,Bangladesh,2019,MCV1,Measles-containing vaccine - 1st dose,OFFICIAL,Official country-reported coverage estimate,2168332.0,1755402,81.0
COUNTRIES,BGD,Bangladesh,2019,MCV1,Measles-containing vaccine - 1st dose,WUENIC,WHO/UNICEF Estimates of National Immunization Coverage,4116985.0,3446728,83.7
COUNTRIES,BGD,Bangladesh,2019,MCV2,Measles-containing vaccine - 2nd dose (booster),ADMIN,Administrative coverage (doses given / target population),4511680.0,3702369,82.1
COUNTRIES,BGD,Bangladesh,2019,MCV2,Measles-containing vaccine - 2nd dose (booster),OFFICIAL,Official country-reported coverage estimate,4923806.0,4069238,82.6
COUNTRIES,BGD,Bangladesh,2019,MCV2,Measles-containing vaccine - 2nd dose (booster),WUENIC,WHO/UNICEF Estimates of National Immunization Coverage,4951506.0,4297131,86.8
COUNTRIES,BGD,Bangladesh,2019,POL3,Polio - 3rd dose,ADMIN,Administrative coverage (doses given / target population),1677488.0,1433497,85.5
COUNTRIES,BGD,Bangladesh,2019,POL3,Polio - 3rd dose,OFFICIAL,Official country-reported coverage estimate,2993877.0,2607179,87.1
COUNTRIES,BGD,Bangladesh,2019,POL3,Polio - 3rd dose,WUENIC,WHO/UNICEF Estimates of National Immunization Coverage,3001385.0,2407732,80.2
COUNTRIES,BGD,Bangladesh,2019,HEPB3,Hepatitis B - 3rd dose,ADMIN,Administrative coverage (doses given / target population),282982.0,221007,78.1
COUNTRIES,BGD,Bangladesh,2019,HEPB3,Hepatitis B - 3rd dose,OFFICIAL,Official country-reported coverage estimate,250138.0,215045,86.0
COUNTRIES,BGD,Bangladesh,2019,HEPB3,Hepatitis B - 3rd dose,WUENIC,WHO/UNICEF Estimates of National Immunization Coverage,785683.0,688331,87.6
COUNTRIES,BGD,Bangladesh,2019,PCV3,Pneumococcal conjugate vaccine - 3rd dose,ADMIN,Administrative coverage (doses given / target population),1716520.0,1485456,86.5
COUNTRIES,BGD,Bangladesh,2019,PCV3,Pneumococcal conjugate vaccine - 3rd dose,OFFICIAL,Official country-reported coverage estimate,1352066.0,1035317,
COUNTRIES,BGD,Bangladesh,2019,PCV3,Pneumococcal conjugate vaccine - 3rd dose,WUENIC,WHO/UNICEF Estimates of National Immunization Coverage,,1287841,76.9
COUNTRIES,BGD,Bangladesh,2020,BCG,Bacille Calmette-Guerin (Tuberculosis),ADMIN,Administrative coverage (doses given / target population),4073062.0,3508575,86.1
COUNTRIES,BGD,Bangladesh,2020,BCG,Bacille Calmette-Guerin (Tuberculosis),OFFICIAL,Official country-reported coverage estimate,2818249.0,2326215,82.5
COUNTRIES,BGD,Bangladesh,2020,BCG,Bacille Calmette-Guerin (Tuberculosis),WUENIC,WHO/UNICEF Estimates of National Immunization Coverage,836934.0,707337,84.5
COUNTRIES,BGD,Bangladesh,2020,DTP1,Diphtheria/Tetanus/Pertussis - 1st dose,ADMIN,Administrative coverage (doses given / target population),,3983676,80.4
COUNTRIES,BGD,Bangladesh,2020,DTP1,Diphtheria/Tetanus/Pertussis - 1st dose,OFFICIAL,Official country-reported coverage estimate,1034627.0,905772,87.5
COUNTRIES,BGD,Bangladesh,2020,DTP1,Diphtheria/Tetanus/Pertussis - 1st dose,WUENIC,WHO/UNICEF Estimates of National Immunization Coverage,4516400.0,3980753,88.1
COUNTRIES,BGD,Bangladesh,2020,DTP3,Diphtheria/Tetanus/Pertussis - 3rd dose,ADMIN,Administrative coverage (doses given / target population),,1088528,82.2
COUNTRIES,BGD,Bangladesh,2020,DTP3,Diphtheria/Tetanus/Pertussis - 3rd dose,OFFICIAL,Official country-reported coverage estimate,2283171.0,1957814,85.7
COUNTRIES,BGD,Bangladesh,2020,DTP3,Diphtheria/Tetanus/Pertussis - 3rd dose,WUENIC,WHO/UNICEF Estimates of National Immunization Coverage,1963061.0,1689216,86.1
COUNTRIES,BGD,Bangladesh,2020,MCV1,Measles-containing vaccine - 1st dose,ADMIN,Administrative coverage (doses given / target population),1476586.0,1228326,83.2
COUNTRIES,BGD,Bangladesh,2020,MCV1,Measles-containing vaccine - 1st dose,OFFICIAL,Official country-reported coverage estimate,398934.0,331616,83.1
COUNTRIES,BGD,Bangladesh,2020,MCV1,Measles-containing vaccine - 1st dose,WUENIC,WHO/UNICEF Estimates of National Immunization Coverage,3117587.0,2486227,79.7
COUNTRIES,BGD,Bangladesh,2020,MCV2,Measles-containing vaccine - 2nd dose (booster),ADMIN,Administrative coverage (doses given / target population),3979625.0,3240074,81.4
COUNTRIES,BGD,Bangladesh,2020,MCV2,Measles-containing vaccine - 2nd dose (booster),OFFICIAL,Official country-reported coverage estimate,4835481.0,3863941,79.9
COUNTRIES,BGD,Bangladesh,2020,MCV2,Measles-containing vaccine - 2nd dose (booster),WUENIC,WHO/UNICEF Estimates of National Immunization Coverage,3978026.0,3572156,89.8
COUNTRIES,BGD,Bangladesh,2020,POL3,Polio - 3rd dose,ADMIN,Administrative coverage (doses given / target population),2784047.0,2248601,80.8
COUNTRIES,BGD,Bangladesh,2020,POL3,Polio - 3rd dose,OFFICIAL,Official country-reported coverage estimate,3460526.0,2596820,75.0
COUNTRIES,BGD,Bangladesh,2020,POL3,Polio - 3rd dose,WUENIC,WHO/UNICEF Estimates of National Immunization Coverage,2190060.0,1822669,
COUNTRIES,BGD,Bangladesh,2020,HEPB3,Hepatitis B - 3rd dose,ADMIN,Administrative coverage (doses given / target population),906555.0,826236,91.1
COUNTRIES,BGD,Bangladesh,2020,HEPB3,Hepatitis B - 3rd dose,OFFICIAL,Official country-reported coverage estimate,4663945.0,3820348,81.9
COUNTRIES,BGD,Bangladesh,2020,HEPB3,Hepatitis B - 3rd dose,WUENIC,WHO/UNICEF Estimates of National Immunization Coverage,1733304.0,1336316,77.1
COUNTRIES,BGD,Bangladesh,2020,PCV3,Pneumococcal conjugate vaccine - 3rd dose,ADMIN,Administrative coverage (doses given / target population),3540938.0,2786891,
COUNTRIES,BGD,Bangladesh,2020,PCV3,Pneumococcal conjugate vaccine - 3rd dose,OFFICIAL,Official country-reported coverage estimate,2759010.0,2654647,96.2
COUNTRIES,BGD,Bangladesh,2020,PCV3,Pneumococcal conjugate vaccine - 3rd dose,WUENIC,WHO/UNICEF Estimates of National Immunization Coverage,3514906.0,3133582,
COUNTRIES,BGD,Bangladesh,2021,BCG,Bacille Calmette-Guerin (Tuberculosis),ADMIN,Administrative coverage (doses given / target population),3106301.0,2401683,77.3
COUNTRIES,BGD,Bangladesh,2021,BCG,Bacille Calmette-Guerin (Tuberculosis),OFFICIAL,Official country-reported coverage estimate,2516954.0,2173354,86.3
COUNTRIES,BGD,Bangladesh,2021,BCG,Bacille Calmette-Guerin (Tuberculosis),WUENIC,WHO/UNICEF Estimates of National Immunization Coverage,4786536.0,3563862,74.5
COUNTRIES,BGD,Bangladesh,2021,DTP1,Diphtheria/Tetanus/Pertussis - 1st dose,ADMIN,Administrative coverage (doses given / target population),4287014.0,3745440,87.4
COUNTRIES,BGD,Bangladesh,2021,DTP1,Diphtheria/Tetanus/Pertussis - 1st dose,OFFICIAL,Official country-reported coverage estimate,2878807.0,2301768,80.0
COUNTRIES,BGD,Bangladesh,2021,DTP1,Diphtheria/Tetanus/Pertussis - 1st dose,WUENIC,WHO/UNICEF Estimates of National Immunization Coverage,4090967.0,3558480,87.0
COUNTRIES,BGD,Bangladesh,2021,DTP3,Diphtheria/Tetanus/Pertussis - 3rd dose,ADMIN,Administrative coverage (doses given / target population),1733000.0,1598816,92.3
COUNTRIES,BGD,Bangladesh,2021,DTP3,Diphtheria/Tetanus/Pertussis - 3rd dose,OFFICIAL,Official country-reported coverage estimate,1990610.0,1739997,87.4
COUNTRIES,BGD,Bangladesh,2021,DTP3,Diphtheria/Tetanus/Pertussis - 3rd dose,WUENIC,WHO/UNICEF Estimates of National Immunization Coverage,4851387.0,4203175,86.6
COUNTRIES,BGD,Bangladesh,2021,MCV1,Measles-containing vaccine - 1st dose,ADMIN,Administrative coverage (doses given / target population),2874020.0,2468744,85.9
COUNTRIES,BGD,Bangladesh,2021,MCV1,Measles-containing vaccine - 1st dose,OFFICIAL,Official country-reported coverage estimate,4843493.0,3909668,80.7
COUNTRIES,BGD,Bangladesh,2021,MCV1,Measles-containing vaccine - 1st dose,WUENIC,WHO/UNICEF Estimates of National Immunization Coverage,3604970.0,3604970,100.0
COUNTRIES,BGD,Bangladesh,2021,MCV2,Measles-containing vaccine - 2nd dose (booster),ADMIN,Administrative coverage (doses given / target population),2175288.0,1933301,88.9
COUNTRIES,BGD,Bangladesh,2021,MCV2,Measles-containing vaccine - 2nd dose (booster),OFFICIAL,Official country-reported coverage estimate,4059185.0,3642762,89.7
COUNTRIES,BGD,Bangladesh,2021,MCV2,Measles-containing vaccine - 2nd dose (booster),WUENIC,WHO/UNICEF Estimates of National Immunization Coverage,2619500.0,2392800,91.3
COUNTRIES,BGD,Bangladesh,2021,POL3,Polio - 3rd dose,ADMIN,Administrative coverage (doses given / target population),,3692104,77.0
COUNTRIES,BGD,Bangladesh,2021,POL3,Polio - 3rd dose,OFFICIAL,Official country-reported coverage estimate,1261277.0,1066350,84.5
COUNTRIES,BGD,Bangladesh,2021,POL3,Polio - 3rd dose,WUENIC,WHO/UNICEF Estimates of National Immunization Coverage,4857743.0,4237583,87.2
COUNTRIES,BGD,Bangladesh,2021,HEPB3,Hepatitis B - 3rd dose,ADMIN,Administrative coverage (doses given / target population),4586217.0,4116032,89.7
COUNTRIES,BGD,Bangladesh,2021,HEPB3,Hepatitis B - 3rd dose,OFFICIAL,Official country-reported coverage estimate,3066675.0,2535600,82.7
COUNTRIES,BGD,Bangladesh,2021,HEPB3,Hepatitis B - 3rd dose,WUENIC,WHO/UNICEF Estimates of National Immunization Coverage,4058744.0,3445308,84.9
COUNTRIES,BGD,Bangladesh,2021,PCV3,Pneumococcal conjugate vaccine - 3rd dose,ADMIN,Administrative coverage (doses given / target population),3838613.0,3767243,98.1
COUNTRIES,BGD,Bangladesh,2021,PCV3,Pneumococcal conjugate vaccine - 3rd dose,OFFICIAL,Official country-reported coverage estimate,4216993.0,3663290,86.9
COUNTRIES,BGD,Bangladesh,2021,PCV3,Pneumococcal conjugate vaccine - 3rd dose,WUENIC,WHO/UNICEF Estimates of National Immunization Coverage,592796.0,515581,87.0
COUNTRIES,BGD,Bangladesh,2022,BCG,Bacille Calmette-Guerin (Tuberculosis),ADMIN,Administrative coverage (doses given / target population),4957148.0,4641214,93.6
COUNTRIES,BGD,Bangladesh,2022,BCG,Bacille Calmette-Guerin (Tuberculosis),OFFICIAL,Official country-reported coverage estimate,2190010.0,1861883,85.0
COUNTRIES,BGD,Bangladesh,2022,BCG,Bacille Calmette-Guerin (Tuberculosis),WUENIC,WHO/UNICEF Estimates of National Immunization Coverage,1922940.0,1785684,92.9
COUNTRIES,BGD,Bangladesh,2022,DTP1,Diphtheria/Tetanus/Pertussis - 1st dose,ADMIN,Administrative coverage (doses given / target population),4196205.0,3514777,83.8
COUNTRIES,BGD,Bangladesh,2022,DTP1,Diphtheria/Tetanus/Pertussis - 1st dose,OFFICIAL,Official country-reported coverage estimate,4895422.0,3794088,77.5
COUNTRIES,BGD,Bangladesh,2022,DTP1,Diphtheria/Tetanus/Pertussis - 1st dose,WUENIC,WHO/UNICEF Estimates of National Immunization Coverage,131631.0,120068,91.2
COUNTRIES,BGD,Bangladesh,2022,DTP3,Diphtheria/Tetanus/Pertussis - 3rd dose,ADMIN,Administrative coverage (doses given / target population),3157213.0,2883104,91.3
COUNTRIES,BGD,Bangladesh,2022,DTP3,Diphtheria/Tetanus/Pertussis - 3rd dose,OFFICIAL,Official country-reported coverage estimate,3540373.0,3390312,95.8
COUNTRIES,BGD,Bangladesh,2022,DTP3,Diphtheria/Tetanus/Pertussis - 3rd dose,WUENIC,WHO/UNICEF Estimates of National Immunization Coverage,3576593.0,3162016,88.4
COUNTRIES,BGD,Bangladesh,2022,MCV1,Measles-containing vaccine - 1st dose,ADMIN,Administrative coverage (doses given / target population),2981275.0,2424721,81.3
COUNTRIES,BGD,Bangladesh,2022,MCV1,Measles-containing vaccine - 1st dose,OFFICIAL,Official country-reported coverage estimate,1740003.0,1594259,91.6
COUNTRIES,BGD,Bangladesh,2022,MCV1,Measles-containing vaccine - 1st dose,WUENIC,WHO/UNICEF Estimates of National Immunization Coverage,4449537.0,3897864,87.6
COUNTRIES,BGD,Bangladesh,2022,MCV2,Measles-containing vaccine - 2nd dose (booster),ADMIN,Administrative coverage (doses given / target population),2261634.0,1788963,79.1
COUNTRIES,BGD,Bangladesh,2022,MCV2,Measles-containing vaccine - 2nd dose (booster),OFFICIAL,Official country-reported coverage estimate,1164976.0,916878,78.7
COUNTRIES,BGD,Bangladesh,2022,MCV2,Measles-containing vaccine - 2nd dose (booster),WUENIC,WHO/UNICEF Estimates of National Immunization Coverage,2137823.0,2124440,99.4
COUNTRIES,BGD,Bangladesh,2022,POL3,Polio - 3rd dose,ADMIN,Administrative coverage (doses given / target population),,2309089,95.2
COUNTRIES,BGD,Bangladesh,2022,POL3,Polio - 3rd dose,OFFICIAL,Official country-reported coverage estimate,1259326.0,1202871,95.5
COUNTRIES,BGD,Bangladesh,2022,POL3,Polio - 3rd dose,WUENIC,WHO/UNICEF Estimates of National Immunization Coverage,4267226.0,3951838,92.6
COUNTRIES,BGD,Bangladesh,2022,HEPB3,Hepatitis B - 3rd dose,ADMIN,Administrative coverage (doses given / target population),1443498.0,1229448,85.2
COUNTRIES,BGD,Bangladesh,2022,HEPB3,Hepatitis B - 3rd dose,OFFICIAL,Official country-reported coverage estimate,1752983.0,1640157,93.6
COUNTRIES,BGD,Bangladesh,2022,HEPB3,Hepatitis B - 3rd dose,WUENIC,WHO/UNICEF Estimates of National Immunization Coverage,245757.0,194482,79.1
COUNTRIES,BGD,Bangladesh,2022,PCV3,Pneumococcal conjugate vaccine - 3rd dose,ADMIN,Administrative coverage (doses given / target population),4005581.0,3631264,90.7
COUNTRIES,BGD,Bangladesh,2022,PCV3,Pneumococcal conjugate vaccine - 3rd dose,OFFICIAL,Official country-reported coverage estimate,2581839.0,2211441,85.7
COUNTRIES,BGD,Bangladesh,2022,PCV3,Pneumococcal conjugate vaccine - 3rd dose,WUENIC,WHO/UNICEF Estimates of National Immunization Coverage,3132322.0,2938694,93.8
COUNTRIES,BGD,Bangladesh,2023,BCG,Bacille Calmette-Guerin (Tuberculosis),ADMIN,Administrative coverage (doses given / target population),3040728.0,2566284,84.4
COUNTRIES,BGD,Bangladesh,2023,BCG,Bacille Calmette-Guerin (Tuberculosis),OFFICIAL,Official country-reported coverage estimate,2544468.0,2359402,92.7
COUNTRIES,BGD,Bangladesh,2023,BCG,Bacille Calmette-Guerin (Tuberculosis),WUENIC,WHO/UNICEF Estimates of National Immunization Coverage,1501893.0,1430566,95.3
COUNTRIES,BGD,Bangladesh,2023,DTP1,Diphtheria/Tetanus/Pertussis - 1st dose,ADMIN,Administrative coverage (doses given / target population),4868075.0,4509624,92.6
COUNTRIES,BGD,Bangladesh,2023,DTP1,Diphtheria/Tetanus/Pertussis - 1st dose,OFFICIAL,Official country-reported coverage estimate,129203.0,118592,91.8
COUNTRIES,BGD,Bangladesh,2023,DTP1,Diphtheria/Tetanus/Pertussis - 1st dose,WUENIC,WHO/UNICEF Estimates of National Immunization Coverage,2440393.0,2171555,89.0
COUNTRIES,BGD,Bangladesh,2023,DTP3,Diphtheria/Tetanus/Pertussis - 3rd dose,ADMIN,Administrative coverage (doses given / target population),940508.0,808527,86.0
COUNTRIES,BGD,Bangladesh,2023,DTP3,Diphtheria/Tetanus/Pertussis - 3rd dose,OFFICIAL,Official country-reported coverage estimate,3821643.0,3061764,80.1
COUNTRIES,BGD,Bangladesh,2023,DTP3,Diphtheria/Tetanus/Pertussis - 3rd dose,WUENIC,WHO/UNICEF Estimates of National Immunization Coverage,4450699.0,3814185,85.7
COUNTRIES,BGD,Bangladesh,2023,MCV1,Measles-containing vaccine - 1st dose,ADMIN,Administrative coverage (doses given / target population),2256376.0,2004550,88.8
COUNTRIES,BGD,Bangladesh,2023,MCV1,Measles-containing vaccine - 1st dose,OFFICIAL,Official country-reported coverage estimate,745028.0,649216,87.1
COUNTRIES,BGD,Bangladesh,2023,MCV1,Measles-containing vaccine - 1st dose,WUENIC,WHO/UNICEF Estimates of National Immunization Coverage,4109518.0,3838763,93.4
COUNTRIES,BGD,Bangladesh,2023,MCV2,Measles-containing vaccine - 2nd dose (booster),ADMIN,Administrative coverage (doses given / target population),817430.0,703005,86.0
COUNTRIES,BGD,Bangladesh,2023,MCV2,Measles-containing vaccine - 2nd dose (booster),OFFICIAL,Official country-reported coverage estimate,414874.0,377364,91.0
COUNTRIES,BGD,Bangladesh,2023,MCV2,Measles-containing vaccine - 2nd dose (booster),WUENIC,WHO/UNICEF Estimates of National Immunization Coverage,3150712.0,3003368,95.3
COUNTRIES,BGD,Bangladesh,2023,POL3,Polio - 3rd dose,ADMIN,Administrative coverage (doses given / target population),2038408.0,1859144,91.2
COUNTRIES,BGD,Bangladesh,2023,POL3,Polio - 3rd dose,OFFICIAL,Official country-reported coverage estimate,4503050.0,3978886,88.4
COUNTRIES,BGD,Bangladesh,2023,POL3,Polio - 3rd dose,WUENIC,WHO/UNICEF Estimates of National Immunization Coverage,,3904334,97.3
COUNTRIES,BGD,Bangladesh,2023,HEPB3,Hepatitis B - 3rd dose,ADMIN,Administrative coverage (doses given / target population),3742154.0,3370818,90.1
COUNTRIES,BGD,Bangladesh,2023,HEPB3,Hepatitis B - 3rd dose,OFFICIAL,Official country-reported coverage estimate,3907819.0,3543060,90.7
COUNTRIES,BGD,Bangladesh,2023,HEPB3,Hepatitis B - 3rd dose,WUENIC,WHO/UNICEF Estimates of National Immunization Coverage,349952.0,316548,90.5
COUNTRIES,BGD,Bangladesh,2023,PCV3,Pneumococcal conjugate vaccine - 3rd dose,ADMIN,Administrative coverage (doses given / target population),1673952.0,1322884,79.0
COUNTRIES,BGD,Bangladesh,2023,PCV3,Pneumococcal conjugate vaccine - 3rd dose,OFFICIAL,Official country-reported coverage estimate,1345845.0,1263008,93.8
COUNTRIES,BGD,Bangladesh,2023,PCV3,Pneumococcal conjugate vaccine - 3rd dose,WUENIC,WHO/UNICEF Estimates of National Immunization Coverage,269766.0,241524,89.5
COUNTRIES,GBR,United Kingdom,2010,BCG,Bacille Calmette-Guerin (Tuberculosis),ADMIN,Administrative coverage (doses given / target population),1231280.0,1064007,86.4
COUNTRIES,GBR,United Kingdom,2010,BCG,Bacille Calmette-Guerin (Tuberculosis),OFFICIAL,Official country-reported coverage estimate,2219665.0,1850655,83.4
COUNTRIES,GBR,United Kingdom,2010,BCG,Bacille Calmette-Guerin (Tuberculosis),WUENIC,WHO/UNICEF Estimates of National Immunization Coverage,70800.0,62075,87.7
COUNTRIES,GBR,United Kingdom,2010,DTP1,Diphtheria/Tetanus/Pertussis - 1st dose,ADMIN,Administrative coverage (doses given / target population),2530985.0,2008887,79.4
COUNTRIES,GBR,United Kingdom,2010,DTP1,Diphtheria/Tetanus/Pertussis - 1st dose,OFFICIAL,Official country-reported coverage estimate,3872942.0,3170482,81.9
COUNTRIES,GBR,United Kingdom,2010,DTP1,Diphtheria/Tetanus/Pertussis - 1st dose,WUENIC,WHO/UNICEF Estimates of National Immunization Coverage,69815.0,51818,74.2
COUNTRIES,GBR,United Kingdom,2010,DTP3,Diphtheria/Tetanus/Pertussis - 3rd dose,ADMIN,Administrative coverage (doses given / target population),3081762.0,2870514,93.1
COUNTRIES,GBR,United Kingdom,2010,DTP3,Diphtheria/Tetanus/Pertussis - 3rd dose,OFFICIAL,Official country-reported coverage estimate,1034835.0,890416,86.0
COUNTRIES,GBR,United Kingdom,2010,DTP3,Diphtheria/Tetanus/Pertussis - 3rd dose,WUENIC,WHO/UNICEF Estimates of National Immunization Coverage,2029835.0,1512102,74.5
COUNTRIES,GBR,United Kingdom,2010,MCV1,Measles-containing vaccine - 1st dose,ADMIN,Administrative coverage (doses given / target population),1671184.0,1388135,83.1
COUNTRIES,GBR,United Kingdom,2010,MCV1,Measles-containing vaccine - 1st dose,OFFICIAL,Official country-reported coverage estimate,4586332.0,3789018,82.6
COUNTRIES,GBR,United Kingdom,2010,MCV1,Measles-containing vaccine - 1st dose,WUENIC,WHO/UNICEF Estimates of National Immunization Coverage,3032655.0,2777244,91.6
COUNTRIES,GBR,United Kingdom,2010,MCV2,Measles-containing vaccine - 2nd dose (booster),ADMIN,Administrative coverage (doses given / target population),1795819.0,1554523,86.6
COUNTRIES,GBR,United Kingdom,2010,MCV2,Measles-containing vaccine - 2nd dose (booster),OFFICIAL,Official country-reported coverage estimate,840705.0,636595,75.7
COUNTRIES,GBR,United Kingdom,2010,MCV2,Measles-containing vaccine - 2nd dose (booster),WUENIC,WHO/UNICEF Estimates of National Immunization Coverage,2558198.0,2090722,81.7
COUNTRIES,GBR,United Kingdom,2010,POL3,Polio - 3rd dose,ADMIN,Administrative coverage (doses given / target population),3127966.0,2781216,88.9
COUNTRIES,GBR,United Kingdom,2010,POL3,Polio - 3rd dose,OFFICIAL,Official country-reported coverage estimate,781336.0,662559,84.8
COUNTRIES,GBR,United Kingdom,2010,POL3,Polio - 3rd dose,WUENIC,WHO/UNICEF Estimates of National Immunization Coverage,4185789.0,3593416,85.8
COUNTRIES,GBR,United Kingdom,2010,HEPB3,Hepatitis B - 3rd dose,ADMIN,Administrative coverage (doses given / target population),3889370.0,3351207,86.2
COUNTRIES,GBR,United Kingdom,2010,HEPB3,Hepatitis B - 3rd dose,OFFICIAL,Official country-reported coverage estimate,4431556.0,3639973,82.1
COUNTRIES,GBR,United Kingdom,2010,HEPB3,Hepatitis B - 3rd dose,WUENIC,WHO/UNICEF Estimates of National Immunization Coverage,758294.0,708010,93.4
COUNTRIES,GBR,United Kingdom,2010,PCV3,Pneumococcal conjugate vaccine - 3rd dose,ADMIN,Administrative coverage (doses given / target population),989352.0,890710,90.0
COUNTRIES,GBR,United Kingdom,2010,PCV3,Pneumococcal conjugate vaccine - 3rd dose,OFFICIAL,Official country-reported coverage estimate,2608553.0,2273266,87.1
COUNTRIES,GBR,United Kingdom,2010,PCV3,Pneumococcal conjugate vaccine - 3rd dose,WUENIC,WHO/UNICEF Estimates of National Immunization Coverage,3014348.0,2389772,79.3
COUNTRIES,GBR,United Kingdom,2011,BCG,Bacille Calmette-Guerin (Tuberculosis),ADMIN,Administrative coverage (doses given / target population),1557982.0,1407462,90.3
COUNTRIES,GBR,United Kingdom,2011,BCG,Bacille Calmette-Guerin (Tuberculosis),OFFICIAL,Official country-reported coverage estimate,355969.0,263101,73.9
COUNTRIES,GBR,United Kingdom,2011,BCG,Bacille Calmette-Guerin (Tuberculosis),WUENIC,WHO/UNICEF Estimates of National Immunization Coverage,1351811.0,1116861,82.6
COUNTRIES,GBR,United Kingdom,2011,DTP1,Diphtheria/Tetanus/Pertussis - 1st dose,ADMIN,Administrative coverage (doses given / target population),4032502.0,3341601,82.9
COUNTRIES,GBR,United Kingdom,2011,DTP1,Diphtheria/Tetanus/Pertussis - 1st dose,OFFICIAL,Official country-reported coverage estimate,3582050.0,3138706,87.6
COUNTRIES,GBR,United Kingdom,2011,DTP1,Diphtheria/Tetanus/Pertussis - 1st dose,WUENIC,WHO/UNICEF Estimates of National Immunization Coverage,199539.0,157990,79.2
COUNTRIES,GBR,United Kingdom,2011,DTP3,Diphtheria/Tetanus/Pertussis - 3rd dose,ADMIN,Administrative coverage (doses given / target population),2221837.0,1884477,84.8
COUNTRIES,GBR,United Kingdom,2011,DTP3,Diphtheria/Tetanus/Pertussis - 3rd dose,OFFICIAL,Official country-reported coverage estimate,306435.0,234728,76.6
COUNTRIES,GBR,United Kingdom,2011,DTP3,Diphtheria/Tetanus/Pertussis - 3rd dose,WUENIC,WHO/UNICEF Estimates of National Immunization Coverage,1222248.0,1129646,92.4
COUNTRIES,GBR,United Kingdom,2011,MCV1,Measles-containing vaccine - 1st dose,ADMIN,Administrative coverage (doses given / target population),1977203.0,1862437,94.2
COUNTRIES,GBR,United Kingdom,2011,MCV1,Measles-containing vaccine - 1st dose,OFFICIAL,Official country-reported coverage estimate,3825532.0,2945427,77.0
COUNTRIES,GBR,United Kingdom,2011,MCV1,Measles-containing vaccine - 1st dose,WUENIC,WHO/UNICEF Estimates of National Immunization Coverage,1521781.0,1325161,87.1
COUNTRIES,GBR,United Kingdom,2011,MCV2,Measles-containing vaccine - 2nd dose (booster),ADMIN,Administrative coverage (doses given / target population),2724306.0,2410744,88.5
COUNTRIES,GBR,United Kingdom,2011,MCV2,Measles-containing vaccine - 2nd dose (booster),OFFICIAL,Official country-reported coverage estimate,1055590.0,937846,88.8
COUNTRIES,GBR,United Kingdom,2011,MCV2,Measles-containing vaccine - 2nd dose (booster),WUENIC,WHO/UNICEF Estimates of National Immunization Coverage,2534908.0,2121756,83.7
COUNTRIES,GBR,United Kingdom,2011,POL3,Polio - 3rd dose,ADMIN,Administrative coverage (doses given / target population),834723.0,671833,80.5
COUNTRIES,GBR,United Kingdom,2011,POL3,Polio - 3rd dose,OFFICIAL,Official country-reported coverage estimate,1142573.0,984599,86.2
COUNTRIES,GBR,United Kingdom,2011,POL3,Polio - 3rd dose,WUENIC,WHO/UNICEF Estimates of National Immunization Coverage,1102739.0,940110,85.3
COUNTRIES,GBR,United Kingdom,2011,HEPB3,Hepatitis B - 3rd dose,ADMIN,Administrative coverage (doses given / target population),1267777.0,964914,76.1
COUNTRIES,GBR,United Kingdom,2011,HEPB3,Hepatitis B - 3rd dose,OFFICIAL,Official country-reported coverage estimate,3413281.0,3003895,88.0
COUNTRIES,GBR,United Kingdom,2011,HEPB3,Hepatitis B - 3rd dose,WUENIC,WHO/UNICEF Estimates of National Immunization Coverage,1731308.0,1464802,84.6
COUNTRIES,GBR,United Kingdom,2011,PCV3,Pneumococcal conjugate vaccine - 3rd dose,ADMIN,Administrative coverage (doses given / target population),1095543.0,917692,83.8
COUNTRIES,GBR,United Kingdom,2011,PCV3,Pneumococcal conjugate vaccine - 3rd dose,OFFICIAL,Official country-reported coverage estimate,581541.0,560198,96.3
COUNTRIES,GBR,United Kingdom,2011,PCV3,Pneumococcal conjugate vaccine - 3rd dose,WUENIC,WHO/UNICEF Estimates of National Immunization Coverage,2900316.0,2262075,78.0
COUNTRIES,GBR,United Kingdom,2012,BCG,Bacille Calmette-Guerin (Tuberculosis),ADMIN,Administrative coverage (doses given / target population),3709293.0,2957717,
COUNTRIES,GBR,United Kingdom,2012,BCG,Bacille Calmette-Guerin (Tuberculosis),OFFICIAL,Official country-reported coverage estimate,1516460.0,1232183,81.3
COUNTRIES,GBR,United Kingdom,2012,BCG,Bacille Calmette-Guerin (Tuberculosis),WUENIC,WHO/UNICEF Estimates of National Immunization Coverage,3931599.0,3641444,92.6
COUNTRIES,GBR,United Kingdom,2012,DTP1,Diphtheria/Tetanus/Pertussis - 1st dose,ADMIN,Administrative coverage (doses given / target population),4397657.0,4192811,95.3
COUNTRIES,GBR,United Kingdom,2012,DTP1,Diphtheria/Tetanus/Pertussis - 1st dose,OFFICIAL,Official country-reported coverage estimate,1524897.0,1254630,82.3
COUNTRIES,GBR,United Kingdom,2012,DTP1,Diphtheria/Tetanus/Pertussis - 1st dose,WUENIC,WHO/UNICEF Estimates of National Immunization Coverage,1426903.0,1419660,99.5
COUNTRIES,GBR,United Kingdom,2012,DTP3,Diphtheria/Tetanus/Pertussis - 3rd dose,ADMIN,Administrative coverage (doses given / target population),56683.0,45975,81.1
COUNTRIES,GBR,United Kingdom,2012,DTP3,Diphtheria/Tetanus/Pertussis - 3rd dose,OFFICIAL,Official country-reported coverage estimate,896467.0,662366,73.9
COUNTRIES,GBR,United Kingdom,2012,DTP3,Diphtheria/Tetanus/Pertussis - 3rd dose,WUENIC,WHO/UNICEF Estimates of National Immunization Coverage,498328.0,450216,90.3
COUNTRIES,GBR,United Kingdom,2012,MCV1,Measles-containing vaccine - 1st dose,ADMIN,Administrative coverage (doses given / target population),963134.0,953915,99.0
COUNTRIES,GBR,United Kingdom,2012,MCV1,Measles-containing vaccine - 1st dose,OFFICIAL,Official country-reported coverage estimate,1882971.0,1756529,93.3
COUNTRIES,GBR,United Kingdom,2012,MCV1,Measles-containing vaccine - 1st dose,WUENIC,WHO/UNICEF Estimates of National Immunization Coverage,4763815.0,4047184,85.0
COUNTRIES,GBR,United Kingdom,2012,MCV2,Measles-containing vaccine - 2nd dose (booster),ADMIN,Administrative coverage (doses given / target population),3444565.0,2571344,74.6
COUNTRIES,GBR,United Kingdom,2012,MCV2,Measles-containing vaccine - 2nd dose (booster),OFFICIAL,Official country-reported coverage estimate,242608.0,226461,93.3
COUNTRIES,GBR,United Kingdom,2012,MCV2,Measles-containing vaccine - 2nd dose (booster),WUENIC,WHO/UNICEF Estimates of National Immunization Coverage,3949741.0,3329731,84.3
COUNTRIES,GBR,United Kingdom,2012,POL3,Polio - 3rd dose,ADMIN,Administrative coverage (doses given / target population),2735593.0,2418446,88.4
COUNTRIES,GBR,United Kingdom,2012,POL3,Polio - 3rd dose,OFFICIAL,Official country-reported coverage estimate,1453057.0,1177838,81.1
COUNTRIES,GBR,United Kingdom,2012,POL3,Polio - 3rd dose,WUENIC,WHO/UNICEF Estimates of National Immunization Coverage,1532086.0,1252561,81.8
COUNTRIES,GBR,United Kingdom,2012,HEPB3,Hepatitis B - 3rd dose,ADMIN,Administrative coverage (doses given / target population),240972.0,205628,85.3
COUNTRIES,GBR,United Kingdom,2012,HEPB3,Hepatitis B - 3rd dose,OFFICIAL,Official country-reported coverage estimate,2178631.0,1599542,73.4
COUNTRIES,GBR,United Kingdom,2012,HEPB3,Hepatitis B - 3rd dose,WUENIC,WHO/UNICEF Estimates of National Immunization Coverage,2137225.0,1959526,91.7
COUNTRIES,GBR,United Kingdom,2012,PCV3,Pneumococcal conjugate vaccine - 3rd dose,ADMIN,Administrative coverage (doses given / target population),2891574.0,2322741,80.3
COUNTRIES,GBR,United Kingdom,2012,PCV3,Pneumococcal conjugate vaccine - 3rd dose,OFFICIAL,Official country-reported coverage estimate,450032.0,373268,82.9
COUNTRIES,GBR,United Kingdom,2012,PCV3,Pneumococcal conjugate vaccine - 3rd dose,WUENIC,WHO/UNICEF Estimates of National Immunization Coverage,807846.0,698832,86.5
COUNTRIES,GBR,United Kingdom,2013,BCG,Bacille Calmette-Guerin (Tuberculosis),ADMIN,Administrative coverage (doses given / target population),4086062.0,3253953,79.6
COUNTRIES,GBR,United Kingdom,2013,BCG,Bacille Calmette-Guerin (Tuberculosis),OFFICIAL,Official country-reported coverage estimate,2223223.0,2028656,91.2
COUNTRIES,GBR,United Kingdom,2013,BCG,Bacille Calmette-Guerin (Tuberculosis),WUENIC,WHO/UNICEF Estimates of National Immunization Coverage,959850.0,931713,97.1
COUNTRIES,GBR,United Kingdom,2013,DTP1,Diphtheria/Tetanus/Pertussis - 1st dose,ADMIN,Administrative coverage (doses given / target population),3803942.0,3241485,85.2
COUNTRIES,GBR,United Kingdom,2013,DTP1,Diphtheria/Tetanus/Pertussis - 1st dose,OFFICIAL,Official country-reported coverage estimate,4448603.0,4105955,92.3
COUNTRIES,GBR,United Kingdom,2013,DTP1,Diphtheria/Tetanus/Pertussis - 1st dose,WUENIC,WHO/UNICEF Estimates of National Immunization Coverage,4268287.0,3786857,88.7
COUNTRIES,GBR,United Kingdom,2013,DTP3,Diphtheria/Tetanus/Pertussis - 3rd dose,ADMIN,Administrative coverage (doses given / target population),2081668.0,1916791,92.1
COUNTRIES,GBR,United Kingdom,2013,DTP3,Diphtheria/Tetanus/Pertussis - 3rd dose,OFFICIAL,Official country-reported coverage estimate,4018918.0,3256095,81.0
COUNTRIES,GBR,United Kingdom,2013,DTP3,Diphtheria/Tetanus/Pertussis - 3rd dose,WUENIC,WHO/UNICEF Estimates of National Immunization Coverage,869446.0,729528,83.9
COUNTRIES,GBR,United Kingdom,2013,MCV1,Measles-containing vaccine - 1st dose,ADMIN,Administrative coverage (doses given / target population),3209520.0,2477476,77.2
COUNTRIES,GBR,United Kingdom,2013,MCV1,Measles-containing vaccine - 1st dose,OFFICIAL,Official country-reported coverage estimate,785926.0,730551,93.0
COUNTRIES,GBR,United Kingdom,2013,MCV1,Measles-containing vaccine - 1st dose,WUENIC,WHO/UNICEF Estimates of National Immunization Coverage,,1887164,86.4
COUNTRIES,GBR,United Kingdom,2013,MCV2,Measles-containing vaccine - 2nd dose (booster),ADMIN,Administrative coverage (doses given / target population),4282435.0,3237561,75.6
COUNTRIES,GBR,United Kingdom,2013,MCV2,Measles-containing vaccine - 2nd dose (booster),OFFICIAL,Official country-reported coverage estimate,4811336.0,4567143,94.9
COUNTRIES,GBR,United Kingdom,2013,MCV2,Measles-containing vaccine - 2nd dose (booster),WUENIC,WHO/UNICEF Estimates of National Immunization Coverage,548476.0,444548,81.1
COUNTRIES,GBR,United Kingdom,2013,POL3,Polio - 3rd dose,ADMIN,Administrative coverage (doses given / target population),3796751.0,3162391,83.3
COUNTRIES,GBR,United Kingdom,2013,POL3,Polio - 3rd dose,OFFICIAL,Official country-reported coverage estimate,2267622.0,2119649,93.5
COUNTRIES,GBR,United Kingdom,2013,POL3,Polio - 3rd dose,WUENIC,WHO/UNICEF Estimates of National Immunization Coverage,2888953.0,2385630,82.6
COUNTRIES,GBR,United Kingdom,2013,HEPB3,Hepatitis B - 3rd dose,ADMIN,Administrative coverage (doses given / target population),3662893.0,3122466,85.2
COUNTRIES,GBR,United Kingdom,2013,HEPB3,Hepatitis B - 3rd dose,OFFICIAL,Official country-reported coverage estimate,4876065.0,4559763,93.5
COUNTRIES,GBR,United Kingdom,2013,HEPB3,Hepatitis B - 3rd dose,WUENIC,WHO/UNICEF Estimates of National Immunization Coverage,4796951.0,4319912,90.1
COUNTRIES,GBR,United Kingdom,2013,PCV3,Pneumococcal conjugate vaccine - 3rd dose,ADMIN,Administrative coverage (doses given / target population),3989185.0,3560369,89.3
COUNTRIES,GBR,United Kingdom,2013,PCV3,Pneumococcal conjugate vaccine - 3rd dose,OFFICIAL,Official country-reported coverage estimate,2342589.0,2038605,87.0
COUNTRIES,GBR,United Kingdom,2013,PCV3,Pneumococcal conjugate vaccine - 3rd dose,WUENIC,WHO/UNICEF Estimates of National Immunization Coverage,985353.0,823152,83.5
COUNTRIES,GBR,United Kingdom,2014,BCG,Bacille Calmette-Guerin (Tuberculosis),ADMIN,Administrative coverage (doses given / target population),121751.0,97272,79.9
COUNTRIES,GBR,United Kingdom,2014,BCG,Bacille Calmette-Guerin (Tuberculosis),OFFICIAL,Official country-reported coverage estimate,496178.0,423546,85.4
COUNTRIES,GBR,United Kingdom,2014,BCG,Bacille Calmette-Guerin (Tuberculosis),WUENIC,WHO/UNICEF Estimates of National Immunization Coverage,4312436.0,3784189,87.8
COUNTRIES,GBR,United Kingdom,2014,DTP1,Diphtheria/Tetanus/Pertussis - 1st dose,ADMIN,Administrative coverage (doses given / target population),4388154.0,3631598,82.8
COUNTRIES,GBR,United Kingdom,2014,DTP1,Diphtheria/Tetanus/Pertussis - 1st dose,OFFICIAL,Official country-reported coverage estimate,4296631.0,3623045,84.3
COUNTRIES,GBR,United Kingdom,2014,DTP1,Diphtheria/Tetanus/Pertussis - 1st dose,WUENIC,WHO/UNICEF Estimates of National Immunization Coverage,470049.0,356505,75.8
COUNTRIES,GBR,United Kingdom,2014,DTP3,Diphtheria/Tetanus/Pertussis - 3rd dose,ADMIN,Administrative coverage (doses given / target population),832703.0,655608,78.7
COUNTRIES,GBR,United Kingdom,2014,DTP3,Diphtheria/Tetanus/Pertussis - 3rd dose,OFFICIAL,Official country-reported coverage estimate,3768995.0,2824095,74.9
COUNTRIES,GBR,United Kingdom,2014,DTP3,Diphtheria/Tetanus/Pertussis - 3rd dose,WUENIC,WHO/UNICEF Estimates of National Immunization Coverage,2431614.0,2146222,88.3
COUNTRIES,GBR,United Kingdom,2014,MCV1,Measles-containing vaccine - 1st dose,ADMIN,Administrative coverage (doses given / target population),1345191.0,1190442,88.5
COUNTRIES,GBR,United Kingdom,2014,MCV1,Measles-containing vaccine - 1st dose,OFFICIAL,Official country-reported coverage estimate,1220930.0,900319,73.7
COUNTRIES,GBR,United Kingdom,2014,MCV1,Measles-containing vaccine - 1st dose,WUENIC,WHO/UNICEF Estimates of National Immunization Coverage,867139.0,669170,77.2
COUNTRIES,GBR,United Kingdom,2014,MCV2,Measles-containing vaccine - 2nd dose (booster),ADMIN,Administrative coverage (doses given / target population),2049268.0,1620002,79.1
COUNTRIES,GBR,United Kingdom,2014,MCV2,Measles-containing vaccine - 2nd dose (booster),OFFICIAL,Official country-reported coverage estimate,487531.0,433907,89.0
COUNTRIES,GBR,United Kingdom,2014,MCV2,Measles-containing vaccine - 2nd dose (booster),WUENIC,WHO/UNICEF Estimates of National Immunization Coverage,2155967.0,1850122,85.8
COUNTRIES,GBR,United Kingdom,2014,POL3,Polio - 3rd dose,ADMIN,Administrative coverage (doses given / target population),3960647.0,3229371,81.5
COUNTRIES,GBR,United Kingdom,2014,POL3,Polio - 3rd dose,OFFICIAL,Official country-reported coverage estimate,1150341.0,991095,86.2
COUNTRIES,GBR,United Kingdom,2014,POL3,Polio - 3rd dose,WUENIC,WHO/UNICEF Estimates of National Immunization Coverage,3327145.0,2749760,82.6
COUNTRIES,GBR,United Kingdom,2014,HEPB3,Hepatitis B - 3rd dose,ADMIN,Administrative coverage (doses given / target population),1883237.0,1637335,86.9
COUNTRIES,GBR,United Kingdom,2014,HEPB3,Hepatitis B - 3rd dose,OFFICIAL,Official country-reported coverage estimate,4808239.0,3753295,78.1
COUNTRIES,GBR,United Kingdom,2014,HEPB3,Hepatitis B - 3rd dose,WUENIC,WHO/UNICEF Estimates of National Immunization Coverage,2372098.0,2372098,100.0
COUNTRIES,GBR,United Kingdom,2014,PCV3,Pneumococcal conjugate vaccine - 3rd dose,ADMIN,Administrative coverage (doses given / target population),3972504.0,3711788,93.4
COUNTRIES,GBR,United Kingdom,2014,PCV3,Pneumococcal conjugate vaccine - 3rd dose,OFFICIAL,Official country-reported coverage estimate,3110817.0,2638667,84.8
COUNTRIES,GBR,United Kingdom,2014,PCV3,Pneumococcal conjugate vaccine - 3rd dose,WUENIC,WHO/UNICEF Estimates of National Immunization Coverage,437382.0,322365,73.7
COUNTRIES,GBR,United Kingdom,2015,BCG,Bacille Calmette-Guerin (Tuberculosis),ADMIN,Administrative coverage (doses given / target population),3320566.0,3102495,93.4
COUNTRIES,GBR,United Kingdom,2015,BCG,Bacille Calmette-Guerin (Tuberculosis),OFFICIAL,Official country-reported coverage estimate,470625.0,381194,81.0
COUNTRIES,GBR,United Kingdom,2015,BCG,Bacille Calmette-Guerin (Tuberculosis),WUENIC,WHO/UNICEF Estimates of National Immunization Coverage,2121103.0,1797466,84.7
COUNTRIES,GBR,United Kingdom,2015,DTP1,Diphtheria/Tetanus/Pertussis - 1st dose,ADMIN,Administrative coverage (doses given / target population),1169635.0,928265,79.4
COUNTRIES,GBR,United Kingdom,2015,DTP1,Diphtheria/Tetanus/Pertussis - 1st dose,OFFICIAL,Official country-reported coverage estimate,1014732.0,866917,85.4
COUNTRIES,GBR,United Kingdom,2015,DTP1,Diphtheria/Tetanus/Pertussis - 1st dose,WUENIC,WHO/UNICEF Estimates of National Immunization Coverage,4803118.0,3861073,80.4
COUNTRIES,GBR,United Kingdom,2015,DTP3,Diphtheria/Tetanus/Pertussis - 3rd dose,ADMIN,Administrative coverage (doses given / target population),,2530259,81.0
COUNTRIES,GBR,United Kingdom,2015,DTP3,Diphtheria/Tetanus/Pertussis - 3rd dose,OFFICIAL,Official country-reported coverage estimate,3505815.0,3115622,88.9
COUNTRIES,GBR,United Kingdom,2015,DTP3,Diphtheria/Tetanus/Pertussis - 3rd dose,WUENIC,WHO/UNICEF Estimates of National Immunization Coverage,96190.0,81438,84.7
COUNTRIES,GBR,United Kingdom,2015,MCV1,Measles-containing vaccine - 1st dose,ADMIN,Administrative coverage (doses given / target population),165290.0,147633,89.3
COUNTRIES,GBR,United Kingdom,2015,MCV1,Measles-containing vaccine - 1st dose,OFFICIAL,Official country-reported coverage estimate,638736.0,536962,84.1
COUNTRIES,GBR,United Kingdom,2015,MCV1,Measles-containing vaccine - 1st dose,WUENIC,WHO/UNICEF Estimates of National Immunization Coverage,3282795.0,2907200,88.6
COUNTRIES,GBR,United Kingdom,2015,MCV2,Measles-containing vaccine - 2nd dose (booster),ADMIN,Administrative coverage (doses given / target population),3241535.0,2750557,84.9
COUNTRIES,GBR,United Kingdom,2015,MCV2,Measles-containing vaccine - 2nd dose (booster),OFFICIAL,Official country-reported coverage estimate,2105642.0,1815476,86.2
COUNTRIES,GBR,United Kingdom,2015,MCV2,Measles-containing vaccine - 2nd dose (booster),WUENIC,WHO/UNICEF Estimates of National Immunization Coverage,1402194.0,1129774,80.6
COUNTRIES,GBR,United Kingdom,2015,POL3,Polio - 3rd dose,ADMIN,Administrative coverage (doses given / target population),1072817.0,969299,90.4
COUNTRIES,GBR,United Kingdom,2015,POL3,Polio - 3rd dose,OFFICIAL,Official country-reported coverage estimate,1401900.0,1240229,88.5
COUNTRIES,GBR,United Kingdom,2015,POL3,Polio - 3rd dose,WUENIC,WHO/UNICEF Estimates of National Immunization Coverage,149715.0,130882,87.4
COUNTRIES,GBR,United Kingdom,2015,HEPB3,Hepatitis B - 3rd dose,ADMIN,Administrative coverage (doses given / target population),3952277.0,3553668,89.9
COUNTRIES,GBR,United Kingdom,2015,HEPB3,Hepatitis B - 3rd dose,OFFICIAL,Official country-reported coverage estimate,3166447.0,2892442,91.3
COUNTRIES,GBR,United Kingdom,2015,HEPB3,Hepatitis B - 3rd dose,WUENIC,WHO/UNICEF Estimates of National Immunization Coverage,4687512.0,3990540,85.1
COUNTRIES,GBR,United Kingdom,2015,PCV3,Pneumococcal conjugate vaccine - 3rd dose,ADMIN,Administrative coverage (doses given / target population),2860392.0,2690425,94.1
COUNTRIES,GBR,United Kingdom,2015,PCV3,Pneumococcal conjugate vaccine - 3rd dose,OFFICIAL,Official country-reported coverage estimate,1146594.0,1026548,89.5
COUNTRIES,GBR,United Kingdom,2015,PCV3,Pneumococcal conjugate vaccine - 3rd dose,WUENIC,WHO/UNICEF Estimates of National Immunization Coverage,354895.0,310279,87.4
COUNTRIES,GBR,United Kingdom,2016,BCG,Bacille Calmette-Guerin (Tuberculosis),ADMIN,Administrative coverage (doses given / target population),4955515.0,4049719,81.7
COUNTRIES,GBR,United Kingdom,2016,BCG,Bacille Calmette-Guerin (Tuberculosis),OFFICIAL,Official country-reported coverage estimate,2167678.0,1958369,90.3
COUNTRIES,GBR,United Kingdom,2016,BCG,Bacille Calmette-Guerin (Tuberculosis),WUENIC,WHO/UNICEF Estimates of National Immunization Coverage,4011976.0,3365534,83.9
COUNTRIES,GBR,United Kingdom,2016,DTP1,Diphtheria/Tetanus/Pertussis - 1st dose,ADMIN,Administrative coverage (doses given / target population),4212675.0,3646573,
COUNTRIES,GBR,United Kingdom,2016,DTP1,Diphtheria/Tetanus/Pertussis - 1st dose,OFFICIAL,Official country-reported coverage estimate,579525.0,482210,83.2
COUNTRIES,GBR,United Kingdom,2016,DTP1,Diphtheria/Tetanus/Pertussis - 1st dose,WUENIC,WHO/UNICEF Estimates of National Immunization Coverage,2714806.0,2589997,95.4
COUNTRIES,GBR,United Kingdom,2016,DTP3,Diphtheria/Tetanus/Pertussis - 3rd dose,ADMIN,Administrative coverage (doses given / target population),1869574.0,1557196,83.3
COUNTRIES,GBR,United Kingdom,2016,DTP3,Diphtheria/Tetanus/Pertussis - 3rd dose,OFFICIAL,Official country-reported coverage estimate,2747665.0,2105014,76.6
COUNTRIES,GBR,United Kingdom,2016,DTP3,Diphtheria/Tetanus/Pertussis - 3rd dose,WUENIC,WHO/UNICEF Estimates of National Immunization Coverage,4025813.0,3055011,75.9
COUNTRIES,GBR,United Kingdom,2016,MCV1,Measles-containing vaccine - 1st dose,ADMIN,Administrative coverage (doses given / target population),4681253.0,4209701,89.9
COUNTRIES,GBR,United Kingdom,2016,MCV1,Measles-containing vaccine - 1st dose,OFFICIAL,Official country-reported coverage estimate,2144026.0,1799607,83.9
COUNTRIES,GBR,United Kingdom,2016,MCV1,Measles-containing vaccine - 1st dose,WUENIC,WHO/UNICEF Estimates of National Immunization Coverage,3123562.0,2378137,76.1
COUNTRIES,GBR,United Kingdom,2016,MCV2,Measles-containing vaccine - 2nd dose (booster),ADMIN,Administrative coverage (doses given / target population),1463290.0,1196597,81.8
COUNTRIES,GBR,United Kingdom,2016,MCV2,Measles-containing vaccine - 2nd dose (booster),OFFICIAL,Official country-reported coverage estimate,1487030.0,1396798,93.9
COUNTRIES,GBR,United Kingdom,2016,MCV2,Measles-containing vaccine - 2nd dose (booster),WUENIC,WHO/UNICEF Estimates of National Immunization Coverage,4929053.0,4058833,82.3
COUNTRIES,GBR,United Kingdom,2016,POL3,Polio - 3rd dose,ADMIN,Administrative coverage (doses given / target population),247712.0,210724,85.1
COUNTRIES,GBR,United Kingdom,2016,POL3,Polio - 3rd dose,OFFICIAL,Official country-reported coverage estimate,1817655.0,1540852,84.8
COUNTRIES,GBR,United Kingdom,2016,POL3,Polio - 3rd dose,WUENIC,WHO/UNICEF Estimates of National Immunization Coverage,3428670.0,2851132,83.2
COUNTRIES,GBR,United Kingdom,2016,HEPB3,Hepatitis B - 3rd dose,ADMIN,Administrative coverage (doses given / target population),399452.0,340601,85.3
COUNTRIES,GBR,United Kingdom,2016,HEPB3,Hepatitis B - 3rd dose,OFFICIAL,Official country-reported coverage estimate,3060238.0,2402435,78.5
COUNTRIES,GBR,United Kingdom,2016,HEPB3,Hepatitis B - 3rd dose,WUENIC,WHO/UNICEF Estimates of National Immunization Coverage,3206033.0,2417849,75.4
COUNTRIES,GBR,United Kingdom,2016,PCV3,Pneumococcal conjugate vaccine - 3rd dose,ADMIN,Administrative coverage (doses given / target population),3541974.0,2956530,83.5
COUNTRIES,GBR,United Kingdom,2016,PCV3,Pneumococcal conjugate vaccine - 3rd dose,OFFICIAL,Official country-reported coverage estimate,2668544.0,2347098,88.0
COUNTRIES,GBR,United Kingdom,2016,PCV3,Pneumococcal conjugate vaccine - 3rd dose,WUENIC,WHO/UNICEF Estimates of National Immunization Coverage,2148884.0,1927074,89.7
COUNTRIES,GBR,United Kingdom,2017,BCG,Bacille Calmette-Guerin (Tuberculosis),ADMIN,Administrative coverage (doses given / target population),4238473.0,3965280,93.6
COUNTRIES,GBR,United Kingdom,2017,BCG,Bacille Calmette-Guerin (Tuberculosis),OFFICIAL,Official country-reported coverage estimate,1985255.0,1828105,92.1
COUNTRIES,GBR,United Kingdom,2017,BCG,Bacille Calmette-Guerin (Tuberculosis),WUENIC,WHO/UNICEF Estimates of National Immunization Coverage,1926994.0,1774785,92.1
COUNTRIES,GBR,United Kingdom,2017,DTP1,Diphtheria/Tetanus/Pertussis - 1st dose,ADMIN,Administrative coverage (doses given / target population),4031244.0,3669985,91.0
COUNTRIES,GBR,United Kingdom,2017,DTP1,Diphtheria/Tetanus/Pertussis - 1st dose,OFFICIAL,Official country-reported coverage estimate,2200313.0,1726642,78.5
COUNTRIES,GBR,United Kingdom,2017,DTP1,Diphtheria/Tetanus/Pertussis - 1st dose,WUENIC,WHO/UNICEF Estimates of National Immunization Coverage,,403558,89.1
COUNTRIES,GBR,United Kingdom,2017,DTP3,Diphtheria/Tetanus/Pertussis - 3rd dose,ADMIN,Administrative coverage (doses given / target population),4443019.0,4135509,
COUNTRIES,GBR,United Kingdom,2017,DTP3,Diphtheria/Tetanus/Pertussis - 3rd dose,OFFICIAL,Official country-reported coverage estimate,3395754.0,2747778,80.9
COUNTRIES,GBR,United Kingdom,2017,DTP3,Diphtheria/Tetanus/Pertussis - 3rd dose,WUENIC,WHO/UNICEF Estimates of National Immunization Coverage,2796172.0,2496852,89.3
COUNTRIES,GBR,United Kingdom,2017,MCV1,Measles-containing vaccine - 1st dose,ADMIN,Administrative coverage (doses given / target population),1654414.0,1424599,86.1
COUNTRIES,GBR,United Kingdom,2017,MCV1,Measles-containing vaccine - 1st dose,OFFICIAL,Official country-reported coverage estimate,868779.0,771359,88.8
COUNTRIES,GBR,United Kingdom,2017,MCV1,Measles-containing vaccine - 1st dose,WUENIC,WHO/UNICEF Estimates of National Immunization Coverage,3119557.0,2352815,75.4
COUNTRIES,GBR,United Kingdom,2017,MCV2,Measles-containing vaccine - 2nd dose (booster),ADMIN,Administrative coverage (doses given / target population),4222356.0,3996294,94.6
COUNTRIES,GBR,United Kingdom,2017,MCV2,Measles-containing vaccine - 2nd dose (booster),OFFICIAL,Official country-reported coverage estimate,1058262.0,1031649,97.5
COUNTRIES,GBR,United Kingdom,2017,MCV2,Measles-containing vaccine - 2nd dose (booster),WUENIC,WHO/UNICEF Estimates of National Immunization Coverage,2929012.0,2476761,84.6
COUNTRIES,GBR,United Kingdom,2017,POL3,Polio - 3rd dose,ADMIN,Administrative coverage (doses given / target population),4995248.0,4335461,86.8
COUNTRIES,GBR,United Kingdom,2017,POL3,Polio - 3rd dose,OFFICIAL,Official country-reported coverage estimate,820037.0,685376,83.6
COUNTRIES,GBR,United Kingdom,2017,POL3,Polio - 3rd dose,WUENIC,WHO/UNICEF Estimates of National Immunization Coverage,4766997.0,3988769,83.7
COUNTRIES,GBR,United Kingdom,2017,HEPB3,Hepatitis B - 3rd dose,ADMIN,Administrative coverage (doses given / target population),1817130.0,1531608,84.3
COUNTRIES,GBR,United Kingdom,2017,HEPB3,Hepatitis B - 3rd dose,OFFICIAL,Official country-reported coverage estimate,3601514.0,3272666,90.9
COUNTRIES,GBR,United Kingdom,2017,HEPB3,Hepatitis B - 3rd dose,WUENIC,WHO/UNICEF Estimates of National Immunization Coverage,4400371.0,3762695,85.5
COUNTRIES,GBR,United Kingdom,2017,PCV3,Pneumococcal conjugate vaccine - 3rd dose,ADMIN,Administrative coverage (doses given / target population),2344947.0,1795723,76.6
COUNTRIES,GBR,United Kingdom,2017,PCV3,Pneumococcal conjugate vaccine - 3rd dose,OFFICIAL,Official country-reported coverage estimate,477869.0,437590,91.6
COUNTRIES,GBR,United Kingdom,2017,PCV3,Pneumococcal conjugate vaccine - 3rd dose,WUENIC,WHO/UNICEF Estimates of National Immunization Coverage,4254488.0,3668923,86.2
COUNTRIES,GBR,United Kingdom,2018,BCG,Bacille Calmette-Guerin (Tuberculosis),ADMIN,Administrative coverage (doses given / target population),2585107.0,2131252,82.4
COUNTRIES,GBR,United Kingdom,2018,BCG,Bacille Calmette-Guerin (Tuberculosis),OFFICIAL,Official country-reported coverage estimate,755167.0,646513,85.6
COUNTRIES,GBR,United Kingdom,2018,BCG,Bacille Calmette-Guerin (Tuberculosis),WUENIC,WHO/UNICEF Estimates of National Immunization Coverage,3575003.0,3318799,92.8
COUNTRIES,GBR,United Kingdom,2018,DTP1,Diphtheria/Tetanus/Pertussis - 1st dose,ADMIN,Administrative coverage (doses given / target population),2639681.0,1879059,71.2
COUNTRIES,GBR,United Kingdom,2018,DTP1,Diphtheria/Tetanus/Pertussis - 1st dose,OFFICIAL,Official country-reported coverage estimate,3725625.0,3274472,87.9
COUNTRIES,GBR,United Kingdom,2018,DTP1,Diphtheria/Tetanus/Pertussis - 1st dose,WUENIC,WHO/UNICEF Estimates of National Immunization Coverage,1589765.0,1372647,86.3
COUNTRIES,GBR,United Kingdom,2018,DTP3,Diphtheria/Tetanus/Pertussis - 3rd dose,ADMIN,Administrative coverage (doses given / target population),2751277.0,2436014,88.5
COUNTRIES,GBR,United Kingdom,2018,DTP3,Diphtheria/Tetanus/Pertussis - 3rd dose,OFFICIAL,Official country-reported coverage estimate,1001954.0,852730,85.1
COUNTRIES,GBR,United Kingdom,2018,DTP3,Diphtheria/Tetanus/Pertussis - 3rd dose,WUENIC,WHO/UNICEF Estimates of National Immunization Coverage,,3250885,85.5
COUNTRIES,GBR,United Kingdom,2018,MCV1,Measles-containing vaccine - 1st dose,ADMIN,Administrative coverage (doses given / target population),3539123.0,3320703,93.8
COUNTRIES,GBR,United Kingdom,2018,MCV1,Measles-containing vaccine - 1st dose,OFFICIAL,Official country-reported coverage estimate,529172.0,458046,86.6
COUNTRIES,GBR,United Kingdom,2018,MCV1,Measles-containing vaccine - 1st dose,WUENIC,WHO/UNICEF Estimates of National Immunization Coverage,4073881.0,3586483,88.0
COUNTRIES,GBR,United Kingdom,2018,MCV2,Measles-containing vaccine - 2nd dose (booster),ADMIN,Administrative coverage (doses given / target population),3478326.0,2961242,85.1
COUNTRIES,GBR,United Kingdom,2018,MCV2,Measles-containing vaccine - 2nd dose (booster),OFFICIAL,Official country-reported coverage estimate,4108431.0,3808056,92.7
COUNTRIES,GBR,United Kingdom,2018,MCV2,Measles-containing vaccine - 2nd dose (booster),WUENIC,WHO/UNICEF Estimates of National Immunization Coverage,4076896.0,3528694,86.6
COUNTRIES,GBR,United Kingdom,2018,POL3,Polio - 3rd dose,ADMIN,Administrative coverage (doses given / target population),4333887.0,3712913,85.7
COUNTRIES,GBR,United Kingdom,2018,POL3,Polio - 3rd dose,OFFICIAL,Official country-reported coverage estimate,931491.0,795503,85.4
COUNTRIES,GBR,United Kingdom,2018,POL3,Polio - 3rd dose,WUENIC,WHO/UNICEF Estimates of National Immunization Coverage,1559311.0,1435523,92.1
COUNTRIES,GBR,United Kingdom,2018,HEPB3,Hepatitis B - 3rd dose,ADMIN,Administrative coverage (doses given / target population),1966227.0,1737116,88.3
COUNTRIES,GBR,United Kingdom,2018,HEPB3,Hepatitis B - 3rd dose,OFFICIAL,Official country-reported coverage estimate,3319282.0,2661554,80.2
COUNTRIES,GBR,United Kingdom,2018,HEPB3,Hepatitis B - 3rd dose,WUENIC,WHO/UNICEF Estimates of National Immunization Coverage,4330698.0,4321892,99.8
COUNTRIES,GBR,United Kingdom,2018,PCV3,Pneumococcal conjugate vaccine - 3rd dose,ADMIN,Administrative coverage (doses given / target population),4340868.0,3727461,85.9
COUNTRIES,GBR,United Kingdom,2018,PCV3,Pneumococcal conjugate vaccine - 3rd dose,OFFICIAL,Official country-reported coverage estimate,372861.0,356166,95.5
COUNTRIES,GBR,United Kingdom,2018,PCV3,Pneumococcal conjugate vaccine - 3rd dose,WUENIC,WHO/UNICEF Estimates of National Immunization Coverage,1076398.0,953977,88.6
COUNTRIES,GBR,United Kingdom,2019,BCG,Bacille Calmette-Guerin (Tuberculosis),ADMIN,Administrative coverage (doses given / target population),3748770.0,3242974,86.5
COUNTRIES,GBR,United Kingdom,2019,BCG,Bacille Calmette-Guerin (Tuberculosis),OFFICIAL,Official country-reported coverage estimate,4151806.0,3546636,85.4
COUNTRIES,GBR,United Kingdom,2019,BCG,Bacille Calmette-Guerin (Tuberculosis),WUENIC,WHO/UNICEF Estimates of National Immunization Coverage,3277889.0,2590828,79.0
COUNTRIES,GBR,United Kingdom,2019,DTP1,Diphtheria/Tetanus/Pertussis - 1st dose,ADMIN,Administrative coverage (doses given / target population),2680569.0,2326959,86.8
COUNTRIES,GBR,United Kingdom,2019,DTP1,Diphtheria/Tetanus/Pertussis - 1st dose,OFFICIAL,Official country-reported coverage estimate,3530896.0,3475770,98.4
COUNTRIES,GBR,United Kingdom,2019,DTP1,Diphtheria/Tetanus/Pertussis - 1st dose,WUENIC,WHO/UNICEF Estimates of National Immunization Coverage,228323.0,200586,87.9
COUNTRIES,GBR,United Kingdom,2019,DTP3,Diphtheria/Tetanus/Pertussis - 3rd dose,ADMIN,Administrative coverage (doses given / target population),2270248.0,1969941,86.8
COUNTRIES,GBR,United Kingdom,2019,DTP3,Diphtheria/Tetanus/Pertussis - 3rd dose,OFFICIAL,Official country-reported coverage estimate,1746306.0,1746306,100.0
COUNTRIES,GBR,United Kingdom,2019,DTP3,Diphtheria/Tetanus/Pertussis - 3rd dose,WUENIC,WHO/UNICEF Estimates of National Immunization Coverage,4001663.0,3300197,82.5
COUNTRIES,GBR,United Kingdom,2019,MCV1,Measles-containing vaccine - 1st dose,ADMIN,Administrative coverage (doses given / target population),511430.0,464801,90.9
COUNTRIES,GBR,United Kingdom,2019,MCV1,Measles-containing vaccine - 1st dose,OFFICIAL,Official country-reported coverage estimate,4108344.0,3254348,79.2
COUNTRIES,GBR,United Kingdom,2019,MCV1,Measles-containing vaccine - 1st dose,WUENIC,WHO/UNICEF Estimates of National Immunization Coverage,994881.0,848093,85.2
COUNTRIES,GBR,United Kingdom,2019,MCV2,Measles-containing vaccine - 2nd dose (booster),ADMIN,Administrative coverage (doses given / target population),1104949.0,840899,76.1
COUNTRIES,GBR,United Kingdom,2019,MCV2,Measles-containing vaccine - 2nd dose (booster),OFFICIAL,Official country-reported coverage estimate,4414511.0,3551078,80.4
COUNTRIES,GBR,United Kingdom,2019,MCV2,Measles-containing vaccine - 2nd dose (booster),WUENIC,WHO/UNICEF Estimates of National Immunization Coverage,4341474.0,3685344,84.9
COUNTRIES,GBR,United Kingdom,2019,POL3,Polio - 3rd dose,ADMIN,Administrative coverage (doses given / target population),4384942.0,3933505,89.7
COUNTRIES,GBR,United Kingdom,2019,POL3,Polio - 3rd dose,OFFICIAL,Official country-reported coverage estimate,,1563192,91.6
COUNTRIES,GBR,United Kingdom,2019,POL3,Polio - 3rd dose,WUENIC,WHO/UNICEF Estimates of National Immunization Coverage,4797180.0,3848942,80.2
COUNTRIES,GBR,United Kingdom,2019,HEPB3,Hepatitis B - 3rd dose,ADMIN,Administrative coverage (doses given / target population),603634.0,465048,77.0
COUNTRIES,GBR,United Kingdom,2019,HEPB3,Hepatitis B - 3rd dose,OFFICIAL,Official country-reported coverage estimate,391247.0,316051,
COUNTRIES,GBR,United Kingdom,2019,HEPB3,Hepatitis B - 3rd dose,WUENIC,WHO/UNICEF Estimates of National Immunization Coverage,706677.0,687747,97.3
COUNTRIES,GBR,United Kingdom,2019,PCV3,Pneumococcal conjugate vaccine - 3rd dose,ADMIN,Administrative coverage (doses given / target population),4737235.0,4226856,89.2
COUNTRIES,GBR,United Kingdom,2019,PCV3,Pneumococcal conjugate vaccine - 3rd dose,OFFICIAL,Official country-reported coverage estimate,1727836.0,1510840,87.4
COUNTRIES,GBR,United Kingdom,2019,PCV3,Pneumococcal conjugate vaccine - 3rd dose,WUENIC,WHO/UNICEF Estimates of National Immunization Coverage,1611906.0,1308506,81.2
COUNTRIES,GBR,United Kingdom,2020,BCG,Bacille Calmette-Guerin (Tuberculosis),ADMIN,Administrative coverage (doses given / target population),4952029.0,3984626,80.5
COUNTRIES,GBR,United Kingdom,2020,BCG,Bacille Calmette-Guerin (Tuberculosis),OFFICIAL,Official country-reported coverage estimate,1405549.0,1125334,80.1
COUNTRIES,GBR,United Kingdom,2020,BCG,Bacille Calmette-Guerin (Tuberculosis),WUENIC,WHO/UNICEF Estimates of National Immunization Coverage,2145466.0,1830365,85.3
COUNTRIES,GBR,United Kingdom,2020,DTP1,Diphtheria/Tetanus/Pertussis - 1st dose,ADMIN,Administrative coverage (doses given / target population),2514939.0,2037023,81.0
COUNTRIES,GBR,United Kingdom,2020,DTP1,Diphtheria/Tetanus/Pertussis - 1st dose,OFFICIAL,Official country-reported coverage estimate,394759.0,315511,79.9
COUNTRIES,GBR,United Kingdom,2020,DTP1,Diphtheria/Tetanus/Pertussis - 1st dose,WUENIC,WHO/UNICEF Estimates of National Immunization Coverage,759543.0,679899,89.5
COUNTRIES,GBR,United Kingdom,2020,DTP3,Diphtheria/Tetanus/Pertussis - 3rd dose,ADMIN,Administrative coverage (doses given / target population),4955403.0,4765892,96.2
COUNTRIES,GBR,United Kingdom,2020,DTP3,Diphtheria/Tetanus/Pertussis - 3rd dose,OFFICIAL,Official country-reported coverage estimate,2633341.0,2361535,89.7
COUNTRIES,GBR,United Kingdom,2020,DTP3,Diphtheria/Tetanus/Pertussis - 3rd dose,WUENIC,WHO/UNICEF Estimates of National Immunization Coverage,3147418.0,2618718,83.2
COUNTRIES,GBR,United Kingdom,2020,MCV1,Measles-containing vaccine - 1st dose,ADMIN,Administrative coverage (doses given / target population),1051427.0,926021,88.1
COUNTRIES,GBR,United Kingdom,2020,MCV1,Measles-containing vaccine - 1st dose,OFFICIAL,Official country-reported coverage estimate,3451251.0,2942341,85.3
COUNTRIES,GBR,United Kingdom,2020,MCV1,Measles-containing vaccine - 1st dose,WUENIC,WHO/UNICEF Estimates of National Immunization Coverage,2492746.0,2147833,86.2
COUNTRIES,GBR,United Kingdom,2020,MCV2,Measles-containing vaccine - 2nd dose (booster),ADMIN,Administrative coverage (doses given / target population),2998998.0,2412483,80.4
COUNTRIES,GBR,United Kingdom,2020,MCV2,Measles-containing vaccine - 2nd dose (booster),OFFICIAL,Official country-reported coverage estimate,2233042.0,1769794,79.3
COUNTRIES,GBR,United Kingdom,2020,MCV2,Measles-containing vaccine - 2nd dose (booster),WUENIC,WHO/UNICEF Estimates of National Immunization Coverage,94346.0,76795,81.4
COUNTRIES,GBR,United Kingdom,2020,POL3,Polio - 3rd dose,ADMIN,Administrative coverage (doses given / target population),1891788.0,1731003,91.5
COUNTRIES,GBR,United Kingdom,2020,POL3,Polio - 3rd dose,OFFICIAL,Official country-reported coverage estimate,714083.0,567890,79.5
COUNTRIES,GBR,United Kingdom,2020,POL3,Polio - 3rd dose,WUENIC,WHO/UNICEF Estimates of National Immunization Coverage,2360426.0,2324580,98.5
COUNTRIES,GBR,United Kingdom,2020,HEPB3,Hepatitis B - 3rd dose,ADMIN,Administrative coverage (doses given / target population),4412719.0,3956543,89.7
COUNTRIES,GBR,United Kingdom,2020,HEPB3,Hepatitis B - 3rd dose,OFFICIAL,Official country-reported coverage estimate,,4487105,91.6
COUNTRIES,GBR,United Kingdom,2020,HEPB3,Hepatitis B - 3rd dose,WUENIC,WHO/UNICEF Estimates of National Immunization Coverage,4208969.0,3308338,78.6
COUNTRIES,GBR,United Kingdom,2020,PCV3,Pneumococcal conjugate vaccine - 3rd dose,ADMIN,Administrative coverage (doses given / target population),1651688.0,1426226,86.3
COUNTRIES,GBR,United Kingdom,2020,PCV3,Pneumococcal conjugate vaccine - 3rd dose,OFFICIAL,Official country-reported coverage estimate,3359479.0,3359479,100.0
COUNTRIES,GBR,United Kingdom,2020,PCV3,Pneumococcal conjugate vaccine - 3rd dose,WUENIC,WHO/UNICEF Estimates of National Immunization Coverage,521406.0,407566,78.2
COUNTRIES,GBR,United Kingdom,2021,BCG,Bacille Calmette-Guerin (Tuberculosis),ADMIN,Administrative coverage (doses given / target population),703363.0,576000,81.9
COUNTRIES,GBR,United Kingdom,2021,BCG,Bacille Calmette-Guerin (Tuberculosis),OFFICIAL,Official country-reported coverage estimate,942750.0,746243,79.2
COUNTRIES,GBR,United Kingdom,2021,BCG,Bacille Calmette-Guerin (Tuberculosis),WUENIC,WHO/UNICEF Estimates of National Immunization Coverage,4728016.0,4728016,100.0
COUNTRIES,GBR,United Kingdom,2021,DTP1,Diphtheria/Tetanus/Pertussis - 1st dose,ADMIN,Administrative coverage (doses given / target population),4266745.0,3638743,85.3
COUNTRIES,GBR,United Kingdom,2021,DTP1,Diphtheria/Tetanus/Pertussis - 1st dose,OFFICIAL,Official country-reported coverage estimate,2855566.0,2133519,74.7
COUNTRIES,GBR,United Kingdom,2021,DTP1,Diphtheria/Tetanus/Pertussis - 1st dose,WUENIC,WHO/UNICEF Estimates of National Immunization Coverage,961489.0,833335,86.7
COUNTRIES,GBR,United Kingdom,2021,DTP3,Diphtheria/Tetanus/Pertussis - 3rd dose,ADMIN,Administrative coverage (doses given / target population),2071359.0,1744668,84.2
COUNTRIES,GBR,United Kingdom,2021,DTP3,Diphtheria/Tetanus/Pertussis - 3rd dose,OFFICIAL,Official country-reported coverage estimate,849814.0,760279,89.5
COUNTRIES,GBR,United Kingdom,2021,DTP3,Diphtheria/Tetanus/Pertussis - 3rd dose,WUENIC,WHO/UNICEF Estimates of National Immunization Coverage,4978540.0,4484394,90.1
COUNTRIES,GBR,United Kingdom,2021,MCV1,Measles-containing vaccine - 1st dose,ADMIN,Administrative coverage (doses given / target population),903217.0,778927,86.2
COUNTRIES,GBR,United Kingdom,2021,MCV1,Measles-containing vaccine - 1st dose,OFFICIAL,Official country-reported coverage estimate,2153541.0,1984078,92.1
COUNTRIES,GBR,United Kingdom,2021,MCV1,Measles-containing vaccine - 1st dose,WUENIC,WHO/UNICEF Estimates of National Immunization Coverage,2847483.0,2511795,88.2
COUNTRIES,GBR,United Kingdom,2021,MCV2,Measles-containing vaccine - 2nd dose (booster),ADMIN,Administrative coverage (doses given / target population),4071382.0,3781354,92.9
COUNTRIES,GBR,United Kingdom,2021,MCV2,Measles-containing vaccine - 2nd dose (booster),OFFICIAL,Official country-reported coverage estimate,2291220.0,1823935,79.6
COUNTRIES,GBR,United Kingdom,2021,MCV2,Measles-containing vaccine - 2nd dose (booster),WUENIC,WHO/UNICEF Estimates of National Immunization Coverage,4479832.0,3745262,83.6
COUNTRIES,GBR,United Kingdom,2021,POL3,Polio - 3rd dose,ADMIN,Administrative coverage (doses given / target population),1147400.0,938554,81.8
COUNTRIES,GBR,United Kingdom,2021,POL3,Polio - 3rd dose,OFFICIAL,Official country-reported coverage estimate,2150397.0,1940600,90.2
COUNTRIES,GBR,United Kingdom,2021,POL3,Polio - 3rd dose,WUENIC,WHO/UNICEF Estimates of National Immunization Coverage,4516731.0,4278748,94.7
COUNTRIES,GBR,United Kingdom,2021,HEPB3,Hepatitis B - 3rd dose,ADMIN,Administrative coverage (doses given / target population),2205911.0,1971817,
COUNTRIES,GBR,United Kingdom,2021,HEPB3,Hepatitis B - 3rd dose,OFFICIAL,Official country-reported coverage estimate,3277213.0,3124310,95.3
COUNTRIES,GBR,United Kingdom,2021,HEPB3,Hepatitis B - 3rd dose,WUENIC,WHO/UNICEF Estimates of National Immunization Coverage,3255821.0,2882853,88.5
COUNTRIES,GBR,United Kingdom,2021,PCV3,Pneumococcal conjugate vaccine - 3rd dose,ADMIN,Administrative coverage (doses given / target population),,4395599,97.0
COUNTRIES,GBR,United Kingdom,2021,PCV3,Pneumococcal conjugate vaccine - 3rd dose,OFFICIAL,Official country-reported coverage estimate,3871635.0,3341605,86.3
COUNTRIES,GBR,United Kingdom,2021,PCV3,Pneumococcal conjugate vaccine - 3rd dose,WUENIC,WHO/UNICEF Estimates of National Immunization Coverage,3219856.0,2675991,83.1
COUNTRIES,GBR,United Kingdom,2022,BCG,Bacille Calmette-Guerin (Tuberculosis),ADMIN,Administrative coverage (doses given / target population),3299909.0,3166536,96.0
COUNTRIES,GBR,United Kingdom,2022,BCG,Bacille Calmette-Guerin (Tuberculosis),OFFICIAL,Official country-reported coverage estimate,1600960.0,1412566,88.2
COUNTRIES,GBR,United Kingdom,2022,BCG,Bacille Calmette-Guerin (Tuberculosis),WUENIC,WHO/UNICEF Estimates of National Immunization Coverage,256494.0,196771,76.7
COUNTRIES,GBR,United Kingdom,2022,DTP1,Diphtheria/Tetanus/Pertussis - 1st dose,ADMIN,Administrative coverage (doses given / target population),4116698.0,3631062,88.2
COUNTRIES,GBR,United Kingdom,2022,DTP1,Diphtheria/Tetanus/Pertussis - 1st dose,OFFICIAL,Official country-reported coverage estimate,3492086.0,2939429,84.2
COUNTRIES,GBR,United Kingdom,2022,DTP1,Diphtheria/Tetanus/Pertussis - 1st dose,WUENIC,WHO/UNICEF Estimates of National Immunization Coverage,719645.0,719645,100.0
COUNTRIES,GBR,United Kingdom,2022,DTP3,Diphtheria/Tetanus/Pertussis - 3rd dose,ADMIN,Administrative coverage (doses given / target population),2639648.0,2272462,86.1
COUNTRIES,GBR,United Kingdom,2022,DTP3,Diphtheria/Tetanus/Pertussis - 3rd dose,OFFICIAL,Official country-reported coverage estimate,1336001.0,1184922,88.7
COUNTRIES,GBR,United Kingdom,2022,DTP3,Diphtheria/Tetanus/Pertussis - 3rd dose,WUENIC,WHO/UNICEF Estimates of National Immunization Coverage,460738.0,386912,84.0
COUNTRIES,GBR,United Kingdom,2022,MCV1,Measles-containing vaccine - 1st dose,ADMIN,Administrative coverage (doses given / target population),3601721.0,3401300,94.4
COUNTRIES,GBR,United Kingdom,2022,MCV1,Measles-containing vaccine - 1st dose,OFFICIAL,Official country-reported coverage estimate,,782966,83.6
COUNTRIES,GBR,United Kingdom,2022,MCV1,Measles-containing vaccine - 1st dose,WUENIC,WHO/UNICEF Estimates of National Immunization Coverage,2758473.0,2658978,96.4
COUNTRIES,GBR,United Kingdom,2022,MCV2,Measles-containing vaccine - 2nd dose (booster),ADMIN,Administrative coverage (doses given / target population),,1482493,91.6
COUNTRIES,GBR,United Kingdom,2022,MCV2,Measles-containing vaccine - 2nd dose (booster),OFFICIAL,Official country-reported coverage estimate,4255803.0,3651703,
COUNTRIES,GBR,United Kingdom,2022,MCV2,Measles-containing vaccine - 2nd dose (booster),WUENIC,WHO/UNICEF Estimates of National Immunization Coverage,636937.0,533186,83.7
COUNTRIES,GBR,United Kingdom,2022,POL3,Polio - 3rd dose,ADMIN,Administrative coverage (doses given / target population),2005821.0,1656153,82.6
COUNTRIES,GBR,United Kingdom,2022,POL3,Polio - 3rd dose,OFFICIAL,Official country-reported coverage estimate,3714583.0,3150993,84.8
COUNTRIES,GBR,United Kingdom,2022,POL3,Polio - 3rd dose,WUENIC,WHO/UNICEF Estimates of National Immunization Coverage,3533107.0,2908724,82.3
COUNTRIES,GBR,United Kingdom,2022,HEPB3,Hepatitis B - 3rd dose,ADMIN,Administrative coverage (doses given / target population),1081954.0,972161,89.9
COUNTRIES,GBR,United Kingdom,2022,HEPB3,Hepatitis B - 3rd dose,OFFICIAL,Official country-reported coverage estimate,637946.0,573791,89.9
COUNTRIES,GBR,United Kingdom,2022,HEPB3,Hepatitis B - 3rd dose,WUENIC,WHO/UNICEF Estimates of National Immunization Coverage,3699173.0,3126761,
COUNTRIES,GBR,United Kingdom,2022,PCV3,Pneumococcal conjugate vaccine - 3rd dose,ADMIN,Administrative coverage (doses given / target population),3491313.0,3153095,90.3
COUNTRIES,GBR,United Kingdom,2022,PCV3,Pneumococcal conjugate vaccine - 3rd dose,OFFICIAL,Official country-reported coverage estimate,3857826.0,3356808,87.0
COUNTRIES,GBR,United Kingdom,2022,PCV3,Pneumococcal conjugate vaccine - 3rd dose,WUENIC,WHO/UNICEF Estimates of National Immunization Coverage,1994646.0,1855060,93.0
COUNTRIES,GBR,United Kingdom,2023,BCG,Bacille Calmette-Guerin (Tuberculosis),ADMIN,Administrative coverage (doses given / target population),4997451.0,4542705,90.9
COUNTRIES,GBR,United Kingdom,2023,BCG,Bacille Calmette-Guerin (Tuberculosis),OFFICIAL,Official country-reported coverage estimate,915353.0,800038,87.4
COUNTRIES,GBR,United Kingdom,2023,BCG,Bacille Calmette-Guerin (Tuberculosis),WUENIC,WHO/UNICEF Estimates of National Immunization Coverage,2214847.0,1788034,80.7
COUNTRIES,GBR,United Kingdom,2023,DTP1,Diphtheria/Tetanus/Pertussis - 1st dose,ADMIN,Administrative coverage (doses given / target population),3263584.0,2744689,84.1
COUNTRIES,GBR,United Kingdom,2023,DTP1,Diphtheria/Tetanus/Pertussis - 1st dose,OFFICIAL,Official country-reported coverage estimate,4663586.0,3833101,82.2
COUNTRIES,GBR,United Kingdom,2023,DTP1,Diphtheria/Tetanus/Pertussis - 1st dose,WUENIC,WHO/UNICEF Estimates of National Immunization Coverage,2280932.0,2088775,91.6
COUNTRIES,GBR,United Kingdom,2023,DTP3,Diphtheria/Tetanus/Pertussis - 3rd dose,ADMIN,Administrative coverage (doses given / target population),1503383.0,1255138,83.5
COUNTRIES,GBR,United Kingdom,2023,DTP3,Diphtheria/Tetanus/Pertussis - 3rd dose,OFFICIAL,Official country-reported coverage estimate,3659892.0,3317202,90.6
COUNTRIES,GBR,United Kingdom,2023,DTP3,Diphtheria/Tetanus/Pertussis - 3rd dose,WUENIC,WHO/UNICEF Estimates of National Immunization Coverage,4408503.0,3840090,87.1
COUNTRIES,GBR,United Kingdom,2023,MCV1,Measles-containing vaccine - 1st dose,ADMIN,Administrative coverage (doses given / target population),4619956.0,3917445,84.8
COUNTRIES,GBR,United Kingdom,2023,MCV1,Measles-containing vaccine - 1st dose,OFFICIAL,Official country-reported coverage estimate,806864.0,684731,84.9
COUNTRIES,GBR,United Kingdom,2023,MCV1,Measles-containing vaccine - 1st dose,WUENIC,WHO/UNICEF Estimates of National Immunization Coverage,412567.0,391963,95.0
COUNTRIES,GBR,United Kingdom,2023,MCV2,Measles-containing vaccine - 2nd dose (booster),ADMIN,Administrative coverage (doses given / target population),3741070.0,3181344,85.0
COUNTRIES,GBR,United Kingdom,2023,MCV2,Measles-containing vaccine - 2nd dose (booster),OFFICIAL,Official country-reported coverage estimate,3835824.0,3122980,81.4
COUNTRIES,GBR,United Kingdom,2023,MCV2,Measles-containing vaccine - 2nd dose (booster),WUENIC,WHO/UNICEF Estimates of National Immunization Coverage,799103.0,753612,94.3
COUNTRIES,GBR,United Kingdom,2023,POL3,Polio - 3rd dose,ADMIN,Administrative coverage (doses given / target population),1135395.0,1028394,90.6
COUNTRIES,GBR,United Kingdom,2023,POL3,Polio - 3rd dose,OFFICIAL,Official country-reported coverage estimate,784390.0,764895,97.5
COUNTRIES,GBR,United Kingdom,2023,POL3,Polio - 3rd dose,WUENIC,WHO/UNICEF Estimates of National Immunization Coverage,3127891.0,2724105,87.1
COUNTRIES,GBR,United Kingdom,2023,HEPB3,Hepatitis B - 3rd dose,ADMIN,Administrative coverage (doses given / target population),2227391.0,2043724,91.8
COUNTRIES,GBR,United Kingdom,2023,HEPB3,Hepatitis B - 3rd dose,OFFICIAL,Official country-reported coverage estimate,1510448.0,1267384,83.9
COUNTRIES,GBR,United Kingdom,2023,HEPB3,Hepatitis B - 3rd dose,WUENIC,WHO/UNICEF Estimates of National Immunization Coverage,2380785.0,2169028,91.1
COUNTRIES,GBR,United Kingdom,2023,PCV3,Pneumococcal conjugate vaccine - 3rd dose,ADMIN,Administrative coverage (doses given / target population),1563894.0,1414929,90.5
COUNTRIES,GBR,United Kingdom,2023,PCV3,Pneumococcal conjugate vaccine - 3rd dose,OFFICIAL,Official country-reported coverage estimate,4812294.0,4777306,99.3
COUNTRIES,GBR,United Kingdom,2023,PCV3,Pneumococcal conjugate vaccine - 3rd dose,WUENIC,WHO/UNICEF Estimates of National Immunization Coverage,3574405.0,3215596,90.0
COUNTRIES,DEU,Germany,2010,BCG,Bacille Calmette-Guerin (Tuberculosis),ADMIN,Administrative coverage (doses given / target population),2472388.0,1285527,52.0
COUNTRIES,DEU,Germany,2010,BCG,Bacille Calmette-Guerin (Tuberculosis),OFFICIAL,Official country-reported coverage estimate,2616973.0,1275731,48.7
COUNTRIES,DEU,Germany,2010,BCG,Bacille Calmette-Guerin (Tuberculosis),WUENIC,WHO/UNICEF Estimates of National Immunization Coverage,,1916138,43.0
COUNTRIES,DEU,Germany,2010,DTP1,Diphtheria/Tetanus/Pertussis - 1st dose,ADMIN,Administrative coverage (doses given / target population),3865510.0,1705282,44.1
COUNTRIES,DEU,Germany,2010,DTP1,Diphtheria/Tetanus/Pertussis - 1st dose,OFFICIAL,Official country-reported coverage estimate,1624817.0,565492,34.8
COUNTRIES,DEU,Germany,2010,DTP1,Diphtheria/Tetanus/Pertussis - 1st dose,WUENIC,WHO/UNICEF Estimates of National Immunization Coverage,1375984.0,463543,33.7
COUNTRIES,DEU,Germany,2010,DTP3,Diphtheria/Tetanus/Pertussis - 3rd dose,ADMIN,Administrative coverage (doses given / target population),4815278.0,1789097,37.2
COUNTRIES,DEU,Germany,2010,DTP3,Diphtheria/Tetanus/Pertussis - 3rd dose,OFFICIAL,Official country-reported coverage estimate,1624023.0,634669,39.1
COUNTRIES,DEU,Germany,2010,DTP3,Diphtheria/Tetanus/Pertussis - 3rd dose,WUENIC,WHO/UNICEF Estimates of National Immunization Coverage,2765219.0,1159441,41.9
COUNTRIES,DEU,Germany,2010,MCV1,Measles-containing vaccine - 1st dose,ADMIN,Administrative coverage (doses given / target population),4001148.0,1765363,44.1
COUNTRIES,DEU,Germany,2010,MCV1,Measles-containing vaccine - 1st dose,OFFICIAL,Official country-reported coverage estimate,2140976.0,860098,40.2
COUNTRIES,DEU,Germany,2010,MCV1,Measles-containing vaccine - 1st dose,WUENIC,WHO/UNICEF Estimates of National Immunization Coverage,4982701.0,2315291,46.5
COUNTRIES,DEU,Germany,2010,MCV2,Measles-containing vaccine - 2nd dose (booster),ADMIN,Administrative coverage (doses given / target population),4038198.0,1558566,
COUNTRIES,DEU,Germany,2010,MCV2,Measles-containing vaccine - 2nd dose (booster),OFFICIAL,Official country-reported coverage estimate,2422403.0,1063750,43.9
COUNTRIES,DEU,Germany,2010,MCV2,Measles-containing vaccine - 2nd dose (booster),WUENIC,WHO/UNICEF Estimates of National Immunization Coverage,3207774.0,1374128,42.8
COUNTRIES,DEU,Germany,2010,POL3,Polio - 3rd dose,ADMIN,Administrative coverage (doses given / target population),3669139.0,1423036,38.8
COUNTRIES,DEU,Germany,2010,POL3,Polio - 3rd dose,OFFICIAL,Official country-reported coverage estimate,750357.0,326376,43.5
COUNTRIES,DEU,Germany,2010,POL3,Polio - 3rd dose,WUENIC,WHO/UNICEF Estimates of National Immunization Coverage,2576113.0,1082895,42.0
COUNTRIES,DEU,Germany,2010,HEPB3,Hepatitis B - 3rd dose,ADMIN,Administrative coverage (doses given / target population),668129.0,229050,
COUNTRIES,DEU,Germany,2010,HEPB3,Hepatitis B - 3rd dose,OFFICIAL,Official country-reported coverage estimate,2540076.0,944076,
COUNTRIES,DEU,Germany,2010,HEPB3,Hepatitis B - 3rd dose,WUENIC,WHO/UNICEF Estimates of National Immunization Coverage,901982.0,378394,42.0
COUNTRIES,DEU,Germany,2010,PCV3,Pneumococcal conjugate vaccine - 3rd dose,ADMIN,Administrative coverage (doses given / target population),3988757.0,1577390,39.5
COUNTRIES,DEU,Germany,2010,PCV3,Pneumococcal conjugate vaccine - 3rd dose,OFFICIAL,Official country-reported coverage estimate,3989737.0,1727920,43.3
COUNTRIES,DEU,Germany,2010,PCV3,Pneumococcal conjugate vaccine - 3rd dose,WUENIC,WHO/UNICEF Estimates of National Immunization Coverage,215743.0,104159,48.3
COUNTRIES,DEU,Germany,2011,BCG,Bacille Calmette-Guerin (Tuberculosis),ADMIN,Administrative coverage (doses given / target population),2159706.0,987799,45.7
COUNTRIES,DEU,Germany,2011,BCG,Bacille Calmette-Guerin (Tuberculosis),OFFICIAL,Official country-reported coverage estimate,1313284.0,526540,40.1
COUNTRIES,DEU,Germany,2011,BCG,Bacille Calmette-Guerin (Tuberculosis),WUENIC,WHO/UNICEF Estimates of National Immunization Coverage,3940592.0,1796808,45.6
COUNTRIES,DEU,Germany,2011,DTP1,Diphtheria/Tetanus/Pertussis - 1st dose,ADMIN,Administrative coverage (doses given / target population),2203684.0,1069622,48.5
COUNTRIES,DEU,Germany,2011,DTP1,Diphtheria/Tetanus/Pertussis - 1st dose,OFFICIAL,Official country-reported coverage estimate,2385112.0,1118032,46.9
COUNTRIES,DEU,Germany,2011,DTP1,Diphtheria/Tetanus/Pertussis - 1st dose,WUENIC,WHO/UNICEF Estimates of National Immunization Coverage,2396223.0,1024446,42.8
COUNTRIES,DEU,Germany,2011,DTP3,Diphtheria/Tetanus/Pertussis - 3rd dose,ADMIN,Administrative coverage (doses given / target population),2082943.0,1035724,49.7
COUNTRIES,DEU,Germany,2011,DTP3,Diphtheria/Tetanus/Pertussis - 3rd dose,OFFICIAL,Official country-reported coverage estimate,4543094.0,1791369,39.4
COUNTRIES,DEU,Germany,2011,DTP3,Diphtheria/Tetanus/Pertussis - 3rd dose,WUENIC,WHO/UNICEF Estimates of National Immunization Coverage,1191627.0,529459,44.4
COUNTRIES,DEU,Germany,2011,MCV1,Measles-containing vaccine - 1st dose,ADMIN,Administrative coverage (doses given / target population),1076495.0,493408,45.8
COUNTRIES,DEU,Germany,2011,MCV1,Measles-containing vaccine - 1st dose,OFFICIAL,Official country-reported coverage estimate,2655537.0,1139078,42.9
COUNTRIES,DEU,Germany,2011,MCV1,Measles-containing vaccine - 1st dose,WUENIC,WHO/UNICEF Estimates of National Immunization Coverage,4307032.0,1842507,42.8
COUNTRIES,DEU,Germany,2011,MCV2,Measles-containing vaccine - 2nd dose (booster),ADMIN,Administrative coverage (doses given / target population),210929.0,88643,42.0
COUNTRIES,DEU,Germany,2011,MCV2,Measles-containing vaccine - 2nd dose (booster),OFFICIAL,Official country-reported coverage estimate,1281954.0,543537,42.4
COUNTRIES,DEU,Germany,2011,MCV2,Measles-containing vaccine - 2nd dose (booster),WUENIC,WHO/UNICEF Estimates of National Immunization Coverage,2023575.0,1048991,51.8
COUNTRIES,DEU,Germany,2011,POL3,Polio - 3rd dose,ADMIN,Administrative coverage (doses given / target population),2705608.0,975324,36.0
COUNTRIES,DEU,Germany,2011,POL3,Polio - 3rd dose,OFFICIAL,Official country-reported coverage estimate,1041734.0,288246,27.7
COUNTRIES,DEU,Germany,2011,POL3,Polio - 3rd dose,WUENIC,WHO/UNICEF Estimates of National Immunization Coverage,3548853.0,1435778,40.5
COUNTRIES,DEU,Germany,2011,HEPB3,Hepatitis B - 3rd dose,ADMIN,Administrative coverage (doses given / target population),3585480.0,1444345,40.3
COUNTRIES,DEU,Germany,2011,HEPB3,Hepatitis B - 3rd dose,OFFICIAL,Official country-reported coverage estimate,3955813.0,1977475,50.0
COUNTRIES,DEU,Germany,2011,HEPB3,Hepatitis B - 3rd dose,WUENIC,WHO/UNICEF Estimates of National Immunization Coverage,2805815.0,1229232,43.8
COUNTRIES,DEU,Germany,2011,PCV3,Pneumococcal conjugate vaccine - 3rd dose,ADMIN,Administrative coverage (doses given / target population),4929973.0,2027173,41.1
COUNTRIES,DEU,Germany,2011,PCV3,Pneumococcal conjugate vaccine - 3rd dose,OFFICIAL,Official country-reported coverage estimate,958275.0,414209,43.2
COUNTRIES,DEU,Germany,2011,PCV3,Pneumococcal conjugate vaccine - 3rd dose,WUENIC,WHO/UNICEF Estimates of National Immunization Coverage,3642463.0,1399923,38.4
COUNTRIES,DEU,Germany,2012,BCG,Bacille Calmette-Guerin (Tuberculosis),ADMIN,Administrative coverage (doses given / target population),1768308.0,726688,41.1
COUNTRIES,DEU,Germany,2012,BCG,Bacille Calmette-Guerin (Tuberculosis),OFFICIAL,Official country-reported coverage estimate,2447362.0,1181363,48.3
COUNTRIES,DEU,Germany,2012,BCG,Bacille Calmette-Guerin (Tuberculosis),WUENIC,WHO/UNICEF Estimates of National Immunization Coverage,3278433.0,1446205,44.1
COUNTRIES,DEU,Germany,2012,DTP1,Diphtheria/Tetanus/Pertussis - 1st dose,ADMIN,Administrative coverage (doses given / target population),565466.0,221385,39.2
COUNTRIES,DEU,Germany,2012,DTP1,Diphtheria/Tetanus/Pertussis - 1st dose,OFFICIAL,Official country-reported coverage estimate,4741353.0,2231032,47.1
COUNTRIES,DEU,Germany,2012,DTP1,Diphtheria/Tetanus/Pertussis - 1st dose,WUENIC,WHO/UNICEF Estimates of National Immunization Coverage,2491562.0,826086,33.2
COUNTRIES,DEU,Germany,2012,DTP3,Diphtheria/Tetanus/Pertussis - 3rd dose,ADMIN,Administrative coverage (doses given / target population),4973076.0,2419367,48.6
COUNTRIES,DEU,Germany,2012,DTP3,Diphtheria/Tetanus/Pertussis - 3rd dose,OFFICIAL,Official country-reported coverage estimate,2784174.0,1290763,46.4
COUNTRIES,DEU,Germany,2012,DTP3,Diphtheria/Tetanus/Pertussis - 3rd dose,WUENIC,WHO/UNICEF Estimates of National Immunization Coverage,4959876.0,2337722,47.1
COUNTRIES,DEU,Germany,2012,MCV1,Measles-containing vaccine - 1st dose,ADMIN,Administrative coverage (doses given / target population),2619746.0,1172825,
COUNTRIES,DEU,Germany,2012,MCV1,Measles-containing vaccine - 1st dose,OFFICIAL,Official country-reported coverage estimate,3379216.0,1853348,54.8
COUNTRIES,DEU,Germany,2012,MCV1,Measles-containing vaccine - 1st dose,WUENIC,WHO/UNICEF Estimates of National Immunization Coverage,916274.0,381472,41.6
COUNTRIES,DEU,Germany,2012,MCV2,Measles-containing vaccine - 2nd dose (booster),ADMIN,Administrative coverage (doses given / target population),399461.0,116767,29.2
COUNTRIES,DEU,Germany,2012,MCV2,Measles-containing vaccine - 2nd dose (booster),OFFICIAL,Official country-reported coverage estimate,4040845.0,2077069,51.4
COUNTRIES,DEU,Germany,2012,MCV2,Measles-containing vaccine - 2nd dose (booster),WUENIC,WHO/UNICEF Estimates of National Immunization Coverage,192112.0,84379,43.9
COUNTRIES,DEU,Germany,2012,POL3,Polio - 3rd dose,ADMIN,Administrative coverage (doses given / target population),3743597.0,1763072,47.1
COUNTRIES,DEU,Germany,2012,POL3,Polio - 3rd dose,OFFICIAL,Official country-reported coverage estimate,3418973.0,1363703,39.9
COUNTRIES,DEU,Germany,2012,POL3,Polio - 3rd dose,WUENIC,WHO/UNICEF Estimates of National Immunization Coverage,355038.0,166959,47.0
COUNTRIES,DEU,Germany,2012,HEPB3,Hepatitis B - 3rd dose,ADMIN,Administrative coverage (doses given / target population),3823514.0,1532866,40.1
COUNTRIES,DEU,Germany,2012,HEPB3,Hepatitis B - 3rd dose,OFFICIAL,Official country-reported coverage estimate,3511390.0,1773417,50.5
COUNTRIES,DEU,Germany,2012,HEPB3,Hepatitis B - 3rd dose,WUENIC,WHO/UNICEF Estimates of National Immunization Coverage,1339971.0,529352,39.5
COUNTRIES,DEU,Germany,2012,PCV3,Pneumococcal conjugate vaccine - 3rd dose,ADMIN,Administrative coverage (doses given / target population),611750.0,240672,39.3
COUNTRIES,DEU,Germany,2012,PCV3,Pneumococcal conjugate vaccine - 3rd dose,OFFICIAL,Official country-reported coverage estimate,458872.0,220895,48.1
COUNTRIES,DEU,Germany,2012,PCV3,Pneumococcal conjugate vaccine - 3rd dose,WUENIC,WHO/UNICEF Estimates of National Immunization Coverage,3410979.0,1287410,37.7
COUNTRIES,DEU,Germany,2013,BCG,Bacille Calmette-Guerin (Tuberculosis),ADMIN,Administrative coverage (doses given / target population),1315981.0,639884,48.6
COUNTRIES,DEU,Germany,2013,BCG,Bacille Calmette-Guerin (Tuberculosis),OFFICIAL,Official country-reported coverage estimate,3438408.0,1499612,43.6
COUNTRIES,DEU,Germany,2013,BCG,Bacille Calmette-Guerin (Tuberculosis),WUENIC,WHO/UNICEF Estimates of National Immunization Coverage,3747589.0,1585874,42.3
COUNTRIES,DEU,Germany,2013,DTP1,Diphtheria/Tetanus/Pertussis - 1st dose,ADMIN,Administrative coverage (doses given / target population),1705591.0,731014,42.9
COUNTRIES,DEU,Germany,2013,DTP1,Diphtheria/Tetanus/Pertussis - 1st dose,OFFICIAL,Official country-reported coverage estimate,2853103.0,1433573,50.2
COUNTRIES,DEU,Germany,2013,DTP1,Diphtheria/Tetanus/Pertussis - 1st dose,WUENIC,WHO/UNICEF Estimates of National Immunization Coverage,4370113.0,1728114,39.5
COUNTRIES,DEU,Germany,2013,DTP3,Diphtheria/Tetanus/Pertussis - 3rd dose,ADMIN,Administrative coverage (doses given / target population),4819585.0,2106888,43.7
COUNTRIES,DEU,Germany,2013,DTP3,Diphtheria/Tetanus/Pertussis - 3rd dose,OFFICIAL,Official country-reported coverage estimate,2805464.0,1061204,37.8
COUNTRIES,DEU,Germany,2013,DTP3,Diphtheria/Tetanus/Pertussis - 3rd dose,WUENIC,WHO/UNICEF Estimates of National Immunization Coverage,3466058.0,1817610,52.4
COUNTRIES,DEU,Germany,2013,MCV1,Measles-containing vaccine - 1st dose,ADMIN,Administrative coverage (doses given / target population),212148.0,96215,45.4
COUNTRIES,DEU,Germany,2013,MCV1,Measles-containing vaccine - 1st dose,OFFICIAL,Official country-reported coverage estimate,3551086.0,1632612,46.0
COUNTRIES,DEU,Germany,2013,MCV1,Measles-containing vaccine - 1st dose,WUENIC,WHO/UNICEF Estimates of National Immunization Coverage,382455.0,165474,43.3
COUNTRIES,DEU,Germany,2013,MCV2,Measles-containing vaccine - 2nd dose (booster),ADMIN,Administrative coverage (doses given / target population),4044153.0,1733986,42.9
COUNTRIES,DEU,Germany,2013,MCV2,Measles-containing vaccine - 2nd dose (booster),OFFICIAL,Official country-reported coverage estimate,4347366.0,1993432,45.9
COUNTRIES,DEU,Germany,2013,MCV2,Measles-containing vaccine - 2nd dose (booster),WUENIC,WHO/UNICEF Estimates of National Immunization Coverage,3195074.0,1682628,52.7
COUNTRIES,DEU,Germany,2013,POL3,Polio - 3rd dose,ADMIN,Administrative coverage (doses given / target population),3925913.0,1299352,33.1
COUNTRIES,DEU,Germany,2013,POL3,Polio - 3rd dose,OFFICIAL,Official country-reported coverage estimate,2333396.0,1309259,56.1
COUNTRIES,DEU,Germany,2013,POL3,Polio - 3rd dose,WUENIC,WHO/UNICEF Estimates of National Immunization Coverage,2568526.0,1115917,43.4
COUNTRIES,DEU,Germany,2013,HEPB3,Hepatitis B - 3rd dose,ADMIN,Administrative coverage (doses given / target population),2315067.0,966946,41.8
COUNTRIES,DEU,Germany,2013,HEPB3,Hepatitis B - 3rd dose,OFFICIAL,Official country-reported coverage estimate,4279724.0,2262696,52.9
COUNTRIES,DEU,Germany,2013,HEPB3,Hepatitis B - 3rd dose,WUENIC,WHO/UNICEF Estimates of National Immunization Coverage,3034080.0,1186625,39.1
COUNTRIES,DEU,Germany,2013,PCV3,Pneumococcal conjugate vaccine - 3rd dose,ADMIN,Administrative coverage (doses given / target population),4010989.0,1605662,40.0
COUNTRIES,DEU,Germany,2013,PCV3,Pneumococcal conjugate vaccine - 3rd dose,OFFICIAL,Official country-reported coverage estimate,807085.0,373762,46.3
COUNTRIES,DEU,Germany,2013,PCV3,Pneumococcal conjugate vaccine - 3rd dose,WUENIC,WHO/UNICEF Estimates of National Immunization Coverage,974436.0,508384,52.2
COUNTRIES,DEU,Germany,2014,BCG,Bacille Calmette-Guerin (Tuberculosis),ADMIN,Administrative coverage (doses given / target population),3395761.0,1605485,47.3
COUNTRIES,DEU,Germany,2014,BCG,Bacille Calmette-Guerin (Tuberculosis),OFFICIAL,Official country-reported coverage estimate,399721.0,146110,36.6
COUNTRIES,DEU,Germany,2014,BCG,Bacille Calmette-Guerin (Tuberculosis),WUENIC,WHO/UNICEF Estimates of National Immunization Coverage,2535590.0,1210555,47.7
COUNTRIES,DEU,Germany,2014,DTP1,Diphtheria/Tetanus/Pertussis - 1st dose,ADMIN,Administrative coverage (doses given / target population),4783127.0,1744416,36.5
COUNTRIES,DEU,Germany,2014,DTP1,Diphtheria/Tetanus/Pertussis - 1st dose,OFFICIAL,Official country-reported coverage estimate,3657840.0,1696065,46.4
COUNTRIES,DEU,Germany,2014,DTP1,Diphtheria/Tetanus/Pertussis - 1st dose,WUENIC,WHO/UNICEF Estimates of National Immunization Coverage,4444021.0,1676172,37.7
COUNTRIES,DEU,Germany,2014,DTP3,Diphtheria/Tetanus/Pertussis - 3rd dose,ADMIN,Administrative coverage (doses given / target population),,2043948,
COUNTRIES,DEU,Germany,2014,DTP3,Diphtheria/Tetanus/Pertussis - 3rd dose,OFFICIAL,Official country-reported coverage estimate,3445043.0,1638632,47.6
COUNTRIES,DEU,Germany,2014,DTP3,Diphtheria/Tetanus/Pertussis - 3rd dose,WUENIC,WHO/UNICEF Estimates of National Immunization Coverage,2513651.0,1211211,48.2
COUNTRIES,DEU,Germany,2014,MCV1,Measles-containing vaccine - 1st dose,ADMIN,Administrative coverage (doses given / target population),4086738.0,1838418,45.0
COUNTRIES,DEU,Germany,2014,MCV1,Measles-containing vaccine - 1st dose,OFFICIAL,Official country-reported coverage estimate,2559982.0,1004710,39.2
COUNTRIES,DEU,Germany,2014,MCV1,Measles-containing vaccine - 1st dose,WUENIC,WHO/UNICEF Estimates of National Immunization Coverage,4991366.0,1999834,40.1
COUNTRIES,DEU,Germany,2014,MCV2,Measles-containing vaccine - 2nd dose (booster),ADMIN,Administrative coverage (doses given / target population),3522555.0,1461077,41.5
COUNTRIES,DEU,Germany,2014,MCV2,Measles-containing vaccine - 2nd dose (booster),OFFICIAL,Official country-reported coverage estimate,4319267.0,2030170,47.0
COUNTRIES,DEU,Germany,2014,MCV2,Measles-containing vaccine - 2nd dose (booster),WUENIC,WHO/UNICEF Estimates of National Immunization Coverage,2565612.0,819549,31.9
COUNTRIES,DEU,Germany,2014,POL3,Polio - 3rd dose,ADMIN,Administrative coverage (doses given / target population),2053504.0,817889,39.8
COUNTRIES,DEU,Germany,2014,POL3,Polio - 3rd dose,OFFICIAL,Official country-reported coverage estimate,2958163.0,1331715,
COUNTRIES,DEU,Germany,2014,POL3,Polio - 3rd dose,WUENIC,WHO/UNICEF Estimates of National Immunization Coverage,3515050.0,1266858,36.0
COUNTRIES,DEU,Germany,2014,HEPB3,Hepatitis B - 3rd dose,ADMIN,Administrative coverage (doses given / target population),684956.0,303910,44.4
COUNTRIES,DEU,Germany,2014,HEPB3,Hepatitis B - 3rd dose,OFFICIAL,Official country-reported coverage estimate,3096807.0,1450824,46.8
COUNTRIES,DEU,Germany,2014,HEPB3,Hepatitis B - 3rd dose,WUENIC,WHO/UNICEF Estimates of National Immunization Coverage,4671853.0,1977944,42.3
COUNTRIES,DEU,Germany,2014,PCV3,Pneumococcal conjugate vaccine - 3rd dose,ADMIN,Administrative coverage (doses given / target population),823556.0,330885,40.2
COUNTRIES,DEU,Germany,2014,PCV3,Pneumococcal conjugate vaccine - 3rd dose,OFFICIAL,Official country-reported coverage estimate,2914984.0,1473882,50.6
COUNTRIES,DEU,Germany,2014,PCV3,Pneumococcal conjugate vaccine - 3rd dose,WUENIC,WHO/UNICEF Estimates of National Immunization Coverage,4971679.0,2459721,49.5
COUNTRIES,DEU,Germany,2015,BCG,Bacille Calmette-Guerin (Tuberculosis),ADMIN,Administrative coverage (doses given / target population),1332881.0,518799,38.9
COUNTRIES,DEU,Germany,2015,BCG,Bacille Calmette-Guerin (Tuberculosis),OFFICIAL,Official country-reported coverage estimate,373122.0,196292,52.6
COUNTRIES,DEU,Germany,2015,BCG,Bacille Calmette-Guerin (Tuberculosis),WUENIC,WHO/UNICEF Estimates of National Immunization Coverage,2613539.0,1219026,46.6
COUNTRIES,DEU,Germany,2015,DTP1,Diphtheria/Tetanus/Pertussis - 1st dose,ADMIN,Administrative coverage (doses given / target population),4057417.0,1424425,35.1
COUNTRIES,DEU,Germany,2015,DTP1,Diphtheria/Tetanus/Pertussis - 1st dose,OFFICIAL,Official country-reported coverage estimate,913858.0,428167,46.9
COUNTRIES,DEU,Germany,2015,DTP1,Diphtheria/Tetanus/Pertussis - 1st dose,WUENIC,WHO/UNICEF Estimates of National Immunization Coverage,2966974.0,1189413,40.1
COUNTRIES,DEU,Germany,2015,DTP3,Diphtheria/Tetanus/Pertussis - 3rd dose,ADMIN,Administrative coverage (doses given / target population),4109034.0,1980007,48.2
COUNTRIES,DEU,Germany,2015,DTP3,Diphtheria/Tetanus/Pertussis - 3rd dose,OFFICIAL,Official country-reported coverage estimate,2385339.0,1375470,57.7
COUNTRIES,DEU,Germany,2015,DTP3,Diphtheria/Tetanus/Pertussis - 3rd dose,WUENIC,WHO/UNICEF Estimates of National Immunization Coverage,1623172.0,704442,43.4
COUNTRIES,DEU,Germany,2015,MCV1,Measles-containing vaccine - 1st dose,ADMIN,Administrative coverage (doses given / target population),1783974.0,802719,45.0
COUNTRIES,DEU,Germany,2015,MCV1,Measles-containing vaccine - 1st dose,OFFICIAL,Official country-reported coverage estimate,1985751.0,1026152,51.7
COUNTRIES,DEU,Germany,2015,MCV1,Measles-containing vaccine - 1st dose,WUENIC,WHO/UNICEF Estimates of National Immunization Coverage,,1196358,
COUNTRIES,DEU,Germany,2015,MCV2,Measles-containing vaccine - 2nd dose (booster),ADMIN,Administrative coverage (doses given / target population),120682.0,56414,46.7
COUNTRIES,DEU,Germany,2015,MCV2,Measles-containing vaccine - 2nd dose (booster),OFFICIAL,Official country-reported coverage estimate,3155858.0,1523215,48.3
COUNTRIES,DEU,Germany,2015,MCV2,Measles-containing vaccine - 2nd dose (booster),WUENIC,WHO/UNICEF Estimates of National Immunization Coverage,1201969.0,531541,44.2
COUNTRIES,DEU,Germany,2015,POL3,Polio - 3rd dose,ADMIN,Administrative coverage (doses given / target population),1330019.0,707863,53.2
COUNTRIES,DEU,Germany,2015,POL3,Polio - 3rd dose,OFFICIAL,Official country-reported coverage estimate,2246577.0,1074032,47.8
COUNTRIES,DEU,Germany,2015,POL3,Polio - 3rd dose,WUENIC,WHO/UNICEF Estimates of National Immunization Coverage,4677047.0,2584428,55.3
COUNTRIES,DEU,Germany,2015,HEPB3,Hepatitis B - 3rd dose,ADMIN,Administrative coverage (doses given / target population),3788457.0,2071561,
COUNTRIES,DEU,Germany,2015,HEPB3,Hepatitis B - 3rd dose,OFFICIAL,Official country-reported coverage estimate,2014925.0,971156,48.2
COUNTRIES,DEU,Germany,2015,HEPB3,Hepatitis B - 3rd dose,WUENIC,WHO/UNICEF Estimates of National Immunization Coverage,254656.0,96229,37.8
COUNTRIES,DEU,Germany,2015,PCV3,Pneumococcal conjugate vaccine - 3rd dose,ADMIN,Administrative coverage (doses given / target population),3111774.0,1269820,40.8
COUNTRIES,DEU,Germany,2015,PCV3,Pneumococcal conjugate vaccine - 3rd dose,OFFICIAL,Official country-reported coverage estimate,4457793.0,2109715,47.3
COUNTRIES,DEU,Germany,2015,PCV3,Pneumococcal conjugate vaccine - 3rd dose,WUENIC,WHO/UNICEF Estimates of National Immunization Coverage,2777273.0,1573155,56.6
COUNTRIES,DEU,Germany,2016,BCG,Bacille Calmette-Guerin (Tuberculosis),ADMIN,Administrative coverage (doses given / target population),1916945.0,973281,50.8
COUNTRIES,DEU,Germany,2016,BCG,Bacille Calmette-Guerin (Tuberculosis),OFFICIAL,Official country-reported coverage estimate,4208282.0,2201681,52.3
COUNTRIES,DEU,Germany,2016,BCG,Bacille Calmette-Guerin (Tuberculosis),WUENIC,WHO/UNICEF Estimates of National Immunization Coverage,3252329.0,1287176,39.6
COUNTRIES,DEU,Germany,2016,DTP1,Diphtheria/Tetanus/Pertussis - 1st dose,ADMIN,Administrative coverage (doses given / target population),4701615.0,2528979,
COUNTRIES,DEU,Germany,2016,DTP1,Diphtheria/Tetanus/Pertussis - 1st dose,OFFICIAL,Official country-reported coverage estimate,184011.0,90055,48.9
COUNTRIES,DEU,Germany,2016,DTP1,Diphtheria/Tetanus/Pertussis - 1st dose,WUENIC,WHO/UNICEF Estimates of National Immunization Coverage,4209242.0,1960207,46.6
COUNTRIES,DEU,Germany,2016,DTP3,Diphtheria/Tetanus/Pertussis - 3rd dose,ADMIN,Administrative coverage (doses given / target population),4776617.0,2143298,44.9
COUNTRIES,DEU,Germany,2016,DTP3,Diphtheria/Tetanus/Pertussis - 3rd dose,OFFICIAL,Official country-reported coverage estimate,173491.0,85336,49.2
COUNTRIES,DEU,Germany,2016,DTP3,Diphtheria/Tetanus/Pertussis - 3rd dose,WUENIC,WHO/UNICEF Estimates of National Immunization Coverage,4480075.0,1803315,40.3
COUNTRIES,DEU,Germany,2016,MCV1,Measles-containing vaccine - 1st dose,ADMIN,Administrative coverage (doses given / target population),680762.0,265847,39.1
COUNTRIES,DEU,Germany,2016,MCV1,Measles-containing vaccine - 1st dose,OFFICIAL,Official country-reported coverage estimate,1749858.0,816760,
COUNTRIES,DEU,Germany,2016,MCV1,Measles-containing vaccine - 1st dose,WUENIC,WHO/UNICEF Estimates of National Immunization Coverage,4750695.0,2146426,45.2
COUNTRIES,DEU,Germany,2016,MCV2,Measles-containing vaccine - 2nd dose (booster),ADMIN,Administrative coverage (doses given / target population),3653091.0,1766193,48.3
COUNTRIES,DEU,Germany,2016,MCV2,Measles-containing vaccine - 2nd dose (booster),OFFICIAL,Official country-reported coverage estimate,2621950.0,1090183,41.6
COUNTRIES,DEU,Germany,2016,MCV2,Measles-containing vaccine - 2nd dose (booster),WUENIC,WHO/UNICEF Estimates of National Immunization Coverage,4999071.0,2186432,43.7
COUNTRIES,DEU,Germany,2016,POL3,Polio - 3rd dose,ADMIN,Administrative coverage (doses given / target population),388322.0,165978,42.7
COUNTRIES,DEU,Germany,2016,POL3,Polio - 3rd dose,OFFICIAL,Official country-reported coverage estimate,2488352.0,854101,34.3
COUNTRIES,DEU,Germany,2016,POL3,Polio - 3rd dose,WUENIC,WHO/UNICEF Estimates of National Immunization Coverage,4467783.0,1813912,40.6
COUNTRIES,DEU,Germany,2016,HEPB3,Hepatitis B - 3rd dose,ADMIN,Administrative coverage (doses given / target population),2604889.0,909588,34.9
COUNTRIES,DEU,Germany,2016,HEPB3,Hepatitis B - 3rd dose,OFFICIAL,Official country-reported coverage estimate,,834721,52.0
COUNTRIES,DEU,Germany,2016,HEPB3,Hepatitis B - 3rd dose,WUENIC,WHO/UNICEF Estimates of National Immunization Coverage,3565906.0,1537843,43.1
COUNTRIES,DEU,Germany,2016,PCV3,Pneumococcal conjugate vaccine - 3rd dose,ADMIN,Administrative coverage (doses given / target population),1251755.0,589500,47.1
COUNTRIES,DEU,Germany,2016,PCV3,Pneumococcal conjugate vaccine - 3rd dose,OFFICIAL,Official country-reported coverage estimate,4464446.0,1899278,42.5
COUNTRIES,DEU,Germany,2016,PCV3,Pneumococcal conjugate vaccine - 3rd dose,WUENIC,WHO/UNICEF Estimates of National Immunization Coverage,4895102.0,2474459,50.5
COUNTRIES,DEU,Germany,2017,BCG,Bacille Calmette-Guerin (Tuberculosis),ADMIN,Administrative coverage (doses given / target population),3913600.0,1678051,42.9
COUNTRIES,DEU,Germany,2017,BCG,Bacille Calmette-Guerin (Tuberculosis),OFFICIAL,Official country-reported coverage estimate,2964415.0,1213839,40.9
COUNTRIES,DEU,Germany,2017,BCG,Bacille Calmette-Guerin (Tuberculosis),WUENIC,WHO/UNICEF Estimates of National Immunization Coverage,228905.0,120612,52.7
COUNTRIES,DEU,Germany,2017,DTP1,Diphtheria/Tetanus/Pertussis - 1st dose,ADMIN,Administrative coverage (doses given / target population),1455828.0,649857,44.6
COUNTRIES,DEU,Germany,2017,DTP1,Diphtheria/Tetanus/Pertussis - 1st dose,OFFICIAL,Official country-reported coverage estimate,464523.0,182310,39.2
COUNTRIES,DEU,Germany,2017,DTP1,Diphtheria/Tetanus/Pertussis - 1st dose,WUENIC,WHO/UNICEF Estimates of National Immunization Coverage,869883.0,418506,48.1
COUNTRIES,DEU,Germany,2017,DTP3,Diphtheria/Tetanus/Pertussis - 3rd dose,ADMIN,Administrative coverage (doses given / target population),2157389.0,1037820,48.1
COUNTRIES,DEU,Germany,2017,DTP3,Diphtheria/Tetanus/Pertussis - 3rd dose,OFFICIAL,Official country-reported coverage estimate,3631794.0,1576985,43.4
COUNTRIES,DEU,Germany,2017,DTP3,Diphtheria/Tetanus/Pertussis - 3rd dose,WUENIC,WHO/UNICEF Estimates of National Immunization Coverage,1170371.0,518545,44.3
COUNTRIES,DEU,Germany,2017,MCV1,Measles-containing vaccine - 1st dose,ADMIN,Administrative coverage (doses given / target population),179736.0,78137,43.5
COUNTRIES,DEU,Germany,2017,MCV1,Measles-containing vaccine - 1st dose,OFFICIAL,Official country-reported coverage estimate,1530884.0,829643,54.2
COUNTRIES,DEU,Germany,2017,MCV1,Measles-containing vaccine - 1st dose,WUENIC,WHO/UNICEF Estimates of National Immunization Coverage,1164128.0,355149,30.5
COUNTRIES,DEU,Germany,2017,MCV2,Measles-containing vaccine - 2nd dose (booster),ADMIN,Administrative coverage (doses given / target population),2580573.0,1108629,43.0
COUNTRIES,DEU,Germany,2017,MCV2,Measles-containing vaccine - 2nd dose (booster),OFFICIAL,Official country-reported coverage estimate,4580622.0,1982539,43.3
COUNTRIES,DEU,Germany,2017,MCV2,Measles-containing vaccine - 2nd dose (booster),WUENIC,WHO/UNICEF Estimates of National Immunization Coverage,4129258.0,1711918,41.5
COUNTRIES,DEU,Germany,2017,POL3,Polio - 3rd dose,ADMIN,Administrative coverage (doses given / target population),3614695.0,1505977,41.7
COUNTRIES,DEU,Germany,2017,POL3,Polio - 3rd dose,OFFICIAL,Official country-reported coverage estimate,654330.0,315558,48.2
COUNTRIES,DEU,Germany,2017,POL3,Polio - 3rd dose,WUENIC,WHO/UNICEF Estimates of National Immunization Coverage,3813464.0,1643294,43.1
COUNTRIES,DEU,Germany,2017,HEPB3,Hepatitis B - 3rd dose,ADMIN,Administrative coverage (doses given / target population),,118602,40.5
COUNTRIES,DEU,Germany,2017,HEPB3,Hepatitis B - 3rd dose,OFFICIAL,Official country-reported coverage estimate,1828728.0,977108,53.4
COUNTRIES,DEU,Germany,2017,HEPB3,Hepatitis B - 3rd dose,WUENIC,WHO/UNICEF Estimates of National Immunization Coverage,2236930.0,1083782,48.4
COUNTRIES,DEU,Germany,2017,PCV3,Pneumococcal conjugate vaccine - 3rd dose,ADMIN,Administrative coverage (doses given / target population),3794753.0,1676313,44.2
COUNTRIES,DEU,Germany,2017,PCV3,Pneumococcal conjugate vaccine - 3rd dose,OFFICIAL,Official country-reported coverage estimate,3418035.0,1907552,55.8
COUNTRIES,DEU,Germany,2017,PCV3,Pneumococcal conjugate vaccine - 3rd dose,WUENIC,WHO/UNICEF Estimates of National Immunization Coverage,4000138.0,1784617,44.6
COUNTRIES,DEU,Germany,2018,BCG,Bacille Calmette-Guerin (Tuberculosis),ADMIN,Administrative coverage (doses given / target population),3005537.0,1584516,52.7
COUNTRIES,DEU,Germany,2018,BCG,Bacille Calmette-Guerin (Tuberculosis),OFFICIAL,Official country-reported coverage estimate,1402009.0,586164,41.8
COUNTRIES,DEU,Germany,2018,BCG,Bacille Calmette-Guerin (Tuberculosis),WUENIC,WHO/UNICEF Estimates of National Immunization Coverage,2775138.0,1282239,46.2
COUNTRIES,DEU,Germany,2018,DTP1,Diphtheria/Tetanus/Pertussis - 1st dose,ADMIN,Administrative coverage (doses given / target population),4600149.0,2122723,46.1
COUNTRIES,DEU,Germany,2018,DTP1,Diphtheria/Tetanus/Pertussis - 1st dose,OFFICIAL,Official country-reported coverage estimate,,2226553,58.7
COUNTRIES,DEU,Germany,2018,DTP1,Diphtheria/Tetanus/Pertussis - 1st dose,WUENIC,WHO/UNICEF Estimates of National Immunization Coverage,858974.0,413686,48.2
COUNTRIES,DEU,Germany,2018,DTP3,Diphtheria/Tetanus/Pertussis - 3rd dose,ADMIN,Administrative coverage (doses given / target population),3584908.0,1724370,48.1
COUNTRIES,DEU,Germany,2018,DTP3,Diphtheria/Tetanus/Pertussis - 3rd dose,OFFICIAL,Official country-reported coverage estimate,3725321.0,1727443,46.4
COUNTRIES,DEU,Germany,2018,DTP3,Diphtheria/Tetanus/Pertussis - 3rd dose,WUENIC,WHO/UNICEF Estimates of National Immunization Coverage,4710812.0,2278440,48.4
COUNTRIES,DEU,Germany,2018,MCV1,Measles-containing vaccine - 1st dose,ADMIN,Administrative coverage (doses given / target population),3887404.0,1851132,47.6
COUNTRIES,DEU,Germany,2018,MCV1,Measles-containing vaccine - 1st dose,OFFICIAL,Official country-reported coverage estimate,1485178.0,680618,45.8
COUNTRIES,DEU,Germany,2018,MCV1,Measles-containing vaccine - 1st dose,WUENIC,WHO/UNICEF Estimates of National Immunization Coverage,61064.0,30422,49.8
COUNTRIES,DEU,Germany,2018,MCV2,Measles-containing vaccine - 2nd dose (booster),ADMIN,Administrative coverage (doses given / target population),3236593.0,1309426,40.5
COUNTRIES,DEU,Germany,2018,MCV2,Measles-containing vaccine - 2nd dose (booster),OFFICIAL,Official country-reported coverage estimate,942541.0,605919,64.3
COUNTRIES,DEU,Germany,2018,MCV2,Measles-containing vaccine - 2nd dose (booster),WUENIC,WHO/UNICEF Estimates of National Immunization Coverage,1803430.0,842993,46.7
COUNTRIES,DEU,Germany,2018,POL3,Polio - 3rd dose,ADMIN,Administrative coverage (doses given / target population),2981425.0,1108168,37.2
COUNTRIES,DEU,Germany,2018,POL3,Polio - 3rd dose,OFFICIAL,Official country-reported coverage estimate,2866194.0,1162060,40.5
COUNTRIES,DEU,Germany,2018,POL3,Polio - 3rd dose,WUENIC,WHO/UNICEF Estimates of National Immunization Coverage,733618.0,319037,43.5
COUNTRIES,DEU,Germany,2018,HEPB3,Hepatitis B - 3rd dose,ADMIN,Administrative coverage (doses given / target population),4809953.0,2355679,49.0
COUNTRIES,DEU,Germany,2018,HEPB3,Hepatitis B - 3rd dose,OFFICIAL,Official country-reported coverage estimate,1575228.0,780580,49.6
COUNTRIES,DEU,Germany,2018,HEPB3,Hepatitis B - 3rd dose,WUENIC,WHO/UNICEF Estimates of National Immunization Coverage,545374.0,311759,57.2
COUNTRIES,DEU,Germany,2018,PCV3,Pneumococcal conjugate vaccine - 3rd dose,ADMIN,Administrative coverage (doses given / target population),1891418.0,737497,39.0
COUNTRIES,DEU,Germany,2018,PCV3,Pneumococcal conjugate vaccine - 3rd dose,OFFICIAL,Official country-reported coverage estimate,4032338.0,2107796,52.3
COUNTRIES,DEU,Germany,2018,PCV3,Pneumococcal conjugate vaccine - 3rd dose,WUENIC,WHO/UNICEF Estimates of National Immunization Coverage,4152250.0,2059808,49.6
COUNTRIES,DEU,Germany,2019,BCG,Bacille Calmette-Guerin (Tuberculosis),ADMIN,Administrative coverage (doses given / target population),1765553.0,837800,47.5
COUNTRIES,DEU,Germany,2019,BCG,Bacille Calmette-Guerin (Tuberculosis),OFFICIAL,Official country-reported coverage estimate,1543837.0,674927,
COUNTRIES,DEU,Germany,2019,BCG,Bacille Calmette-Guerin (Tuberculosis),WUENIC,WHO/UNICEF Estimates of National Immunization Coverage,809035.0,364420,45.0
COUNTRIES,DEU,Germany,2019,DTP1,Diphtheria/Tetanus/Pertussis - 1st dose,ADMIN,Administrative coverage (doses given / target population),4395673.0,1508216,34.3
COUNTRIES,DEU,Germany,2019,DTP1,Diphtheria/Tetanus/Pertussis - 1st dose,OFFICIAL,Official country-reported coverage estimate,4527858.0,2085368,46.1
COUNTRIES,DEU,Germany,2019,DTP1,Diphtheria/Tetanus/Pertussis - 1st dose,WUENIC,WHO/UNICEF Estimates of National Immunization Coverage,2317389.0,1011175,43.6
COUNTRIES,DEU,Germany,2019,DTP3,Diphtheria/Tetanus/Pertussis - 3rd dose,ADMIN,Administrative coverage (doses given / target population),1459284.0,710580,48.7
COUNTRIES,DEU,Germany,2019,DTP3,Diphtheria/Tetanus/Pertussis - 3rd dose,OFFICIAL,Official country-reported coverage estimate,2795861.0,1151349,41.2
COUNTRIES,DEU,Germany,2019,DTP3,Diphtheria/Tetanus/Pertussis - 3rd dose,WUENIC,WHO/UNICEF Estimates of National Immunization Coverage,2869718.0,1405755,49.0
COUNTRIES,DEU,Germany,2019,MCV1,Measles-containing vaccine - 1st dose,ADMIN,Administrative coverage (doses given / target population),4869637.0,2418147,49.7
COUNTRIES,DEU,Germany,2019,MCV1,Measles-containing vaccine - 1st dose,OFFICIAL,Official country-reported coverage estimate,1681630.0,666860,39.7
COUNTRIES,DEU,Germany,2019,MCV1,Measles-containing vaccine - 1st dose,WUENIC,WHO/UNICEF Estimates of National Immunization Coverage,2663500.0,1253886,47.1
COUNTRIES,DEU,Germany,2019,MCV2,Measles-containing vaccine - 2nd dose (booster),ADMIN,Administrative coverage (doses given / target population),3376291.0,1363334,40.4
COUNTRIES,DEU,Germany,2019,MCV2,Measles-containing vaccine - 2nd dose (booster),OFFICIAL,Official country-reported coverage estimate,2941113.0,1236410,42.0
COUNTRIES,DEU,Germany,2019,MCV2,Measles-containing vaccine - 2nd dose (booster),WUENIC,WHO/UNICEF Estimates of National Immunization Coverage,3663867.0,1625561,44.4
COUNTRIES,DEU,Germany,2019,POL3,Polio - 3rd dose,ADMIN,Administrative coverage (doses given / target population),2133512.0,935669,43.9
COUNTRIES,DEU,Germany,2019,POL3,Polio - 3rd dose,OFFICIAL,Official country-reported coverage estimate,1093721.0,532180,48.7
COUNTRIES,DEU,Germany,2019,POL3,Polio - 3rd dose,WUENIC,WHO/UNICEF Estimates of National Immunization Coverage,4848301.0,2355159,
COUNTRIES,DEU,Germany,2019,HEPB3,Hepatitis B - 3rd dose,ADMIN,Administrative coverage (doses given / target population),2988708.0,1284092,43.0
COUNTRIES,DEU,Germany,2019,HEPB3,Hepatitis B - 3rd dose,OFFICIAL,Official country-reported coverage estimate,869380.0,290586,33.4
COUNTRIES,DEU,Germany,2019,HEPB3,Hepatitis B - 3rd dose,WUENIC,WHO/UNICEF Estimates of National Immunization Coverage,4483041.0,2207131,49.2
COUNTRIES,DEU,Germany,2019,PCV3,Pneumococcal conjugate vaccine - 3rd dose,ADMIN,Administrative coverage (doses given / target population),1215602.0,552710,45.5
COUNTRIES,DEU,Germany,2019,PCV3,Pneumococcal conjugate vaccine - 3rd dose,OFFICIAL,Official country-reported coverage estimate,144925.0,73853,51.0
COUNTRIES,DEU,Germany,2019,PCV3,Pneumococcal conjugate vaccine - 3rd dose,WUENIC,WHO/UNICEF Estimates of National Immunization Coverage,3257104.0,1212124,37.2
COUNTRIES,DEU,Germany,2020,BCG,Bacille Calmette-Guerin (Tuberculosis),ADMIN,Administrative coverage (doses given / target population),604645.0,242615,40.1
COUNTRIES,DEU,Germany,2020,BCG,Bacille Calmette-Guerin (Tuberculosis),OFFICIAL,Official country-reported coverage estimate,3290121.0,1894191,57.6
COUNTRIES,DEU,Germany,2020,BCG,Bacille Calmette-Guerin (Tuberculosis),WUENIC,WHO/UNICEF Estimates of National Immunization Coverage,3250180.0,1096184,33.7
COUNTRIES,DEU,Germany,2020,DTP1,Diphtheria/Tetanus/Pertussis - 1st dose,ADMIN,Administrative coverage (doses given / target population),4151059.0,1571610,37.9
COUNTRIES,DEU,Germany,2020,DTP1,Diphtheria/Tetanus/Pertussis - 1st dose,OFFICIAL,Official country-reported coverage estimate,4426771.0,1952578,44.1
COUNTRIES,DEU,Germany,2020,DTP1,Diphtheria/Tetanus/Pertussis - 1st dose,WUENIC,WHO/UNICEF Estimates of National Immunization Coverage,3197800.0,1247038,39.0
COUNTRIES,DEU,Germany,2020,DTP3,Diphtheria/Tetanus/Pertussis - 3rd dose,ADMIN,Administrative coverage (doses given / target population),2024273.0,988215,48.8
COUNTRIES,DEU,Germany,2020,DTP3,Diphtheria/Tetanus/Pertussis - 3rd dose,OFFICIAL,Official country-reported coverage estimate,4329029.0,2155507,49.8
COUNTRIES,DEU,Germany,2020,DTP3,Diphtheria/Tetanus/Pertussis - 3rd dose,WUENIC,WHO/UNICEF Estimates of National Immunization Coverage,932019.0,477908,51.3
COUNTRIES,DEU,Germany,2020,MCV1,Measles-containing vaccine - 1st dose,ADMIN,Administrative coverage (doses given / target population),604891.0,270147,
COUNTRIES,DEU,Germany,2020,MCV1,Measles-containing vaccine - 1st dose,OFFICIAL,Official country-reported coverage estimate,4989187.0,2524980,50.6
COUNTRIES,DEU,Germany,2020,MCV1,Measles-containing vaccine - 1st dose,WUENIC,WHO/UNICEF Estimates of National Immunization Coverage,2648364.0,984371,37.2
COUNTRIES,DEU,Germany,2020,MCV2,Measles-containing vaccine - 2nd dose (booster),ADMIN,Administrative coverage (doses given / target population),3741716.0,1797422,48.0
COUNTRIES,DEU,Germany,2020,MCV2,Measles-containing vaccine - 2nd dose (booster),OFFICIAL,Official country-reported coverage estimate,580693.0,317225,54.6
COUNTRIES,DEU,Germany,2020,MCV2,Measles-containing vaccine - 2nd dose (booster),WUENIC,WHO/UNICEF Estimates of National Immunization Coverage,4981996.0,2062748,41.4
COUNTRIES,DEU,Germany,2020,POL3,Polio - 3rd dose,ADMIN,Administrative coverage (doses given / target population),2420646.0,967571,40.0
COUNTRIES,DEU,Germany,2020,POL3,Polio - 3rd dose,OFFICIAL,Official country-reported coverage estimate,498298.0,235889,47.3
COUNTRIES,DEU,Germany,2020,POL3,Polio - 3rd dose,WUENIC,WHO/UNICEF Estimates of National Immunization Coverage,3864268.0,1706328,44.2
COUNTRIES,DEU,Germany,2020,HEPB3,Hepatitis B - 3rd dose,ADMIN,Administrative coverage (doses given / target population),3869200.0,1522277,
COUNTRIES,DEU,Germany,2020,HEPB3,Hepatitis B - 3rd dose,OFFICIAL,Official country-reported coverage estimate,3109465.0,1450632,46.7
COUNTRIES,DEU,Germany,2020,HEPB3,Hepatitis B - 3rd dose,WUENIC,WHO/UNICEF Estimates of National Immunization Coverage,2321561.0,994310,42.8
COUNTRIES,DEU,Germany,2020,PCV3,Pneumococcal conjugate vaccine - 3rd dose,ADMIN,Administrative coverage (doses given / target population),2017496.0,1134348,56.2
COUNTRIES,DEU,Germany,2020,PCV3,Pneumococcal conjugate vaccine - 3rd dose,OFFICIAL,Official country-reported coverage estimate,1955125.0,1066780,54.6
COUNTRIES,DEU,Germany,2020,PCV3,Pneumococcal conjugate vaccine - 3rd dose,WUENIC,WHO/UNICEF Estimates of National Immunization Coverage,3793720.0,1659507,43.7
COUNTRIES,DEU,Germany,2021,BCG,Bacille Calmette-Guerin (Tuberculosis),ADMIN,Administrative coverage (doses given / target population),3901441.0,1834074,47.0
COUNTRIES,DEU,Germany,2021,BCG,Bacille Calmette-Guerin (Tuberculosis),OFFICIAL,Official country-reported coverage estimate,2602864.0,967154,37.2
COUNTRIES,DEU,Germany,2021,BCG,Bacille Calmette-Guerin (Tuberculosis),WUENIC,WHO/UNICEF Estimates of National Immunization Coverage,2976388.0,1384976,46.5
COUNTRIES,DEU,Germany,2021,DTP1,Diphtheria/Tetanus/Pertussis - 1st dose,ADMIN,Administrative coverage (doses given / target population),615601.0,319014,51.8
COUNTRIES,DEU,Germany,2021,DTP1,Diphtheria/Tetanus/Pertussis - 1st dose,OFFICIAL,Official country-reported coverage estimate,4330445.0,2007333,46.4
COUNTRIES,DEU,Germany,2021,DTP1,Diphtheria/Tetanus/Pertussis - 1st dose,WUENIC,WHO/UNICEF Estimates of National Immunization Coverage,1527784.0,643837,42.1
COUNTRIES,DEU,Germany,2021,DTP3,Diphtheria/Tetanus/Pertussis - 3rd dose,ADMIN,Administrative coverage (doses given / target population),3681337.0,1811641,49.2
COUNTRIES,DEU,Germany,2021,DTP3,Diphtheria/Tetanus/Pertussis - 3rd dose,OFFICIAL,Official country-reported coverage estimate,469634.0,232681,49.5
COUNTRIES,DEU,Germany,2021,DTP3,Diphtheria/Tetanus/Pertussis - 3rd dose,WUENIC,WHO/UNICEF Estimates of National Immunization Coverage,4639892.0,2518584,54.3
COUNTRIES,DEU,Germany,2021,MCV1,Measles-containing vaccine - 1st dose,ADMIN,Administrative coverage (doses given / target population),4260281.0,2212581,51.9
COUNTRIES,DEU,Germany,2021,MCV1,Measles-containing vaccine - 1st dose,OFFICIAL,Official country-reported coverage estimate,284135.0,122658,43.2
COUNTRIES,DEU,Germany,2021,MCV1,Measles-containing vaccine - 1st dose,WUENIC,WHO/UNICEF Estimates of National Immunization Coverage,3634748.0,1501867,41.3
COUNTRIES,DEU,Germany,2021,MCV2,Measles-containing vaccine - 2nd dose (booster),ADMIN,Administrative coverage (doses given / target population),4969837.0,2403758,48.4
COUNTRIES,DEU,Germany,2021,MCV2,Measles-containing vaccine - 2nd dose (booster),OFFICIAL,Official country-reported coverage estimate,2776256.0,1082739,39.0
COUNTRIES,DEU,Germany,2021,MCV2,Measles-containing vaccine - 2nd dose (booster),WUENIC,WHO/UNICEF Estimates of National Immunization Coverage,3076579.0,1180740,38.4
COUNTRIES,DEU,Germany,2021,POL3,Polio - 3rd dose,ADMIN,Administrative coverage (doses given / target population),3287167.0,1545760,47.0
COUNTRIES,DEU,Germany,2021,POL3,Polio - 3rd dose,OFFICIAL,Official country-reported coverage estimate,616382.0,311371,50.5
COUNTRIES,DEU,Germany,2021,POL3,Polio - 3rd dose,WUENIC,WHO/UNICEF Estimates of National Immunization Coverage,495772.0,245956,49.6
COUNTRIES,DEU,Germany,2021,HEPB3,Hepatitis B - 3rd dose,ADMIN,Administrative coverage (doses given / target population),545362.0,285934,52.4
COUNTRIES,DEU,Germany,2021,HEPB3,Hepatitis B - 3rd dose,OFFICIAL,Official country-reported coverage estimate,1862223.0,834379,
COUNTRIES,DEU,Germany,2021,HEPB3,Hepatitis B - 3rd dose,WUENIC,WHO/UNICEF Estimates of National Immunization Coverage,2097639.0,817178,39.0
COUNTRIES,DEU,Germany,2021,PCV3,Pneumococcal conjugate vaccine - 3rd dose,ADMIN,Administrative coverage (doses given / target population),4948809.0,2057131,41.6
COUNTRIES,DEU,Germany,2021,PCV3,Pneumococcal conjugate vaccine - 3rd dose,OFFICIAL,Official country-reported coverage estimate,2646486.0,910220,34.4
COUNTRIES,DEU,Germany,2021,PCV3,Pneumococcal conjugate vaccine - 3rd dose,WUENIC,WHO/UNICEF Estimates of National Immunization Coverage,1410641.0,664695,47.1
COUNTRIES,DEU,Germany,2022,BCG,Bacille Calmette-Guerin (Tuberculosis),ADMIN,Administrative coverage (doses given / target population),674856.0,326298,48.4
COUNTRIES,DEU,Germany,2022,BCG,Bacille Calmette-Guerin (Tuberculosis),OFFICIAL,Official country-reported coverage estimate,3642256.0,1503400,41.3
COUNTRIES,DEU,Germany,2022,BCG,Bacille Calmette-Guerin (Tuberculosis),WUENIC,WHO/UNICEF Estimates of National Immunization Coverage,2406976.0,1151954,47.9
COUNTRIES,DEU,Germany,2022,DTP1,Diphtheria/Tetanus/Pertussis - 1st dose,ADMIN,Administrative coverage (doses given / target population),3432219.0,1927027,56.1
COUNTRIES,DEU,Germany,2022,DTP1,Diphtheria/Tetanus/Pertussis - 1st dose,OFFICIAL,Official country-reported coverage estimate,1757735.0,758131,43.1
COUNTRIES,DEU,Germany,2022,DTP1,Diphtheria/Tetanus/Pertussis - 1st dose,WUENIC,WHO/UNICEF Estimates of National Immunization Coverage,1289364.0,596482,46.3
COUNTRIES,DEU,Germany,2022,DTP3,Diphtheria/Tetanus/Pertussis - 3rd dose,ADMIN,Administrative coverage (doses given / target population),,1312216,50.2
COUNTRIES,DEU,Germany,2022,DTP3,Diphtheria/Tetanus/Pertussis - 3rd dose,OFFICIAL,Official country-reported coverage estimate,3634330.0,1863762,51.3
COUNTRIES,DEU,Germany,2022,DTP3,Diphtheria/Tetanus/Pertussis - 3rd dose,WUENIC,WHO/UNICEF Estimates of National Immunization Coverage,3254338.0,1432300,44.0
COUNTRIES,DEU,Germany,2022,MCV1,Measles-containing vaccine - 1st dose,ADMIN,Administrative coverage (doses given / target population),4951220.0,2284308,46.1
COUNTRIES,DEU,Germany,2022,MCV1,Measles-containing vaccine - 1st dose,OFFICIAL,Official country-reported coverage estimate,4386892.0,2150267,49.0
COUNTRIES,DEU,Germany,2022,MCV1,Measles-containing vaccine - 1st dose,WUENIC,WHO/UNICEF Estimates of National Immunization Coverage,4076956.0,2039831,50.0
COUNTRIES,DEU,Germany,2022,MCV2,Measles-containing vaccine - 2nd dose (booster),ADMIN,Administrative coverage (doses given / target population),4912557.0,2665602,54.3
COUNTRIES,DEU,Germany,2022,MCV2,Measles-containing vaccine - 2nd dose (booster),OFFICIAL,Official country-reported coverage estimate,3787380.0,1668006,44.0
COUNTRIES,DEU,Germany,2022,MCV2,Measles-containing vaccine - 2nd dose (booster),WUENIC,WHO/UNICEF Estimates of National Immunization Coverage,4612683.0,2351270,51.0
COUNTRIES,DEU,Germany,2022,POL3,Polio - 3rd dose,ADMIN,Administrative coverage (doses given / target population),2900592.0,1382737,47.7
COUNTRIES,DEU,Germany,2022,POL3,Polio - 3rd dose,OFFICIAL,Official country-reported coverage estimate,4139014.0,2578732,62.3
COUNTRIES,DEU,Germany,2022,POL3,Polio - 3rd dose,WUENIC,WHO/UNICEF Estimates of National Immunization Coverage,855611.0,366552,42.8
COUNTRIES,DEU,Germany,2022,HEPB3,Hepatitis B - 3rd dose,ADMIN,Administrative coverage (doses given / target population),4218028.0,1823948,43.2
COUNTRIES,DEU,Germany,2022,HEPB3,Hepatitis B - 3rd dose,OFFICIAL,Official country-reported coverage estimate,993681.0,580873,58.5
COUNTRIES,DEU,Germany,2022,HEPB3,Hepatitis B - 3rd dose,WUENIC,WHO/UNICEF Estimates of National Immunization Coverage,4176290.0,1823908,43.7
COUNTRIES,DEU,Germany,2022,PCV3,Pneumococcal conjugate vaccine - 3rd dose,ADMIN,Administrative coverage (doses given / target population),2471683.0,1256075,50.8
COUNTRIES,DEU,Germany,2022,PCV3,Pneumococcal conjugate vaccine - 3rd dose,OFFICIAL,Official country-reported coverage estimate,3330390.0,1486795,44.6
COUNTRIES,DEU,Germany,2022,PCV3,Pneumococcal conjugate vaccine - 3rd dose,WUENIC,WHO/UNICEF Estimates of National Immunization Coverage,3963477.0,2072582,52.3
COUNTRIES,DEU,Germany,2023,BCG,Bacille Calmette-Guerin (Tuberculosis),ADMIN,Administrative coverage (doses given / target population),3388990.0,1675423,49.4
COUNTRIES,DEU,Germany,2023,BCG,Bacille Calmette-Guerin (Tuberculosis),OFFICIAL,Official country-reported coverage estimate,3376477.0,1617046,47.9
COUNTRIES,DEU,Germany,2023,BCG,Bacille Calmette-Guerin (Tuberculosis),WUENIC,WHO/UNICEF Estimates of National Immunization Coverage,2155338.0,1067309,49.5
COUNTRIES,DEU,Germany,2023,DTP1,Diphtheria/Tetanus/Pertussis - 1st dose,ADMIN,Administrative coverage (doses given / target population),4568047.0,2215393,48.5
COUNTRIES,DEU,Germany,2023,DTP1,Diphtheria/Tetanus/Pertussis - 1st dose,OFFICIAL,Official country-reported coverage estimate,4266678.0,2487714,58.3
COUNTRIES,DEU,Germany,2023,DTP1,Diphtheria/Tetanus/Pertussis - 1st dose,WUENIC,WHO/UNICEF Estimates of National Immunization Coverage,1215487.0,508566,41.8
COUNTRIES,DEU,Germany,2023,DTP3,Diphtheria/Tetanus/Pertussis - 3rd dose,ADMIN,Administrative coverage (doses given / target population),,101962,46.2
COUNTRIES,DEU,Germany,2023,DTP3,Diphtheria/Tetanus/Pertussis - 3rd dose,OFFICIAL,Official country-reported coverage estimate,1053472.0,618391,58.7
COUNTRIES,DEU,Germany,2023,DTP3,Diphtheria/Tetanus/Pertussis - 3rd dose,WUENIC,WHO/UNICEF Estimates of National Immunization Coverage,4351860.0,1903132,43.7
COUNTRIES,DEU,Germany,2023,MCV1,Measles-containing vaccine - 1st dose,ADMIN,Administrative coverage (doses given / target population),2201321.0,931690,42.3
COUNTRIES,DEU,Germany,2023,MCV1,Measles-containing vaccine - 1st dose,OFFICIAL,Official country-reported coverage estimate,112358.0,44836,39.9
COUNTRIES,DEU,Germany,2023,MCV1,Measles-containing vaccine - 1st dose,WUENIC,WHO/UNICEF Estimates of National Immunization Coverage,2017011.0,913138,45.3
COUNTRIES,DEU,Germany,2023,MCV2,Measles-containing vaccine - 2nd dose (booster),ADMIN,Administrative coverage (doses given / target population),3235515.0,1604348,49.6
COUNTRIES,DEU,Germany,2023,MCV2,Measles-containing vaccine - 2nd dose (booster),OFFICIAL,Official country-reported coverage estimate,4933620.0,2227122,45.1
COUNTRIES,DEU,Germany,2023,MCV2,Measles-containing vaccine - 2nd dose (booster),WUENIC,WHO/UNICEF Estimates of National Immunization Coverage,3741138.0,2044782,54.7
COUNTRIES,DEU,Germany,2023,POL3,Polio - 3rd dose,ADMIN,Administrative coverage (doses given / target population),1643054.0,662102,40.3
COUNTRIES,DEU,Germany,2023,POL3,Polio - 3rd dose,OFFICIAL,Official country-reported coverage estimate,3603362.0,1583201,43.9
COUNTRIES,DEU,Germany,2023,POL3,Polio - 3rd dose,WUENIC,WHO/UNICEF Estimates of National Immunization Coverage,576584.0,332991,57.8
COUNTRIES,DEU,Germany,2023,HEPB3,Hepatitis B - 3rd dose,ADMIN,Administrative coverage (doses given / target population),2182475.0,918707,42.1
COUNTRIES,DEU,Germany,2023,HEPB3,Hepatitis B - 3rd dose,OFFICIAL,Official country-reported coverage estimate,1553043.0,662226,42.6
COUNTRIES,DEU,Germany,2023,HEPB3,Hepatitis B - 3rd dose,WUENIC,WHO/UNICEF Estimates of National Immunization Coverage,4059223.0,1890330,46.6
COUNTRIES,DEU,Germany,2023,PCV3,Pneumococcal conjugate vaccine - 3rd dose,ADMIN,Administrative coverage (doses given / target population),1649484.0,777352,47.1
COUNTRIES,DEU,Germany,2023,PCV3,Pneumococcal conjugate vaccine - 3rd dose,OFFICIAL,Official country-reported coverage estimate,2407026.0,1050688,43.7
COUNTRIES,DEU,Germany,2023,PCV3,Pneumococcal conjugate vaccine - 3rd dose,WUENIC,WHO/UNICEF Estimates of National Immunization Coverage,2769124.0,1348308,48.7
COUNTRIES,CHN,China,2010,BCG,Bacille Calmette-Guerin (Tuberculosis),ADMIN,Administrative coverage (doses given / target population),1452023.0,984161,67.8
COUNTRIES,CHN,China,2010,BCG,Bacille Calmette-Guerin (Tuberculosis),OFFICIAL,Official country-reported coverage estimate,1116017.0,691553,62.0
COUNTRIES,CHN,China,2010,BCG,Bacille Calmette-Guerin (Tuberculosis),WUENIC,WHO/UNICEF Estimates of National Immunization Coverage,4611586.0,2420669,52.5
COUNTRIES,CHN,China,2010,DTP1,Diphtheria/Tetanus/Pertussis - 1st dose,ADMIN,Administrative coverage (doses given / target population),4503023.0,2548101,56.6
COUNTRIES,CHN,China,2010,DTP1,Diphtheria/Tetanus/Pertussis - 1st dose,OFFICIAL,Official country-reported coverage estimate,2410447.0,1496806,62.1
COUNTRIES,CHN,China,2010,DTP1,Diphtheria/Tetanus/Pertussis - 1st dose,WUENIC,WHO/UNICEF Estimates of National Immunization Coverage,1015958.0,643848,63.4
COUNTRIES,CHN,China,2010,DTP3,Diphtheria/Tetanus/Pertussis - 3rd dose,ADMIN,Administrative coverage (doses given / target population),800591.0,446729,55.8
COUNTRIES,CHN,China,2010,DTP3,Diphtheria/Tetanus/Pertussis - 3rd dose,OFFICIAL,Official country-reported coverage estimate,2263634.0,1392289,61.5
COUNTRIES,CHN,China,2010,DTP3,Diphtheria/Tetanus/Pertussis - 3rd dose,WUENIC,WHO/UNICEF Estimates of National Immunization Coverage,3534109.0,2074485,58.7
COUNTRIES,CHN,China,2010,MCV1,Measles-containing vaccine - 1st dose,ADMIN,Administrative coverage (doses given / target population),3260135.0,2331413,71.5
COUNTRIES,CHN,China,2010,MCV1,Measles-containing vaccine - 1st dose,OFFICIAL,Official country-reported coverage estimate,376926.0,243738,64.7
COUNTRIES,CHN,China,2010,MCV1,Measles-containing vaccine - 1st dose,WUENIC,WHO/UNICEF Estimates of National Immunization Coverage,3464272.0,2552798,73.7
COUNTRIES,CHN,China,2010,MCV2,Measles-containing vaccine - 2nd dose (booster),ADMIN,Administrative coverage (doses given / target population),2758458.0,1734451,62.9
COUNTRIES,CHN,China,2010,MCV2,Measles-containing vaccine - 2nd dose (booster),OFFICIAL,Official country-reported coverage estimate,1043299.0,679416,65.1
COUNTRIES,CHN,China,2010,MCV2,Measles-containing vaccine - 2nd dose (booster),WUENIC,WHO/UNICEF Estimates of National Immunization Coverage,2198301.0,1422921,64.7
COUNTRIES,CHN,China,2010,POL3,Polio - 3rd dose,ADMIN,Administrative coverage (doses given / target population),242846.0,136684,56.3
COUNTRIES,CHN,China,2010,POL3,Polio - 3rd dose,OFFICIAL,Official country-reported coverage estimate,3473620.0,2406209,69.3
COUNTRIES,CHN,China,2010,POL3,Polio - 3rd dose,WUENIC,WHO/UNICEF Estimates of National Immunization Coverage,4596061.0,2967121,64.6
COUNTRIES,CHN,China,2010,HEPB3,Hepatitis B - 3rd dose,ADMIN,Administrative coverage (doses given / target population),4251412.0,2428541,57.1
COUNTRIES,CHN,China,2010,HEPB3,Hepatitis B - 3rd dose,OFFICIAL,Official country-reported coverage estimate,2345337.0,1555244,66.3
COUNTRIES,CHN,China,2010,HEPB3,Hepatitis B - 3rd dose,WUENIC,WHO/UNICEF Estimates of National Immunization Coverage,2288591.0,1070143,46.8
COUNTRIES,CHN,China,2010,PCV3,Pneumococcal conjugate vaccine - 3rd dose,ADMIN,Administrative coverage (doses given / target population),674895.0,474997,70.4
COUNTRIES,CHN,China,2010,PCV3,Pneumococcal conjugate vaccine - 3rd dose,OFFICIAL,Official country-reported coverage estimate,2066493.0,1198761,58.0
COUNTRIES,CHN,China,2010,PCV3,Pneumococcal conjugate vaccine - 3rd dose,WUENIC,WHO/UNICEF Estimates of National Immunization Coverage,4416320.0,3042564,68.9
COUNTRIES,CHN,China,2011,BCG,Bacille Calmette-Guerin (Tuberculosis),ADMIN,Administrative coverage (doses given / target population),2281030.0,1350215,59.2
COUNTRIES,CHN,China,2011,BCG,Bacille Calmette-Guerin (Tuberculosis),OFFICIAL,Official country-reported coverage estimate,820592.0,537274,65.5
COUNTRIES,CHN,China,2011,BCG,Bacille Calmette-Guerin (Tuberculosis),WUENIC,WHO/UNICEF Estimates of National Immunization Coverage,2068280.0,1511198,73.1
COUNTRIES,CHN,China,2011,DTP1,Diphtheria/Tetanus/Pertussis - 1st dose,ADMIN,Administrative coverage (doses given / target population),2301107.0,1506815,65.5
COUNTRIES,CHN,China,2011,DTP1,Diphtheria/Tetanus/Pertussis - 1st dose,OFFICIAL,Official country-reported coverage estimate,566364.0,385540,68.1
COUNTRIES,CHN,China,2011,DTP1,Diphtheria/Tetanus/Pertussis - 1st dose,WUENIC,WHO/UNICEF Estimates of National Immunization Coverage,2072157.0,1155891,55.8
COUNTRIES,CHN,China,2011,DTP3,Diphtheria/Tetanus/Pertussis - 3rd dose,ADMIN,Administrative coverage (doses given / target population),1989048.0,1222939,61.5
COUNTRIES,CHN,China,2011,DTP3,Diphtheria/Tetanus/Pertussis - 3rd dose,OFFICIAL,Official country-reported coverage estimate,4380741.0,2943368,67.2
COUNTRIES,CHN,China,2011,DTP3,Diphtheria/Tetanus/Pertussis - 3rd dose,WUENIC,WHO/UNICEF Estimates of National Immunization Coverage,2272753.0,1482625,65.2
COUNTRIES,CHN,China,2011,MCV1,Measles-containing vaccine - 1st dose,ADMIN,Administrative coverage (doses given / target population),1567077.0,970947,62.0
COUNTRIES,CHN,China,2011,MCV1,Measles-containing vaccine - 1st dose,OFFICIAL,Official country-reported coverage estimate,229307.0,146831,64.0
COUNTRIES,CHN,China,2011,MCV1,Measles-containing vaccine - 1st dose,WUENIC,WHO/UNICEF Estimates of National Immunization Coverage,3317582.0,1489121,44.9
COUNTRIES,CHN,China,2011,MCV2,Measles-containing vaccine - 2nd dose (booster),ADMIN,Administrative coverage (doses given / target population),2073905.0,1393183,67.2
COUNTRIES,CHN,China,2011,MCV2,Measles-containing vaccine - 2nd dose (booster),OFFICIAL,Official country-reported coverage estimate,705307.0,465499,66.0
COUNTRIES,CHN,China,2011,MCV2,Measles-containing vaccine - 2nd dose (booster),WUENIC,WHO/UNICEF Estimates of National Immunization Coverage,1742712.0,1275262,73.2
COUNTRIES,CHN,China,2011,POL3,Polio - 3rd dose,ADMIN,Administrative coverage (doses given / target population),3812355.0,2485356,65.2
COUNTRIES,CHN,China,2011,POL3,Polio - 3rd dose,OFFICIAL,Official country-reported coverage estimate,1438619.0,1001147,69.6
COUNTRIES,CHN,China,2011,POL3,Polio - 3rd dose,WUENIC,WHO/UNICEF Estimates of National Immunization Coverage,2292756.0,1501743,65.5
COUNTRIES,CHN,China,2011,HEPB3,Hepatitis B - 3rd dose,ADMIN,Administrative coverage (doses given / target population),75803.0,36911,48.7
COUNTRIES,CHN,China,2011,HEPB3,Hepatitis B - 3rd dose,OFFICIAL,Official country-reported coverage estimate,2384537.0,1441719,60.5
COUNTRIES,CHN,China,2011,HEPB3,Hepatitis B - 3rd dose,WUENIC,WHO/UNICEF Estimates of National Immunization Coverage,,2437791,61.2
COUNTRIES,CHN,China,2011,PCV3,Pneumococcal conjugate vaccine - 3rd dose,ADMIN,Administrative coverage (doses given / target population),4279907.0,2915943,68.1
COUNTRIES,CHN,China,2011,PCV3,Pneumococcal conjugate vaccine - 3rd dose,OFFICIAL,Official country-reported coverage estimate,2126765.0,1511115,71.1
COUNTRIES,CHN,China,2011,PCV3,Pneumococcal conjugate vaccine - 3rd dose,WUENIC,WHO/UNICEF Estimates of National Immunization Coverage,2031049.0,1250164,61.6
COUNTRIES,CHN,China,2012,BCG,Bacille Calmette-Guerin (Tuberculosis),ADMIN,Administrative coverage (doses given / target population),4448876.0,2970035,66.8
COUNTRIES,CHN,China,2012,BCG,Bacille Calmette-Guerin (Tuberculosis),OFFICIAL,Official country-reported coverage estimate,3889842.0,2829219,72.7
COUNTRIES,CHN,China,2012,BCG,Bacille Calmette-Guerin (Tuberculosis),WUENIC,WHO/UNICEF Estimates of National Immunization Coverage,3829340.0,2334881,61.0
COUNTRIES,CHN,China,2012,DTP1,Diphtheria/Tetanus/Pertussis - 1st dose,ADMIN,Administrative coverage (doses given / target population),1744459.0,1200449,68.8
COUNTRIES,CHN,China,2012,DTP1,Diphtheria/Tetanus/Pertussis - 1st dose,OFFICIAL,Official country-reported coverage estimate,4075930.0,2656053,
COUNTRIES,CHN,China,2012,DTP1,Diphtheria/Tetanus/Pertussis - 1st dose,WUENIC,WHO/UNICEF Estimates of National Immunization Coverage,477914.0,296152,62.0
COUNTRIES,CHN,China,2012,DTP3,Diphtheria/Tetanus/Pertussis - 3rd dose,ADMIN,Administrative coverage (doses given / target population),415633.0,273924,65.9
COUNTRIES,CHN,China,2012,DTP3,Diphtheria/Tetanus/Pertussis - 3rd dose,OFFICIAL,Official country-reported coverage estimate,1764713.0,1204710,68.3
COUNTRIES,CHN,China,2012,DTP3,Diphtheria/Tetanus/Pertussis - 3rd dose,WUENIC,WHO/UNICEF Estimates of National Immunization Coverage,1349325.0,830724,61.6
COUNTRIES,CHN,China,2012,MCV1,Measles-containing vaccine - 1st dose,ADMIN,Administrative coverage (doses given / target population),3078878.0,2023000,65.7
COUNTRIES,CHN,China,2012,MCV1,Measles-containing vaccine - 1st dose,OFFICIAL,Official country-reported coverage estimate,366327.0,274989,75.1
COUNTRIES,CHN,China,2012,MCV1,Measles-containing vaccine - 1st dose,WUENIC,WHO/UNICEF Estimates of National Immunization Coverage,1009273.0,688117,68.2
COUNTRIES,CHN,China,2012,MCV2,Measles-containing vaccine - 2nd dose (booster),ADMIN,Administrative coverage (doses given / target population),336388.0,213268,63.4
COUNTRIES,CHN,China,2012,MCV2,Measles-containing vaccine - 2nd dose (booster),OFFICIAL,Official country-reported coverage estimate,,1715422,67.1
COUNTRIES,CHN,China,2012,MCV2,Measles-containing vaccine - 2nd dose (booster),WUENIC,WHO/UNICEF Estimates of National Immunization Coverage,972316.0,630661,64.9
COUNTRIES,CHN,China,2012,POL3,Polio - 3rd dose,ADMIN,Administrative coverage (doses given / target population),2738180.0,1571076,57.4
COUNTRIES,CHN,China,2012,POL3,Polio - 3rd dose,OFFICIAL,Official country-reported coverage estimate,3876760.0,2205210,56.9
COUNTRIES,CHN,China,2012,POL3,Polio - 3rd dose,WUENIC,WHO/UNICEF Estimates of National Immunization Coverage,397292.0,242869,61.1
COUNTRIES,CHN,China,2012,HEPB3,Hepatitis B - 3rd dose,ADMIN,Administrative coverage (doses given / target population),1289474.0,975743,75.7
COUNTRIES,CHN,China,2012,HEPB3,Hepatitis B - 3rd dose,OFFICIAL,Official country-reported coverage estimate,1333459.0,815914,61.2
COUNTRIES,CHN,China,2012,HEPB3,Hepatitis B - 3rd dose,WUENIC,WHO/UNICEF Estimates of National Immunization Coverage,846889.0,511682,60.4
COUNTRIES,CHN,China,2012,PCV3,Pneumococcal conjugate vaccine - 3rd dose,ADMIN,Administrative coverage (doses given / target population),1616477.0,1190976,73.7
COUNTRIES,CHN,China,2012,PCV3,Pneumococcal conjugate vaccine - 3rd dose,OFFICIAL,Official country-reported coverage estimate,3208406.0,1851490,57.7
COUNTRIES,CHN,China,2012,PCV3,Pneumococcal conjugate vaccine - 3rd dose,WUENIC,WHO/UNICEF Estimates of National Immunization Coverage,1221545.0,978599,80.1
COUNTRIES,CHN,China,2013,BCG,Bacille Calmette-Guerin (Tuberculosis),ADMIN,Administrative coverage (doses given / target population),3791808.0,2179835,57.5
COUNTRIES,CHN,China,2013,BCG,Bacille Calmette-Guerin (Tuberculosis),OFFICIAL,Official country-reported coverage estimate,3424908.0,2187571,63.9
COUNTRIES,CHN,China,2013,BCG,Bacille Calmette-Guerin (Tuberculosis),WUENIC,WHO/UNICEF Estimates of National Immunization Coverage,1497011.0,1035941,69.2
COUNTRIES,CHN,China,2013,DTP1,Diphtheria/Tetanus/Pertussis - 1st dose,ADMIN,Administrative coverage (doses given / target population),3209782.0,2412502,75.2
COUNTRIES,CHN,China,2013,DTP1,Diphtheria/Tetanus/Pertussis - 1st dose,OFFICIAL,Official country-reported coverage estimate,2301272.0,1401134,60.9
COUNTRIES,CHN,China,2013,DTP1,Diphtheria/Tetanus/Pertussis - 1st dose,WUENIC,WHO/UNICEF Estimates of National Immunization Coverage,3906735.0,2689647,68.8
COUNTRIES,CHN,China,2013,DTP3,Diphtheria/Tetanus/Pertussis - 3rd dose,ADMIN,Administrative coverage (doses given / target population),1165972.0,675376,57.9
COUNTRIES,CHN,China,2013,DTP3,Diphtheria/Tetanus/Pertussis - 3rd dose,OFFICIAL,Official country-reported coverage estimate,230338.0,123379,53.6
COUNTRIES,CHN,China,2013,DTP3,Diphtheria/Tetanus/Pertussis - 3rd dose,WUENIC,WHO/UNICEF Estimates of National Immunization Coverage,2005848.0,1178340,58.7
COUNTRIES,CHN,China,2013,MCV1,Measles-containing vaccine - 1st dose,ADMIN,Administrative coverage (doses given / target population),4350981.0,2482547,57.1
COUNTRIES,CHN,China,2013,MCV1,Measles-containing vaccine - 1st dose,OFFICIAL,Official country-reported coverage estimate,1279627.0,728459,56.9
COUNTRIES,CHN,China,2013,MCV1,Measles-containing vaccine - 1st dose,WUENIC,WHO/UNICEF Estimates of National Immunization Coverage,2672513.0,1209630,45.3
COUNTRIES,CHN,China,2013,MCV2,Measles-containing vaccine - 2nd dose (booster),ADMIN,Administrative coverage (doses given / target population),4082692.0,2502395,61.3
COUNTRIES,CHN,China,2013,MCV2,Measles-containing vaccine - 2nd dose (booster),OFFICIAL,Official country-reported coverage estimate,4624417.0,2797366,60.5
COUNTRIES,CHN,China,2013,MCV2,Measles-containing vaccine - 2nd dose (booster),WUENIC,WHO/UNICEF Estimates of National Immunization Coverage,3181841.0,1923189,60.4
COUNTRIES,CHN,China,2013,POL3,Polio - 3rd dose,ADMIN,Administrative coverage (doses given / target population),4947727.0,3434191,69.4
COUNTRIES,CHN,China,2013,POL3,Polio - 3rd dose,OFFICIAL,Official country-reported coverage estimate,1645716.0,1051120,63.9
COUNTRIES,CHN,China,2013,POL3,Polio - 3rd dose,WUENIC,WHO/UNICEF Estimates of National Immunization Coverage,2533226.0,1497431,59.1
COUNTRIES,CHN,China,2013,HEPB3,Hepatitis B - 3rd dose,ADMIN,Administrative coverage (doses given / target population),4152585.0,2472173,59.5
COUNTRIES,CHN,China,2013,HEPB3,Hepatitis B - 3rd dose,OFFICIAL,Official country-reported coverage estimate,2561253.0,1668504,65.1
COUNTRIES,CHN,China,2013,HEPB3,Hepatitis B - 3rd dose,WUENIC,WHO/UNICEF Estimates of National Immunization Coverage,2709539.0,1583892,58.5
COUNTRIES,CHN,China,2013,PCV3,Pneumococcal conjugate vaccine - 3rd dose,ADMIN,Administrative coverage (doses given / target population),3311142.0,2320292,70.1
COUNTRIES,CHN,China,2013,PCV3,Pneumococcal conjugate vaccine - 3rd dose,OFFICIAL,Official country-reported coverage estimate,2764659.0,1698483,61.4
COUNTRIES,CHN,China,2013,PCV3,Pneumococcal conjugate vaccine - 3rd dose,WUENIC,WHO/UNICEF Estimates of National Immunization Coverage,3561593.0,2314924,65.0
COUNTRIES,CHN,China,2014,BCG,Bacille Calmette-Guerin (Tuberculosis),ADMIN,Administrative coverage (doses given / target population),3257600.0,1932355,59.3
COUNTRIES,CHN,China,2014,BCG,Bacille Calmette-Guerin (Tuberculosis),OFFICIAL,Official country-reported coverage estimate,71784.0,46621,64.9
COUNTRIES,CHN,China,2014,BCG,Bacille Calmette-Guerin (Tuberculosis),WUENIC,WHO/UNICEF Estimates of National Immunization Coverage,3954473.0,2327378,58.9
COUNTRIES,CHN,China,2014,DTP1,Diphtheria/Tetanus/Pertussis - 1st dose,ADMIN,Administrative coverage (doses given / target population),,230787,54.8
COUNTRIES,CHN,China,2014,DTP1,Diphtheria/Tetanus/Pertussis - 1st dose,OFFICIAL,Official country-reported coverage estimate,3779987.0,2567584,67.9
COUNTRIES,CHN,China,2014,DTP1,Diphtheria/Tetanus/Pertussis - 1st dose,WUENIC,WHO/UNICEF Estimates of National Immunization Coverage,1414543.0,853761,60.4
COUNTRIES,CHN,China,2014,DTP3,Diphtheria/Tetanus/Pertussis - 3rd dose,ADMIN,Administrative coverage (doses given / target population),3278712.0,2289788,69.8
COUNTRIES,CHN,China,2014,DTP3,Diphtheria/Tetanus/Pertussis - 3rd dose,OFFICIAL,Official country-reported coverage estimate,4988360.0,3609073,72.3
COUNTRIES,CHN,China,2014,DTP3,Diphtheria/Tetanus/Pertussis - 3rd dose,WUENIC,WHO/UNICEF Estimates of National Immunization Coverage,2019131.0,1527293,75.6
COUNTRIES,CHN,China,2014,MCV1,Measles-containing vaccine - 1st dose,ADMIN,Administrative coverage (doses given / target population),,2892252,59.8
COUNTRIES,CHN,China,2014,MCV1,Measles-containing vaccine - 1st dose,OFFICIAL,Official country-reported coverage estimate,3570812.0,2282103,63.9
COUNTRIES,CHN,China,2014,MCV1,Measles-containing vaccine - 1st dose,WUENIC,WHO/UNICEF Estimates of National Immunization Coverage,3760501.0,2325763,61.8
COUNTRIES,CHN,China,2014,MCV2,Measles-containing vaccine - 2nd dose (booster),ADMIN,Administrative coverage (doses given / target population),2298139.0,1503741,65.4
COUNTRIES,CHN,China,2014,MCV2,Measles-containing vaccine - 2nd dose (booster),OFFICIAL,Official country-reported coverage estimate,2480855.0,1641749,66.2
COUNTRIES,CHN,China,2014,MCV2,Measles-containing vaccine - 2nd dose (booster),WUENIC,WHO/UNICEF Estimates of National Immunization Coverage,4659487.0,3113295,66.8
COUNTRIES,CHN,China,2014,POL3,Polio - 3rd dose,ADMIN,Administrative coverage (doses given / target population),4779141.0,3312776,69.3
COUNTRIES,CHN,China,2014,POL3,Polio - 3rd dose,OFFICIAL,Official country-reported coverage estimate,4996071.0,2895301,58.0
COUNTRIES,CHN,China,2014,POL3,Polio - 3rd dose,WUENIC,WHO/UNICEF Estimates of National Immunization Coverage,978280.0,725968,74.2
COUNTRIES,CHN,China,2014,HEPB3,Hepatitis B - 3rd dose,ADMIN,Administrative coverage (doses given / target population),2812081.0,1709310,60.8
COUNTRIES,CHN,China,2014,HEPB3,Hepatitis B - 3rd dose,OFFICIAL,Official country-reported coverage estimate,3802108.0,2311512,60.8
COUNTRIES,CHN,China,2014,HEPB3,Hepatitis B - 3rd dose,WUENIC,WHO/UNICEF Estimates of National Immunization Coverage,2190468.0,1320198,60.3
COUNTRIES,CHN,China,2014,PCV3,Pneumococcal conjugate vaccine - 3rd dose,ADMIN,Administrative coverage (doses given / target population),278021.0,157985,56.8
COUNTRIES,CHN,China,2014,PCV3,Pneumococcal conjugate vaccine - 3rd dose,OFFICIAL,Official country-reported coverage estimate,4839914.0,3066274,63.4
COUNTRIES,CHN,China,2014,PCV3,Pneumococcal conjugate vaccine - 3rd dose,WUENIC,WHO/UNICEF Estimates of National Immunization Coverage,3661925.0,2232542,61.0
COUNTRIES,CHN,China,2015,BCG,Bacille Calmette-Guerin (Tuberculosis),ADMIN,Administrative coverage (doses given / target population),2316031.0,1544384,66.7
COUNTRIES,CHN,China,2015,BCG,Bacille Calmette-Guerin (Tuberculosis),OFFICIAL,Official country-reported coverage estimate,2209420.0,1469614,66.5
COUNTRIES,CHN,China,2015,BCG,Bacille Calmette-Guerin (Tuberculosis),WUENIC,WHO/UNICEF Estimates of National Immunization Coverage,1069045.0,686302,64.2
COUNTRIES,CHN,China,2015,DTP1,Diphtheria/Tetanus/Pertussis - 1st dose,ADMIN,Administrative coverage (doses given / target population),3420784.0,2295001,67.1
COUNTRIES,CHN,China,2015,DTP1,Diphtheria/Tetanus/Pertussis - 1st dose,OFFICIAL,Official country-reported coverage estimate,3315476.0,2133859,
COUNTRIES,CHN,China,2015,DTP1,Diphtheria/Tetanus/Pertussis - 1st dose,WUENIC,WHO/UNICEF Estimates of National Immunization Coverage,2168739.0,1548450,71.4
COUNTRIES,CHN,China,2015,DTP3,Diphtheria/Tetanus/Pertussis - 3rd dose,ADMIN,Administrative coverage (doses given / target population),3620929.0,2523099,69.7
COUNTRIES,CHN,China,2015,DTP3,Diphtheria/Tetanus/Pertussis - 3rd dose,OFFICIAL,Official country-reported coverage estimate,2528003.0,1566977,62.0
COUNTRIES,CHN,China,2015,DTP3,Diphtheria/Tetanus/Pertussis - 3rd dose,WUENIC,WHO/UNICEF Estimates of National Immunization Coverage,1822997.0,1212914,66.5
COUNTRIES,CHN,China,2015,MCV1,Measles-containing vaccine - 1st dose,ADMIN,Administrative coverage (doses given / target population),3587032.0,2484947,69.3
COUNTRIES,CHN,China,2015,MCV1,Measles-containing vaccine - 1st dose,OFFICIAL,Official country-reported coverage estimate,1909017.0,1287766,67.5
COUNTRIES,CHN,China,2015,MCV1,Measles-containing vaccine - 1st dose,WUENIC,WHO/UNICEF Estimates of National Immunization Coverage,3534959.0,2221099,62.8
COUNTRIES,CHN,China,2015,MCV2,Measles-containing vaccine - 2nd dose (booster),ADMIN,Administrative coverage (doses given / target population),4199396.0,2865428,68.2
COUNTRIES,CHN,China,2015,MCV2,Measles-containing vaccine - 2nd dose (booster),OFFICIAL,Official country-reported coverage estimate,935677.0,631419,67.5
COUNTRIES,CHN,China,2015,MCV2,Measles-containing vaccine - 2nd dose (booster),WUENIC,WHO/UNICEF Estimates of National Immunization Coverage,3928711.0,2812189,71.6
COUNTRIES,CHN,China,2015,POL3,Polio - 3rd dose,ADMIN,Administrative coverage (doses given / target population),4549416.0,2712668,59.6
COUNTRIES,CHN,China,2015,POL3,Polio - 3rd dose,OFFICIAL,Official country-reported coverage estimate,250909.0,187535,74.7
COUNTRIES,CHN,China,2015,POL3,Polio - 3rd dose,WUENIC,WHO/UNICEF Estimates of National Immunization Coverage,3427334.0,2403775,70.1
COUNTRIES,CHN,China,2015,HEPB3,Hepatitis B - 3rd dose,ADMIN,Administrative coverage (doses given / target population),3397888.0,2264631,66.6
COUNTRIES,CHN,China,2015,HEPB3,Hepatitis B - 3rd dose,OFFICIAL,Official country-reported coverage estimate,4141411.0,2727230,65.9
COUNTRIES,CHN,China,2015,HEPB3,Hepatitis B - 3rd dose,WUENIC,WHO/UNICEF Estimates of National Immunization Coverage,4101663.0,2439877,59.5
COUNTRIES,CHN,China,2015,PCV3,Pneumococcal conjugate vaccine - 3rd dose,ADMIN,Administrative coverage (doses given / target population),658705.0,425647,64.6
COUNTRIES,CHN,China,2015,PCV3,Pneumococcal conjugate vaccine - 3rd dose,OFFICIAL,Official country-reported coverage estimate,2222119.0,1475632,66.4
COUNTRIES,CHN,China,2015,PCV3,Pneumococcal conjugate vaccine - 3rd dose,WUENIC,WHO/UNICEF Estimates of National Immunization Coverage,2153659.0,1544191,71.7
COUNTRIES,CHN,China,2016,BCG,Bacille Calmette-Guerin (Tuberculosis),ADMIN,Administrative coverage (doses given / target population),1399671.0,825497,59.0
COUNTRIES,CHN,China,2016,BCG,Bacille Calmette-Guerin (Tuberculosis),OFFICIAL,Official country-reported coverage estimate,2004462.0,1348462,67.3
COUNTRIES,CHN,China,2016,BCG,Bacille Calmette-Guerin (Tuberculosis),WUENIC,WHO/UNICEF Estimates of National Immunization Coverage,636817.0,410030,64.4
COUNTRIES,CHN,China,2016,DTP1,Diphtheria/Tetanus/Pertussis - 1st dose,ADMIN,Administrative coverage (doses given / target population),3296781.0,2095872,63.6
COUNTRIES,CHN,China,2016,DTP1,Diphtheria/Tetanus/Pertussis - 1st dose,OFFICIAL,Official country-reported coverage estimate,222073.0,115210,51.9
COUNTRIES,CHN,China,2016,DTP1,Diphtheria/Tetanus/Pertussis - 1st dose,WUENIC,WHO/UNICEF Estimates of National Immunization Coverage,1048355.0,660399,63.0
COUNTRIES,CHN,China,2016,DTP3,Diphtheria/Tetanus/Pertussis - 3rd dose,ADMIN,Administrative coverage (doses given / target population),,989135,60.6
COUNTRIES,CHN,China,2016,DTP3,Diphtheria/Tetanus/Pertussis - 3rd dose,OFFICIAL,Official country-reported coverage estimate,670363.0,474100,70.7
COUNTRIES,CHN,China,2016,DTP3,Diphtheria/Tetanus/Pertussis - 3rd dose,WUENIC,WHO/UNICEF Estimates of National Immunization Coverage,2621853.0,1705185,65.0
COUNTRIES,CHN,China,2016,MCV1,Measles-containing vaccine - 1st dose,ADMIN,Administrative coverage (doses given / target population),2342081.0,1491902,63.7
COUNTRIES,CHN,China,2016,MCV1,Measles-containing vaccine - 1st dose,OFFICIAL,Official country-reported coverage estimate,2781088.0,1799230,64.7
COUNTRIES,CHN,China,2016,MCV1,Measles-containing vaccine - 1st dose,WUENIC,WHO/UNICEF Estimates of National Immunization Coverage,1429615.0,927158,64.9
COUNTRIES,CHN,China,2016,MCV2,Measles-containing vaccine - 2nd dose (booster),ADMIN,Administrative coverage (doses given / target population),1457207.0,973977,66.8
COUNTRIES,CHN,China,2016,MCV2,Measles-containing vaccine - 2nd dose (booster),OFFICIAL,Official country-reported coverage estimate,1393625.0,973352,69.8
COUNTRIES,CHN,China,2016,MCV2,Measles-containing vaccine - 2nd dose (booster),WUENIC,WHO/UNICEF Estimates of National Immunization Coverage,4556899.0,2689479,59.0
COUNTRIES,CHN,China,2016,POL3,Polio - 3rd dose,ADMIN,Administrative coverage (doses given / target population),620590.0,340286,54.8
COUNTRIES,CHN,China,2016,POL3,Polio - 3rd dose,OFFICIAL,Official country-reported coverage estimate,1064935.0,711652,66.8
COUNTRIES,CHN,China,2016,POL3,Polio - 3rd dose,WUENIC,WHO/UNICEF Estimates of National Immunization Coverage,2240511.0,1531513,68.4
COUNTRIES,CHN,China,2016,HEPB3,Hepatitis B - 3rd dose,ADMIN,Administrative coverage (doses given / target population),2672677.0,2032132,76.0
COUNTRIES,CHN,China,2016,HEPB3,Hepatitis B - 3rd dose,OFFICIAL,Official country-reported coverage estimate,1260456.0,777333,61.7
COUNTRIES,CHN,China,2016,HEPB3,Hepatitis B - 3rd dose,WUENIC,WHO/UNICEF Estimates of National Immunization Coverage,3556426.0,2505510,70.5
COUNTRIES,CHN,China,2016,PCV3,Pneumococcal conjugate vaccine - 3rd dose,ADMIN,Administrative coverage (doses given / target population),2620603.0,1556691,
COUNTRIES,CHN,China,2016,PCV3,Pneumococcal conjugate vaccine - 3rd dose,OFFICIAL,Official country-reported coverage estimate,2894655.0,1922020,66.4
COUNTRIES,CHN,China,2016,PCV3,Pneumococcal conjugate vaccine - 3rd dose,WUENIC,WHO/UNICEF Estimates of National Immunization Coverage,3418133.0,2818892,82.5
COUNTRIES,CHN,China,2017,BCG,Bacille Calmette-Guerin (Tuberculosis),ADMIN,Administrative coverage (doses given / target population),3011249.0,2269340,75.4
COUNTRIES,CHN,China,2017,BCG,Bacille Calmette-Guerin (Tuberculosis),OFFICIAL,Official country-reported coverage estimate,791184.0,577231,73.0
COUNTRIES,CHN,China,2017,BCG,Bacille Calmette-Guerin (Tuberculosis),WUENIC,WHO/UNICEF Estimates of National Immunization Coverage,1809669.0,1081978,59.8
COUNTRIES,CHN,China,2017,DTP1,Diphtheria/Tetanus/Pertussis - 1st dose,ADMIN,Administrative coverage (doses given / target population),1734488.0,1250261,72.1
COUNTRIES,CHN,China,2017,DTP1,Diphtheria/Tetanus/Pertussis - 1st dose,OFFICIAL,Official country-reported coverage estimate,4158517.0,3132576,75.3
COUNTRIES,CHN,China,2017,DTP1,Diphtheria/Tetanus/Pertussis - 1st dose,WUENIC,WHO/UNICEF Estimates of National Immunization Coverage,589818.0,394729,66.9
COUNTRIES,CHN,China,2017,DTP3,Diphtheria/Tetanus/Pertussis - 3rd dose,ADMIN,Administrative coverage (doses given / target population),3221146.0,2472410,76.8
COUNTRIES,CHN,China,2017,DTP3,Diphtheria/Tetanus/Pertussis - 3rd dose,OFFICIAL,Official country-reported coverage estimate,4998588.0,3183145,63.7
COUNTRIES,CHN,China,2017,DTP3,Diphtheria/Tetanus/Pertussis - 3rd dose,WUENIC,WHO/UNICEF Estimates of National Immunization Coverage,2389333.0,1536383,64.3
COUNTRIES,CHN,China,2017,MCV1,Measles-containing vaccine - 1st dose,ADMIN,Administrative coverage (doses given / target population),2238426.0,1567210,70.0
COUNTRIES,CHN,China,2017,MCV1,Measles-containing vaccine - 1st dose,OFFICIAL,Official country-reported coverage estimate,1042765.0,603636,57.9
COUNTRIES,CHN,China,2017,MCV1,Measles-containing vaccine - 1st dose,WUENIC,WHO/UNICEF Estimates of National Immunization Coverage,2430495.0,1586997,65.3
COUNTRIES,CHN,China,2017,MCV2,Measles-containing vaccine - 2nd dose (booster),ADMIN,Administrative coverage (doses given / target population),3132509.0,1993328,63.6
COUNTRIES,CHN,China,2017,MCV2,Measles-containing vaccine - 2nd dose (booster),OFFICIAL,Official country-reported coverage estimate,4449499.0,3252035,73.1
COUNTRIES,CHN,China,2017,MCV2,Measles-containing vaccine - 2nd dose (booster),WUENIC,WHO/UNICEF Estimates of National Immunization Coverage,3181234.0,2150607,67.6
COUNTRIES,CHN,China,2017,POL3,Polio - 3rd dose,ADMIN,Administrative coverage (doses given / target population),1478038.0,977452,66.1
COUNTRIES,CHN,China,2017,POL3,Polio - 3rd dose,OFFICIAL,Official country-reported coverage estimate,754279.0,436046,57.8
COUNTRIES,CHN,China,2017,POL3,Polio - 3rd dose,WUENIC,WHO/UNICEF Estimates of National Immunization Coverage,3565326.0,2345820,65.8
COUNTRIES,CHN,China,2017,HEPB3,Hepatitis B - 3rd dose,ADMIN,Administrative coverage (doses given / target population),2587152.0,1790297,69.2
COUNTRIES,CHN,China,2017,HEPB3,Hepatitis B - 3rd dose,OFFICIAL,Official country-reported coverage estimate,652366.0,361215,55.4
COUNTRIES,CHN,China,2017,HEPB3,Hepatitis B - 3rd dose,WUENIC,WHO/UNICEF Estimates of National Immunization Coverage,4005215.0,2808546,70.1
COUNTRIES,CHN,China,2017,PCV3,Pneumococcal conjugate vaccine - 3rd dose,ADMIN,Administrative coverage (doses given / target population),646858.0,421406,65.1
COUNTRIES,CHN,China,2017,PCV3,Pneumococcal conjugate vaccine - 3rd dose,OFFICIAL,Official country-reported coverage estimate,4554263.0,2752579,60.4
COUNTRIES,CHN,China,2017,PCV3,Pneumococcal conjugate vaccine - 3rd dose,WUENIC,WHO/UNICEF Estimates of National Immunization Coverage,4708809.0,3193759,67.8
COUNTRIES,CHN,China,2018,BCG,Bacille Calmette-Guerin (Tuberculosis),ADMIN,Administrative coverage (doses given / target population),1897920.0,1306357,
COUNTRIES,CHN,China,2018,BCG,Bacille Calmette-Guerin (Tuberculosis),OFFICIAL,Official country-reported coverage estimate,3756693.0,2383213,63.4
COUNTRIES,CHN,China,2018,BCG,Bacille Calmette-Guerin (Tuberculosis),WUENIC,WHO/UNICEF Estimates of National Immunization Coverage,554552.0,367532,66.3
COUNTRIES,CHN,China,2018,DTP1,Diphtheria/Tetanus/Pertussis - 1st dose,ADMIN,Administrative coverage (doses given / target population),2069226.0,1435628,69.4
COUNTRIES,CHN,China,2018,DTP1,Diphtheria/Tetanus/Pertussis - 1st dose,OFFICIAL,Official country-reported coverage estimate,2882494.0,2074470,72.0
COUNTRIES,CHN,China,2018,DTP1,Diphtheria/Tetanus/Pertussis - 1st dose,WUENIC,WHO/UNICEF Estimates of National Immunization Coverage,4404893.0,2790601,63.4
COUNTRIES,CHN,China,2018,DTP3,Diphtheria/Tetanus/Pertussis - 3rd dose,ADMIN,Administrative coverage (doses given / target population),4253915.0,3317448,78.0
COUNTRIES,CHN,China,2018,DTP3,Diphtheria/Tetanus/Pertussis - 3rd dose,OFFICIAL,Official country-reported coverage estimate,1119754.0,699802,62.5
COUNTRIES,CHN,China,2018,DTP3,Diphtheria/Tetanus/Pertussis - 3rd dose,WUENIC,WHO/UNICEF Estimates of National Immunization Coverage,,1211114,65.7
COUNTRIES,CHN,China,2018,MCV1,Measles-containing vaccine - 1st dose,ADMIN,Administrative coverage (doses given / target population),1469125.0,977365,66.5
COUNTRIES,CHN,China,2018,MCV1,Measles-containing vaccine - 1st dose,OFFICIAL,Official country-reported coverage estimate,3326823.0,2196346,66.0
COUNTRIES,CHN,China,2018,MCV1,Measles-containing vaccine - 1st dose,WUENIC,WHO/UNICEF Estimates of National Immunization Coverage,3948434.0,2601439,65.9
COUNTRIES,CHN,China,2018,MCV2,Measles-containing vaccine - 2nd dose (booster),ADMIN,Administrative coverage (doses given / target population),3247680.0,1688111,52.0
COUNTRIES,CHN,China,2018,MCV2,Measles-containing vaccine - 2nd dose (booster),OFFICIAL,Official country-reported coverage estimate,810989.0,627779,77.4
COUNTRIES,CHN,China,2018,MCV2,Measles-containing vaccine - 2nd dose (booster),WUENIC,WHO/UNICEF Estimates of National Immunization Coverage,4915568.0,3421612,69.6
COUNTRIES,CHN,China,2018,POL3,Polio - 3rd dose,ADMIN,Administrative coverage (doses given / target population),3176758.0,1837923,57.9
COUNTRIES,CHN,China,2018,POL3,Polio - 3rd dose,OFFICIAL,Official country-reported coverage estimate,1941046.0,1205196,62.1
COUNTRIES,CHN,China,2018,POL3,Polio - 3rd dose,WUENIC,WHO/UNICEF Estimates of National Immunization Coverage,314087.0,235383,74.9
COUNTRIES,CHN,China,2018,HEPB3,Hepatitis B - 3rd dose,ADMIN,Administrative coverage (doses given / target population),4672583.0,3302226,70.7
COUNTRIES,CHN,China,2018,HEPB3,Hepatitis B - 3rd dose,OFFICIAL,Official country-reported coverage estimate,2680948.0,1668123,62.2
COUNTRIES,CHN,China,2018,HEPB3,Hepatitis B - 3rd dose,WUENIC,WHO/UNICEF Estimates of National Immunization Coverage,2396309.0,1549228,64.7
COUNTRIES,CHN,China,2018,PCV3,Pneumococcal conjugate vaccine - 3rd dose,ADMIN,Administrative coverage (doses given / target population),,2898659,73.8
COUNTRIES,CHN,China,2018,PCV3,Pneumococcal conjugate vaccine - 3rd dose,OFFICIAL,Official country-reported coverage estimate,2921667.0,1701285,58.2
COUNTRIES,CHN,China,2018,PCV3,Pneumococcal conjugate vaccine - 3rd dose,WUENIC,WHO/UNICEF Estimates of National Immunization Coverage,1177665.0,641121,54.4
COUNTRIES,CHN,China,2019,BCG,Bacille Calmette-Guerin (Tuberculosis),ADMIN,Administrative coverage (doses given / target population),4395397.0,2709952,61.7
COUNTRIES,CHN,China,2019,BCG,Bacille Calmette-Guerin (Tuberculosis),OFFICIAL,Official country-reported coverage estimate,4904169.0,2787384,56.8
COUNTRIES,CHN,China,2019,BCG,Bacille Calmette-Guerin (Tuberculosis),WUENIC,WHO/UNICEF Estimates of National Immunization Coverage,2190697.0,1192519,54.4
COUNTRIES,CHN,China,2019,DTP1,Diphtheria/Tetanus/Pertussis - 1st dose,ADMIN,Administrative coverage (doses given / target population),4300431.0,2598148,60.4
COUNTRIES,CHN,China,2019,DTP1,Diphtheria/Tetanus/Pertussis - 1st dose,OFFICIAL,Official country-reported coverage estimate,3376843.0,2328179,68.9
COUNTRIES,CHN,China,2019,DTP1,Diphtheria/Tetanus/Pertussis - 1st dose,WUENIC,WHO/UNICEF Estimates of National Immunization Coverage,,2426876,
COUNTRIES,CHN,China,2019,DTP3,Diphtheria/Tetanus/Pertussis - 3rd dose,ADMIN,Administrative coverage (doses given / target population),368057.0,210923,57.3
COUNTRIES,CHN,China,2019,DTP3,Diphtheria/Tetanus/Pertussis - 3rd dose,OFFICIAL,Official country-reported coverage estimate,2457474.0,1466841,59.7
COUNTRIES,CHN,China,2019,DTP3,Diphtheria/Tetanus/Pertussis - 3rd dose,WUENIC,WHO/UNICEF Estimates of National Immunization Coverage,,1253167,71.7
COUNTRIES,CHN,China,2019,MCV1,Measles-containing vaccine - 1st dose,ADMIN,Administrative coverage (doses given / target population),95732.0,68867,71.9
COUNTRIES,CHN,China,2019,MCV1,Measles-containing vaccine - 1st dose,OFFICIAL,Official country-reported coverage estimate,2925515.0,1816703,62.1
COUNTRIES,CHN,China,2019,MCV1,Measles-containing vaccine - 1st dose,WUENIC,WHO/UNICEF Estimates of National Immunization Coverage,204221.0,136156,66.7
COUNTRIES,CHN,China,2019,MCV2,Measles-containing vaccine - 2nd dose (booster),ADMIN,Administrative coverage (doses given / target population),4055720.0,2649066,65.3
COUNTRIES,CHN,China,2019,MCV2,Measles-containing vaccine - 2nd dose (booster),OFFICIAL,Official country-reported coverage estimate,400462.0,315350,78.7
COUNTRIES,CHN,China,2019,MCV2,Measles-containing vaccine - 2nd dose (booster),WUENIC,WHO/UNICEF Estimates of National Immunization Coverage,4597389.0,2993629,65.1
COUNTRIES,CHN,China,2019,POL3,Polio - 3rd dose,ADMIN,Administrative coverage (doses given / target population),2931726.0,2163450,73.8
COUNTRIES,CHN,China,2019,POL3,Polio - 3rd dose,OFFICIAL,Official country-reported coverage estimate,2588585.0,1622044,62.7
COUNTRIES,CHN,China,2019,POL3,Polio - 3rd dose,WUENIC,WHO/UNICEF Estimates of National Immunization Coverage,1080985.0,684800,
COUNTRIES,CHN,China,2019,HEPB3,Hepatitis B - 3rd dose,ADMIN,Administrative coverage (doses given / target population),580144.0,330381,56.9
COUNTRIES,CHN,China,2019,HEPB3,Hepatitis B - 3rd dose,OFFICIAL,Official country-reported coverage estimate,4557787.0,3194810,70.1
COUNTRIES,CHN,China,2019,HEPB3,Hepatitis B - 3rd dose,WUENIC,WHO/UNICEF Estimates of National Immunization Coverage,4008679.0,2789005,69.6
COUNTRIES,CHN,China,2019,PCV3,Pneumococcal conjugate vaccine - 3rd dose,ADMIN,Administrative coverage (doses given / target population),845082.0,518049,61.3
COUNTRIES,CHN,China,2019,PCV3,Pneumococcal conjugate vaccine - 3rd dose,OFFICIAL,Official country-reported coverage estimate,3032792.0,1853863,61.1
COUNTRIES,CHN,China,2019,PCV3,Pneumococcal conjugate vaccine - 3rd dose,WUENIC,WHO/UNICEF Estimates of National Immunization Coverage,3183873.0,2054500,64.5
COUNTRIES,CHN,China,2020,BCG,Bacille Calmette-Guerin (Tuberculosis),ADMIN,Administrative coverage (doses given / target population),1294118.0,873505,67.5
COUNTRIES,CHN,China,2020,BCG,Bacille Calmette-Guerin (Tuberculosis),OFFICIAL,Official country-reported coverage estimate,560342.0,335077,59.8
COUNTRIES,CHN,China,2020,BCG,Bacille Calmette-Guerin (Tuberculosis),WUENIC,WHO/UNICEF Estimates of National Immunization Coverage,1373582.0,807846,58.8
COUNTRIES,CHN,China,2020,DTP1,Diphtheria/Tetanus/Pertussis - 1st dose,ADMIN,Administrative coverage (doses given / target population),3533660.0,2110650,59.7
COUNTRIES,CHN,China,2020,DTP1,Diphtheria/Tetanus/Pertussis - 1st dose,OFFICIAL,Official country-reported coverage estimate,1625256.0,1044358,64.3
COUNTRIES,CHN,China,2020,DTP1,Diphtheria/Tetanus/Pertussis - 1st dose,WUENIC,WHO/UNICEF Estimates of National Immunization Coverage,1156543.0,839022,72.5
COUNTRIES,CHN,China,2020,DTP3,Diphtheria/Tetanus/Pertussis - 3rd dose,ADMIN,Administrative coverage (doses given / target population),4983881.0,3491801,70.1
COUNTRIES,CHN,China,2020,DTP3,Diphtheria/Tetanus/Pertussis - 3rd dose,OFFICIAL,Official country-reported coverage estimate,1798279.0,1084908,60.3
COUNTRIES,CHN,China,2020,DTP3,Diphtheria/Tetanus/Pertussis - 3rd dose,WUENIC,WHO/UNICEF Estimates of National Immunization Coverage,2625675.0,1800056,68.6
COUNTRIES,CHN,China,2020,MCV1,Measles-containing vaccine - 1st dose,ADMIN,Administrative coverage (doses given / target population),3331492.0,2103970,
COUNTRIES,CHN,China,2020,MCV1,Measles-containing vaccine - 1st dose,OFFICIAL,Official country-reported coverage estimate,4696309.0,3267319,69.6
COUNTRIES,CHN,China,2020,MCV1,Measles-containing vaccine - 1st dose,WUENIC,WHO/UNICEF Estimates of National Immunization Coverage,267098.0,173163,64.8
COUNTRIES,CHN,China,2020,MCV2,Measles-containing vaccine - 2nd dose (booster),ADMIN,Administrative coverage (doses given / target population),3451642.0,2639826,76.5
COUNTRIES,CHN,China,2020,MCV2,Measles-containing vaccine - 2nd dose (booster),OFFICIAL,Official country-reported coverage estimate,3271360.0,2155589,65.9
COUNTRIES,CHN,China,2020,MCV2,Measles-containing vaccine - 2nd dose (booster),WUENIC,WHO/UNICEF Estimates of National Immunization Coverage,1053974.0,740734,70.3
COUNTRIES,CHN,China,2020,POL3,Polio - 3rd dose,ADMIN,Administrative coverage (doses given / target population),1212980.0,704989,58.1
COUNTRIES,CHN,China,2020,POL3,Polio - 3rd dose,OFFICIAL,Official country-reported coverage estimate,4839379.0,2996657,61.9
COUNTRIES,CHN,China,2020,POL3,Polio - 3rd dose,WUENIC,WHO/UNICEF Estimates of National Immunization Coverage,,2252320,61.8
COUNTRIES,CHN,China,2020,HEPB3,Hepatitis B - 3rd dose,ADMIN,Administrative coverage (doses given / target population),4291547.0,3030338,70.6
COUNTRIES,CHN,China,2020,HEPB3,Hepatitis B - 3rd dose,OFFICIAL,Official country-reported coverage estimate,2557396.0,1904106,74.5
COUNTRIES,CHN,China,2020,HEPB3,Hepatitis B - 3rd dose,WUENIC,WHO/UNICEF Estimates of National Immunization Coverage,4796697.0,3081870,64.2
COUNTRIES,CHN,China,2020,PCV3,Pneumococcal conjugate vaccine - 3rd dose,ADMIN,Administrative coverage (doses given / target population),2215350.0,1205825,54.4
COUNTRIES,CHN,China,2020,PCV3,Pneumococcal conjugate vaccine - 3rd dose,OFFICIAL,Official country-reported coverage estimate,2698512.0,1810122,67.1
COUNTRIES,CHN,China,2020,PCV3,Pneumococcal conjugate vaccine - 3rd dose,WUENIC,WHO/UNICEF Estimates of National Immunization Coverage,4401611.0,2994041,68.0
COUNTRIES,CHN,China,2021,BCG,Bacille Calmette-Guerin (Tuberculosis),ADMIN,Administrative coverage (doses given / target population),1664924.0,1244822,74.8
COUNTRIES,CHN,China,2021,BCG,Bacille Calmette-Guerin (Tuberculosis),OFFICIAL,Official country-reported coverage estimate,3065533.0,2208235,72.0
COUNTRIES,CHN,China,2021,BCG,Bacille Calmette-Guerin (Tuberculosis),WUENIC,WHO/UNICEF Estimates of National Immunization Coverage,3665811.0,2355135,64.2
COUNTRIES,CHN,China,2021,DTP1,Diphtheria/Tetanus/Pertussis - 1st dose,ADMIN,Administrative coverage (doses given / target population),2980414.0,1989571,66.8
COUNTRIES,CHN,China,2021,DTP1,Diphtheria/Tetanus/Pertussis - 1st dose,OFFICIAL,Official country-reported coverage estimate,4258729.0,2995024,70.3
COUNTRIES,CHN,China,2021,DTP1,Diphtheria/Tetanus/Pertussis - 1st dose,WUENIC,WHO/UNICEF Estimates of National Immunization Coverage,4265627.0,2963134,69.5
COUNTRIES,CHN,China,2021,DTP3,Diphtheria/Tetanus/Pertussis - 3rd dose,ADMIN,Administrative coverage (doses given / target population),1579184.0,1176568,74.5
COUNTRIES,CHN,China,2021,DTP3,Diphtheria/Tetanus/Pertussis - 3rd dose,OFFICIAL,Official country-reported coverage estimate,3094189.0,2102123,67.9
COUNTRIES,CHN,China,2021,DTP3,Diphtheria/Tetanus/Pertussis - 3rd dose,WUENIC,WHO/UNICEF Estimates of National Immunization Coverage,3847399.0,2578367,67.0
COUNTRIES,CHN,China,2021,MCV1,Measles-containing vaccine - 1st dose,ADMIN,Administrative coverage (doses given / target population),990974.0,683882,69.0
COUNTRIES,CHN,China,2021,MCV1,Measles-containing vaccine - 1st dose,OFFICIAL,Official country-reported coverage estimate,687861.0,449166,65.3
COUNTRIES,CHN,China,2021,MCV1,Measles-containing vaccine - 1st dose,WUENIC,WHO/UNICEF Estimates of National Immunization Coverage,1241677.0,897627,72.3
COUNTRIES,CHN,China,2021,MCV2,Measles-containing vaccine - 2nd dose (booster),ADMIN,Administrative coverage (doses given / target population),2799777.0,1664008,59.4
COUNTRIES,CHN,China,2021,MCV2,Measles-containing vaccine - 2nd dose (booster),OFFICIAL,Official country-reported coverage estimate,2019855.0,1188339,58.8
COUNTRIES,CHN,China,2021,MCV2,Measles-containing vaccine - 2nd dose (booster),WUENIC,WHO/UNICEF Estimates of National Immunization Coverage,3015032.0,2246193,74.5
COUNTRIES,CHN,China,2021,POL3,Polio - 3rd dose,ADMIN,Administrative coverage (doses given / target population),1186779.0,821979,69.3
COUNTRIES,CHN,China,2021,POL3,Polio - 3rd dose,OFFICIAL,Official country-reported coverage estimate,3217849.0,2370383,73.7
COUNTRIES,CHN,China,2021,POL3,Polio - 3rd dose,WUENIC,WHO/UNICEF Estimates of National Immunization Coverage,4902210.0,3501437,71.4
COUNTRIES,CHN,China,2021,HEPB3,Hepatitis B - 3rd dose,ADMIN,Administrative coverage (doses given / target population),2470150.0,1919615,77.7
COUNTRIES,CHN,China,2021,HEPB3,Hepatitis B - 3rd dose,OFFICIAL,Official country-reported coverage estimate,2814892.0,1985673,70.5
COUNTRIES,CHN,China,2021,HEPB3,Hepatitis B - 3rd dose,WUENIC,WHO/UNICEF Estimates of National Immunization Coverage,2765092.0,1750698,63.3
COUNTRIES,CHN,China,2021,PCV3,Pneumococcal conjugate vaccine - 3rd dose,ADMIN,Administrative coverage (doses given / target population),1409693.0,970779,68.9
COUNTRIES,CHN,China,2021,PCV3,Pneumococcal conjugate vaccine - 3rd dose,OFFICIAL,Official country-reported coverage estimate,,3503002,71.5
COUNTRIES,CHN,China,2021,PCV3,Pneumococcal conjugate vaccine - 3rd dose,WUENIC,WHO/UNICEF Estimates of National Immunization Coverage,3033071.0,1868447,61.6
COUNTRIES,CHN,China,2022,BCG,Bacille Calmette-Guerin (Tuberculosis),ADMIN,Administrative coverage (doses given / target population),3637447.0,2349580,64.6
COUNTRIES,CHN,China,2022,BCG,Bacille Calmette-Guerin (Tuberculosis),OFFICIAL,Official country-reported coverage estimate,847901.0,560779,66.1
COUNTRIES,CHN,China,2022,BCG,Bacille Calmette-Guerin (Tuberculosis),WUENIC,WHO/UNICEF Estimates of National Immunization Coverage,1092964.0,729625,66.8
COUNTRIES,CHN,China,2022,DTP1,Diphtheria/Tetanus/Pertussis - 1st dose,ADMIN,Administrative coverage (doses given / target population),4613510.0,3647450,79.1
COUNTRIES,CHN,China,2022,DTP1,Diphtheria/Tetanus/Pertussis - 1st dose,OFFICIAL,Official country-reported coverage estimate,256122.0,178903,69.9
COUNTRIES,CHN,China,2022,DTP1,Diphtheria/Tetanus/Pertussis - 1st dose,WUENIC,WHO/UNICEF Estimates of National Immunization Coverage,1819566.0,1229520,67.6
COUNTRIES,CHN,China,2022,DTP3,Diphtheria/Tetanus/Pertussis - 3rd dose,ADMIN,Administrative coverage (doses given / target population),1916355.0,1427756,74.5
COUNTRIES,CHN,China,2022,DTP3,Diphtheria/Tetanus/Pertussis - 3rd dose,OFFICIAL,Official country-reported coverage estimate,1506898.0,945503,62.7
COUNTRIES,CHN,China,2022,DTP3,Diphtheria/Tetanus/Pertussis - 3rd dose,WUENIC,WHO/UNICEF Estimates of National Immunization Coverage,4714391.0,2677405,56.8
COUNTRIES,CHN,China,2022,MCV1,Measles-containing vaccine - 1st dose,ADMIN,Administrative coverage (doses given / target population),2553381.0,1901312,74.5
COUNTRIES,CHN,China,2022,MCV1,Measles-containing vaccine - 1st dose,OFFICIAL,Official country-reported coverage estimate,2022444.0,1379396,68.2
COUNTRIES,CHN,China,2022,MCV1,Measles-containing vaccine - 1st dose,WUENIC,WHO/UNICEF Estimates of National Immunization Coverage,2465482.0,1355370,55.0
COUNTRIES,CHN,China,2022,MCV2,Measles-containing vaccine - 2nd dose (booster),ADMIN,Administrative coverage (doses given / target population),4575596.0,2850568,62.3
COUNTRIES,CHN,China,2022,MCV2,Measles-containing vaccine - 2nd dose (booster),OFFICIAL,Official country-reported coverage estimate,3600688.0,2295216,63.7
COUNTRIES,CHN,China,2022,MCV2,Measles-containing vaccine - 2nd dose (booster),WUENIC,WHO/UNICEF Estimates of National Immunization Coverage,2199865.0,1523434,69.3
COUNTRIES,CHN,China,2022,POL3,Polio - 3rd dose,ADMIN,Administrative coverage (doses given / target population),2112670.0,1368910,64.8
COUNTRIES,CHN,China,2022,POL3,Polio - 3rd dose,OFFICIAL,Official country-reported coverage estimate,450192.0,308286,68.5
COUNTRIES,CHN,China,2022,POL3,Polio - 3rd dose,WUENIC,WHO/UNICEF Estimates of National Immunization Coverage,2097335.0,1368870,65.3
COUNTRIES,CHN,China,2022,HEPB3,Hepatitis B - 3rd dose,ADMIN,Administrative coverage (doses given / target population),3757169.0,2469532,65.7
COUNTRIES,CHN,China,2022,HEPB3,Hepatitis B - 3rd dose,OFFICIAL,Official country-reported coverage estimate,4689933.0,3271766,69.8
COUNTRIES,CHN,China,2022,HEPB3,Hepatitis B - 3rd dose,WUENIC,WHO/UNICEF Estimates of National Immunization Coverage,136731.0,81003,59.2
COUNTRIES,CHN,China,2022,PCV3,Pneumococcal conjugate vaccine - 3rd dose,ADMIN,Administrative coverage (doses given / target population),3806377.0,2803713,73.7
COUNTRIES,CHN,China,2022,PCV3,Pneumococcal conjugate vaccine - 3rd dose,OFFICIAL,Official country-reported coverage estimate,629280.0,409319,65.0
COUNTRIES,CHN,China,2022,PCV3,Pneumococcal conjugate vaccine - 3rd dose,WUENIC,WHO/UNICEF Estimates of National Immunization Coverage,4974374.0,3183735,64.0
COUNTRIES,CHN,China,2023,BCG,Bacille Calmette-Guerin (Tuberculosis),ADMIN,Administrative coverage (doses given / target population),4509200.0,3223802,71.5
COUNTRIES,CHN,China,2023,BCG,Bacille Calmette-Guerin (Tuberculosis),OFFICIAL,Official country-reported coverage estimate,3235138.0,2422617,74.9
COUNTRIES,CHN,China,2023,BCG,Bacille Calmette-Guerin (Tuberculosis),WUENIC,WHO/UNICEF Estimates of National Immunization Coverage,1195547.0,856530,71.6
COUNTRIES,CHN,China,2023,DTP1,Diphtheria/Tetanus/Pertussis - 1st dose,ADMIN,Administrative coverage (doses given / target population),2838117.0,1966782,69.3
COUNTRIES,CHN,China,2023,DTP1,Diphtheria/Tetanus/Pertussis - 1st dose,OFFICIAL,Official country-reported coverage estimate,4392796.0,3493466,79.5
COUNTRIES,CHN,China,2023,DTP1,Diphtheria/Tetanus/Pertussis - 1st dose,WUENIC,WHO/UNICEF Estimates of National Immunization Coverage,3091296.0,1839051,59.5
COUNTRIES,CHN,China,2023,DTP3,Diphtheria/Tetanus/Pertussis - 3rd dose,ADMIN,Administrative coverage (doses given / target population),4300285.0,3030139,70.5
COUNTRIES,CHN,China,2023,DTP3,Diphtheria/Tetanus/Pertussis - 3rd dose,OFFICIAL,Official country-reported coverage estimate,865295.0,603783,69.8
COUNTRIES,CHN,China,2023,DTP3,Diphtheria/Tetanus/Pertussis - 3rd dose,WUENIC,WHO/UNICEF Estimates of National Immunization Coverage,3448139.0,2520156,73.1
COUNTRIES,CHN,China,2023,MCV1,Measles-containing vaccine - 1st dose,ADMIN,Administrative coverage (doses given / target population),,2463039,58.8
COUNTRIES,CHN,China,2023,MCV1,Measles-containing vaccine - 1st dose,OFFICIAL,Official country-reported coverage estimate,3764689.0,2437285,64.7
COUNTRIES,CHN,China,2023,MCV1,Measles-containing vaccine - 1st dose,WUENIC,WHO/UNICEF Estimates of National Immunization Coverage,3779174.0,2420944,64.1
COUNTRIES,CHN,China,2023,MCV2,Measles-containing vaccine - 2nd dose (booster),ADMIN,Administrative coverage (doses given / target population),172613.0,128749,74.6
COUNTRIES,CHN,China,2023,MCV2,Measles-containing vaccine - 2nd dose (booster),OFFICIAL,Official country-reported coverage estimate,4635638.0,3062506,66.1
COUNTRIES,CHN,China,2023,MCV2,Measles-containing vaccine - 2nd dose (booster),WUENIC,WHO/UNICEF Estimates of National Immunization Coverage,4746779.0,3247858,68.4
COUNTRIES,CHN,China,2023,POL3,Polio - 3rd dose,ADMIN,Administrative coverage (doses given / target population),316184.0,198460,62.8
COUNTRIES,CHN,China,2023,POL3,Polio - 3rd dose,OFFICIAL,Official country-reported coverage estimate,2821751.0,1871583,66.3
COUNTRIES,CHN,China,2023,POL3,Polio - 3rd dose,WUENIC,WHO/UNICEF Estimates of National Immunization Coverage,1568827.0,1003170,63.9
COUNTRIES,CHN,China,2023,HEPB3,Hepatitis B - 3rd dose,ADMIN,Administrative coverage (doses given / target population),3995776.0,2778335,69.5
COUNTRIES,CHN,China,2023,HEPB3,Hepatitis B - 3rd dose,OFFICIAL,Official country-reported coverage estimate,2785112.0,1631519,58.6
COUNTRIES,CHN,China,2023,HEPB3,Hepatitis B - 3rd dose,WUENIC,WHO/UNICEF Estimates of National Immunization Coverage,662302.0,468062,70.7
COUNTRIES,CHN,China,2023,PCV3,Pneumococcal conjugate vaccine - 3rd dose,ADMIN,Administrative coverage (doses given / target population),1108399.0,700865,63.2
COUNTRIES,CHN,China,2023,PCV3,Pneumococcal conjugate vaccine - 3rd dose,OFFICIAL,Official country-reported coverage estimate,941191.0,685276,72.8
COUNTRIES,CHN,China,2023,PCV3,Pneumococcal conjugate vaccine - 3rd dose,WUENIC,WHO/UNICEF Estimates of National Immunization Coverage,1533252.0,927590,60.5
COUNTRIES,ZAF,South Africa,2010,BCG,Bacille Calmette-Guerin (Tuberculosis),ADMIN,Administrative coverage (doses given / target population),1689328.0,1149352,68.0
COUNTRIES,ZAF,South Africa,2010,BCG,Bacille Calmette-Guerin (Tuberculosis),OFFICIAL,Official country-reported coverage estimate,2414873.0,1451312,60.1
COUNTRIES,ZAF,South Africa,2010,BCG,Bacille Calmette-Guerin (Tuberculosis),WUENIC,WHO/UNICEF Estimates of National Immunization Coverage,1209303.0,633503,52.4
COUNTRIES,ZAF,South Africa,2010,DTP1,Diphtheria/Tetanus/Pertussis - 1st dose,ADMIN,Administrative coverage (doses given / target population),247433.0,135907,54.9
COUNTRIES,ZAF,South Africa,2010,DTP1,Diphtheria/Tetanus/Pertussis - 1st dose,OFFICIAL,Official country-reported coverage estimate,,2266277,63.3
COUNTRIES,ZAF,South Africa,2010,DTP1,Diphtheria/Tetanus/Pertussis - 1st dose,WUENIC,WHO/UNICEF Estimates of National Immunization Coverage,3126328.0,1667238,53.3
COUNTRIES,ZAF,South Africa,2010,DTP3,Diphtheria/Tetanus/Pertussis - 3rd dose,ADMIN,Administrative coverage (doses given / target population),3737395.0,2077457,55.6
COUNTRIES,ZAF,South Africa,2010,DTP3,Diphtheria/Tetanus/Pertussis - 3rd dose,OFFICIAL,Official country-reported coverage estimate,4650655.0,2405754,51.7
COUNTRIES,ZAF,South Africa,2010,DTP3,Diphtheria/Tetanus/Pertussis - 3rd dose,WUENIC,WHO/UNICEF Estimates of National Immunization Coverage,434963.0,183747,42.2
COUNTRIES,ZAF,South Africa,2010,MCV1,Measles-containing vaccine - 1st dose,ADMIN,Administrative coverage (doses given / target population),4484722.0,2568170,57.3
COUNTRIES,ZAF,South Africa,2010,MCV1,Measles-containing vaccine - 1st dose,OFFICIAL,Official country-reported coverage estimate,3860692.0,2429839,62.9
COUNTRIES,ZAF,South Africa,2010,MCV1,Measles-containing vaccine - 1st dose,WUENIC,WHO/UNICEF Estimates of National Immunization Coverage,1420176.0,662819,46.7
COUNTRIES,ZAF,South Africa,2010,MCV2,Measles-containing vaccine - 2nd dose (booster),ADMIN,Administrative coverage (doses given / target population),4912356.0,3090514,62.9
COUNTRIES,ZAF,South Africa,2010,MCV2,Measles-containing vaccine - 2nd dose (booster),OFFICIAL,Official country-reported coverage estimate,2395974.0,1569404,65.5
COUNTRIES,ZAF,South Africa,2010,MCV2,Measles-containing vaccine - 2nd dose (booster),WUENIC,WHO/UNICEF Estimates of National Immunization Coverage,1804107.0,1155942,64.1
COUNTRIES,ZAF,South Africa,2010,POL3,Polio - 3rd dose,ADMIN,Administrative coverage (doses given / target population),68441.0,33646,49.2
COUNTRIES,ZAF,South Africa,2010,POL3,Polio - 3rd dose,OFFICIAL,Official country-reported coverage estimate,1576736.0,841385,53.4
COUNTRIES,ZAF,South Africa,2010,POL3,Polio - 3rd dose,WUENIC,WHO/UNICEF Estimates of National Immunization Coverage,2303390.0,1107494,48.1
COUNTRIES,ZAF,South Africa,2010,HEPB3,Hepatitis B - 3rd dose,ADMIN,Administrative coverage (doses given / target population),2454754.0,1424313,58.0
COUNTRIES,ZAF,South Africa,2010,HEPB3,Hepatitis B - 3rd dose,OFFICIAL,Official country-reported coverage estimate,4700648.0,2493396,53.0
COUNTRIES,ZAF,South Africa,2010,HEPB3,Hepatitis B - 3rd dose,WUENIC,WHO/UNICEF Estimates of National Immunization Coverage,3081524.0,1452632,47.1
COUNTRIES,ZAF,South Africa,2010,PCV3,Pneumococcal conjugate vaccine - 3rd dose,ADMIN,Administrative coverage (doses given / target population),3261792.0,1475207,45.2
COUNTRIES,ZAF,South Africa,2010,PCV3,Pneumococcal conjugate vaccine - 3rd dose,OFFICIAL,Official country-reported coverage estimate,1524677.0,966832,63.4
COUNTRIES,ZAF,South Africa,2010,PCV3,Pneumococcal conjugate vaccine - 3rd dose,WUENIC,WHO/UNICEF Estimates of National Immunization Coverage,3744094.0,1935460,51.7
COUNTRIES,ZAF,South Africa,2011,BCG,Bacille Calmette-Guerin (Tuberculosis),ADMIN,Administrative coverage (doses given / target population),4199777.0,2709129,64.5
COUNTRIES,ZAF,South Africa,2011,BCG,Bacille Calmette-Guerin (Tuberculosis),OFFICIAL,Official country-reported coverage estimate,3147129.0,1916748,60.9
COUNTRIES,ZAF,South Africa,2011,BCG,Bacille Calmette-Guerin (Tuberculosis),WUENIC,WHO/UNICEF Estimates of National Immunization Coverage,3729106.0,2422442,65.0
COUNTRIES,ZAF,South Africa,2011,DTP1,Diphtheria/Tetanus/Pertussis - 1st dose,ADMIN,Administrative coverage (doses given / target population),913239.0,493196,54.0
COUNTRIES,ZAF,South Africa,2011,DTP1,Diphtheria/Tetanus/Pertussis - 1st dose,OFFICIAL,Official country-reported coverage estimate,3036915.0,1769986,58.3
COUNTRIES,ZAF,South Africa,2011,DTP1,Diphtheria/Tetanus/Pertussis - 1st dose,WUENIC,WHO/UNICEF Estimates of National Immunization Coverage,71199.0,40407,56.8
COUNTRIES,ZAF,South Africa,2011,DTP3,Diphtheria/Tetanus/Pertussis - 3rd dose,ADMIN,Administrative coverage (doses given / target population),,1327923,58.8
COUNTRIES,ZAF,South Africa,2011,DTP3,Diphtheria/Tetanus/Pertussis - 3rd dose,OFFICIAL,Official country-reported coverage estimate,3306564.0,1937511,58.6
COUNTRIES,ZAF,South Africa,2011,DTP3,Diphtheria/Tetanus/Pertussis - 3rd dose,WUENIC,WHO/UNICEF Estimates of National Immunization Coverage,1260214.0,796458,63.2
COUNTRIES,ZAF,South Africa,2011,MCV1,Measles-containing vaccine - 1st dose,ADMIN,Administrative coverage (doses given / target population),3385761.0,1778579,52.5
COUNTRIES,ZAF,South Africa,2011,MCV1,Measles-containing vaccine - 1st dose,OFFICIAL,Official country-reported coverage estimate,1681406.0,951974,56.6
COUNTRIES,ZAF,South Africa,2011,MCV1,Measles-containing vaccine - 1st dose,WUENIC,WHO/UNICEF Estimates of National Immunization Coverage,162137.0,98154,60.5
COUNTRIES,ZAF,South Africa,2011,MCV2,Measles-containing vaccine - 2nd dose (booster),ADMIN,Administrative coverage (doses given / target population),1602935.0,1021629,63.7
COUNTRIES,ZAF,South Africa,2011,MCV2,Measles-containing vaccine - 2nd dose (booster),OFFICIAL,Official country-reported coverage estimate,2883823.0,1566709,54.3
COUNTRIES,ZAF,South Africa,2011,MCV2,Measles-containing vaccine - 2nd dose (booster),WUENIC,WHO/UNICEF Estimates of National Immunization Coverage,3729829.0,2070819,55.5
COUNTRIES,ZAF,South Africa,2011,POL3,Polio - 3rd dose,ADMIN,Administrative coverage (doses given / target population),655923.0,381067,58.1
COUNTRIES,ZAF,South Africa,2011,POL3,Polio - 3rd dose,OFFICIAL,Official country-reported coverage estimate,592358.0,336017,56.7
COUNTRIES,ZAF,South Africa,2011,POL3,Polio - 3rd dose,WUENIC,WHO/UNICEF Estimates of National Immunization Coverage,4872393.0,3207134,65.8
COUNTRIES,ZAF,South Africa,2011,HEPB3,Hepatitis B - 3rd dose,ADMIN,Administrative coverage (doses given / target population),3755142.0,2286205,
COUNTRIES,ZAF,South Africa,2011,HEPB3,Hepatitis B - 3rd dose,OFFICIAL,Official country-reported coverage estimate,3778882.0,2222331,58.8
COUNTRIES,ZAF,South Africa,2011,HEPB3,Hepatitis B - 3rd dose,WUENIC,WHO/UNICEF Estimates of National Immunization Coverage,3482352.0,1890091,54.3
COUNTRIES,ZAF,South Africa,2011,PCV3,Pneumococcal conjugate vaccine - 3rd dose,ADMIN,Administrative coverage (doses given / target population),902181.0,473511,52.5
COUNTRIES,ZAF,South Africa,2011,PCV3,Pneumococcal conjugate vaccine - 3rd dose,OFFICIAL,Official country-reported coverage estimate,,1111770,59.0
COUNTRIES,ZAF,South Africa,2011,PCV3,Pneumococcal conjugate vaccine - 3rd dose,WUENIC,WHO/UNICEF Estimates of National Immunization Coverage,,509081,57.1
COUNTRIES,ZAF,South Africa,2012,BCG,Bacille Calmette-Guerin (Tuberculosis),ADMIN,Administrative coverage (doses given / target population),1702618.0,1134247,66.6
COUNTRIES,ZAF,South Africa,2012,BCG,Bacille Calmette-Guerin (Tuberculosis),OFFICIAL,Official country-reported coverage estimate,4652928.0,2463001,52.9
COUNTRIES,ZAF,South Africa,2012,BCG,Bacille Calmette-Guerin (Tuberculosis),WUENIC,WHO/UNICEF Estimates of National Immunization Coverage,4503015.0,2259254,50.2
COUNTRIES,ZAF,South Africa,2012,DTP1,Diphtheria/Tetanus/Pertussis - 1st dose,ADMIN,Administrative coverage (doses given / target population),2283382.0,1620555,71.0
COUNTRIES,ZAF,South Africa,2012,DTP1,Diphtheria/Tetanus/Pertussis - 1st dose,OFFICIAL,Official country-reported coverage estimate,3822763.0,2357432,61.7
COUNTRIES,ZAF,South Africa,2012,DTP1,Diphtheria/Tetanus/Pertussis - 1st dose,WUENIC,WHO/UNICEF Estimates of National Immunization Coverage,4559379.0,2313804,50.7
COUNTRIES,ZAF,South Africa,2012,DTP3,Diphtheria/Tetanus/Pertussis - 3rd dose,ADMIN,Administrative coverage (doses given / target population),1251187.0,773796,61.8
COUNTRIES,ZAF,South Africa,2012,DTP3,Diphtheria/Tetanus/Pertussis - 3rd dose,OFFICIAL,Official country-reported coverage estimate,1906812.0,1092087,57.3
COUNTRIES,ZAF,South Africa,2012,DTP3,Diphtheria/Tetanus/Pertussis - 3rd dose,WUENIC,WHO/UNICEF Estimates of National Immunization Coverage,398092.0,289255,72.7
COUNTRIES,ZAF,South Africa,2012,MCV1,Measles-containing vaccine - 1st dose,ADMIN,Administrative coverage (doses given / target population),657233.0,349037,53.1
COUNTRIES,ZAF,South Africa,2012,MCV1,Measles-containing vaccine - 1st dose,OFFICIAL,Official country-reported coverage estimate,4375524.0,2341909,53.5
COUNTRIES,ZAF,South Africa,2012,MCV1,Measles-containing vaccine - 1st dose,WUENIC,WHO/UNICEF Estimates of National Immunization Coverage,538886.0,368741,68.4
COUNTRIES,ZAF,South Africa,2012,MCV2,Measles-containing vaccine - 2nd dose (booster),ADMIN,Administrative coverage (doses given / target population),4006360.0,2322739,58.0
COUNTRIES,ZAF,South Africa,2012,MCV2,Measles-containing vaccine - 2nd dose (booster),OFFICIAL,Official country-reported coverage estimate,2239297.0,1321383,59.0
COUNTRIES,ZAF,South Africa,2012,MCV2,Measles-containing vaccine - 2nd dose (booster),WUENIC,WHO/UNICEF Estimates of National Immunization Coverage,1815892.0,1164525,64.1
COUNTRIES,ZAF,South Africa,2012,POL3,Polio - 3rd dose,ADMIN,Administrative coverage (doses given / target population),1005223.0,568052,56.5
COUNTRIES,ZAF,South Africa,2012,POL3,Polio - 3rd dose,OFFICIAL,Official country-reported coverage estimate,141936.0,88627,62.4
COUNTRIES,ZAF,South Africa,2012,POL3,Polio - 3rd dose,WUENIC,WHO/UNICEF Estimates of National Immunization Coverage,4581419.0,2641715,57.7
COUNTRIES,ZAF,South Africa,2012,HEPB3,Hepatitis B - 3rd dose,ADMIN,Administrative coverage (doses given / target population),3815583.0,2245582,58.9
COUNTRIES,ZAF,South Africa,2012,HEPB3,Hepatitis B - 3rd dose,OFFICIAL,Official country-reported coverage estimate,3576782.0,2273460,63.6
COUNTRIES,ZAF,South Africa,2012,HEPB3,Hepatitis B - 3rd dose,WUENIC,WHO/UNICEF Estimates of National Immunization Coverage,2008562.0,1251382,62.3
COUNTRIES,ZAF,South Africa,2012,PCV3,Pneumococcal conjugate vaccine - 3rd dose,ADMIN,Administrative coverage (doses given / target population),583061.0,370881,63.6
COUNTRIES,ZAF,South Africa,2012,PCV3,Pneumococcal conjugate vaccine - 3rd dose,OFFICIAL,Official country-reported coverage estimate,1404480.0,766041,54.5
COUNTRIES,ZAF,South Africa,2012,PCV3,Pneumococcal conjugate vaccine - 3rd dose,WUENIC,WHO/UNICEF Estimates of National Immunization Coverage,736602.0,461948,62.7
COUNTRIES,ZAF,South Africa,2013,BCG,Bacille Calmette-Guerin (Tuberculosis),ADMIN,Administrative coverage (doses given / target population),4516969.0,2288012,50.7
COUNTRIES,ZAF,South Africa,2013,BCG,Bacille Calmette-Guerin (Tuberculosis),OFFICIAL,Official country-reported coverage estimate,1343426.0,768722,57.2
COUNTRIES,ZAF,South Africa,2013,BCG,Bacille Calmette-Guerin (Tuberculosis),WUENIC,WHO/UNICEF Estimates of National Immunization Coverage,267472.0,150123,56.1
COUNTRIES,ZAF,South Africa,2013,DTP1,Diphtheria/Tetanus/Pertussis - 1st dose,ADMIN,Administrative coverage (doses given / target population),2571479.0,1750660,68.1
COUNTRIES,ZAF,South Africa,2013,DTP1,Diphtheria/Tetanus/Pertussis - 1st dose,OFFICIAL,Official country-reported coverage estimate,3506583.0,2364437,67.4
COUNTRIES,ZAF,South Africa,2013,DTP1,Diphtheria/Tetanus/Pertussis - 1st dose,WUENIC,WHO/UNICEF Estimates of National Immunization Coverage,,2502666,60.8
COUNTRIES,ZAF,South Africa,2013,DTP3,Diphtheria/Tetanus/Pertussis - 3rd dose,ADMIN,Administrative coverage (doses given / target population),1977170.0,1059167,53.6
COUNTRIES,ZAF,South Africa,2013,DTP3,Diphtheria/Tetanus/Pertussis - 3rd dose,OFFICIAL,Official country-reported coverage estimate,1327701.0,786809,59.3
COUNTRIES,ZAF,South Africa,2013,DTP3,Diphtheria/Tetanus/Pertussis - 3rd dose,WUENIC,WHO/UNICEF Estimates of National Immunization Coverage,2956022.0,1507180,51.0
COUNTRIES,ZAF,South Africa,2013,MCV1,Measles-containing vaccine - 1st dose,ADMIN,Administrative coverage (doses given / target population),4385292.0,2453672,56.0
COUNTRIES,ZAF,South Africa,2013,MCV1,Measles-containing vaccine - 1st dose,OFFICIAL,Official country-reported coverage estimate,4135758.0,2550536,61.7
COUNTRIES,ZAF,South Africa,2013,MCV1,Measles-containing vaccine - 1st dose,WUENIC,WHO/UNICEF Estimates of National Immunization Coverage,2161843.0,1339425,62.0
COUNTRIES,ZAF,South Africa,2013,MCV2,Measles-containing vaccine - 2nd dose (booster),ADMIN,Administrative coverage (doses given / target population),1684533.0,1044455,62.0
COUNTRIES,ZAF,South Africa,2013,MCV2,Measles-containing vaccine - 2nd dose (booster),OFFICIAL,Official country-reported coverage estimate,2946090.0,1711590,58.1
COUNTRIES,ZAF,South Africa,2013,MCV2,Measles-containing vaccine - 2nd dose (booster),WUENIC,WHO/UNICEF Estimates of National Immunization Coverage,4182723.0,2354089,56.3
COUNTRIES,ZAF,South Africa,2013,POL3,Polio - 3rd dose,ADMIN,Administrative coverage (doses given / target population),1873917.0,1230477,65.7
COUNTRIES,ZAF,South Africa,2013,POL3,Polio - 3rd dose,OFFICIAL,Official country-reported coverage estimate,4466490.0,2673892,59.9
COUNTRIES,ZAF,South Africa,2013,POL3,Polio - 3rd dose,WUENIC,WHO/UNICEF Estimates of National Immunization Coverage,4355790.0,2992473,68.7
COUNTRIES,ZAF,South Africa,2013,HEPB3,Hepatitis B - 3rd dose,ADMIN,Administrative coverage (doses given / target population),2395953.0,1418461,59.2
COUNTRIES,ZAF,South Africa,2013,HEPB3,Hepatitis B - 3rd dose,OFFICIAL,Official country-reported coverage estimate,4783882.0,2457259,51.4
COUNTRIES,ZAF,South Africa,2013,HEPB3,Hepatitis B - 3rd dose,WUENIC,WHO/UNICEF Estimates of National Immunization Coverage,4267992.0,2504862,58.7
COUNTRIES,ZAF,South Africa,2013,PCV3,Pneumococcal conjugate vaccine - 3rd dose,ADMIN,Administrative coverage (doses given / target population),4305564.0,2560486,59.5
COUNTRIES,ZAF,South Africa,2013,PCV3,Pneumococcal conjugate vaccine - 3rd dose,OFFICIAL,Official country-reported coverage estimate,4590658.0,2899383,63.2
COUNTRIES,ZAF,South Africa,2013,PCV3,Pneumococcal conjugate vaccine - 3rd dose,WUENIC,WHO/UNICEF Estimates of National Immunization Coverage,2907828.0,1568357,53.9
COUNTRIES,ZAF,South Africa,2014,BCG,Bacille Calmette-Guerin (Tuberculosis),ADMIN,Administrative coverage (doses given / target population),2856082.0,1786738,62.6
COUNTRIES,ZAF,South Africa,2014,BCG,Bacille Calmette-Guerin (Tuberculosis),OFFICIAL,Official country-reported coverage estimate,3670399.0,2049725,55.8
COUNTRIES,ZAF,South Africa,2014,BCG,Bacille Calmette-Guerin (Tuberculosis),WUENIC,WHO/UNICEF Estimates of National Immunization Coverage,4848925.0,2873959,59.3
COUNTRIES,ZAF,South Africa,2014,DTP1,Diphtheria/Tetanus/Pertussis - 1st dose,ADMIN,Administrative coverage (doses given / target population),,2500673,50.7
COUNTRIES,ZAF,South Africa,2014,DTP1,Diphtheria/Tetanus/Pertussis - 1st dose,OFFICIAL,Official country-reported coverage estimate,,2381529,60.7
COUNTRIES,ZAF,South Africa,2014,DTP1,Diphtheria/Tetanus/Pertussis - 1st dose,WUENIC,WHO/UNICEF Estimates of National Immunization Coverage,605816.0,328100,54.2
COUNTRIES,ZAF,South Africa,2014,DTP3,Diphtheria/Tetanus/Pertussis - 3rd dose,ADMIN,Administrative coverage (doses given / target population),4290102.0,2070106,48.3
COUNTRIES,ZAF,South Africa,2014,DTP3,Diphtheria/Tetanus/Pertussis - 3rd dose,OFFICIAL,Official country-reported coverage estimate,1570299.0,832143,53.0
COUNTRIES,ZAF,South Africa,2014,DTP3,Diphtheria/Tetanus/Pertussis - 3rd dose,WUENIC,WHO/UNICEF Estimates of National Immunization Coverage,3186493.0,2325508,73.0
COUNTRIES,ZAF,South Africa,2014,MCV1,Measles-containing vaccine - 1st dose,ADMIN,Administrative coverage (doses given / target population),2269370.0,1451213,63.9
COUNTRIES,ZAF,South Africa,2014,MCV1,Measles-containing vaccine - 1st dose,OFFICIAL,Official country-reported coverage estimate,4712859.0,2686222,57.0
COUNTRIES,ZAF,South Africa,2014,MCV1,Measles-containing vaccine - 1st dose,WUENIC,WHO/UNICEF Estimates of National Immunization Coverage,,2059183,53.9
COUNTRIES,ZAF,South Africa,2014,MCV2,Measles-containing vaccine - 2nd dose (booster),ADMIN,Administrative coverage (doses given / target population),3240653.0,1894388,58.5
COUNTRIES,ZAF,South Africa,2014,MCV2,Measles-containing vaccine - 2nd dose (booster),OFFICIAL,Official country-reported coverage estimate,1244979.0,899911,72.3
COUNTRIES,ZAF,South Africa,2014,MCV2,Measles-containing vaccine - 2nd dose (booster),WUENIC,WHO/UNICEF Estimates of National Immunization Coverage,3712534.0,1824513,49.1
COUNTRIES,ZAF,South Africa,2014,POL3,Polio - 3rd dose,ADMIN,Administrative coverage (doses given / target population),2792396.0,1552398,55.6
COUNTRIES,ZAF,South Africa,2014,POL3,Polio - 3rd dose,OFFICIAL,Official country-reported coverage estimate,2666144.0,1575968,59.1
COUNTRIES,ZAF,South Africa,2014,POL3,Polio - 3rd dose,WUENIC,WHO/UNICEF Estimates of National Immunization Coverage,1710457.0,1013062,
COUNTRIES,ZAF,South Africa,2014,HEPB3,Hepatitis B - 3rd dose,ADMIN,Administrative coverage (doses given / target population),236399.0,146334,61.9
COUNTRIES,ZAF,South Africa,2014,HEPB3,Hepatitis B - 3rd dose,OFFICIAL,Official country-reported coverage estimate,,2652874,53.1
COUNTRIES,ZAF,South Africa,2014,HEPB3,Hepatitis B - 3rd dose,WUENIC,WHO/UNICEF Estimates of National Immunization Coverage,4790111.0,3031590,63.3
COUNTRIES,ZAF,South Africa,2014,PCV3,Pneumococcal conjugate vaccine - 3rd dose,ADMIN,Administrative coverage (doses given / target population),1444746.0,860780,59.6
COUNTRIES,ZAF,South Africa,2014,PCV3,Pneumococcal conjugate vaccine - 3rd dose,OFFICIAL,Official country-reported coverage estimate,1461660.0,779366,53.3
COUNTRIES,ZAF,South Africa,2014,PCV3,Pneumococcal conjugate vaccine - 3rd dose,WUENIC,WHO/UNICEF Estimates of National Immunization Coverage,3209123.0,1932803,60.2
COUNTRIES,ZAF,South Africa,2015,BCG,Bacille Calmette-Guerin (Tuberculosis),ADMIN,Administrative coverage (doses given / target population),,1688325,
COUNTRIES,ZAF,South Africa,2015,BCG,Bacille Calmette-Guerin (Tuberculosis),OFFICIAL,Official country-reported coverage estimate,248154.0,157356,63.4
COUNTRIES,ZAF,South Africa,2015,BCG,Bacille Calmette-Guerin (Tuberculosis),WUENIC,WHO/UNICEF Estimates of National Immunization Coverage,3831272.0,2513746,65.6
COUNTRIES,ZAF,South Africa,2015,DTP1,Diphtheria/Tetanus/Pertussis - 1st dose,ADMIN,Administrative coverage (doses given / target population),1674310.0,1011571,60.4
COUNTRIES,ZAF,South Africa,2015,DTP1,Diphtheria/Tetanus/Pertussis - 1st dose,OFFICIAL,Official country-reported coverage estimate,4265688.0,2405397,56.4
COUNTRIES,ZAF,South Africa,2015,DTP1,Diphtheria/Tetanus/Pertussis - 1st dose,WUENIC,WHO/UNICEF Estimates of National Immunization Coverage,4325933.0,2538098,58.7
COUNTRIES,ZAF,South Africa,2015,DTP3,Diphtheria/Tetanus/Pertussis - 3rd dose,ADMIN,Administrative coverage (doses given / target population),2689818.0,1536410,57.1
COUNTRIES,ZAF,South Africa,2015,DTP3,Diphtheria/Tetanus/Pertussis - 3rd dose,OFFICIAL,Official country-reported coverage estimate,774629.0,421205,54.4
COUNTRIES,ZAF,South Africa,2015,DTP3,Diphtheria/Tetanus/Pertussis - 3rd dose,WUENIC,WHO/UNICEF Estimates of National Immunization Coverage,3859953.0,1933157,50.1
COUNTRIES,ZAF,South Africa,2015,MCV1,Measles-containing vaccine - 1st dose,ADMIN,Administrative coverage (doses given / target population),2216953.0,1298686,58.6
COUNTRIES,ZAF,South Africa,2015,MCV1,Measles-containing vaccine - 1st dose,OFFICIAL,Official country-reported coverage estimate,1346539.0,726946,54.0
COUNTRIES,ZAF,South Africa,2015,MCV1,Measles-containing vaccine - 1st dose,WUENIC,WHO/UNICEF Estimates of National Immunization Coverage,3725716.0,2146983,57.6
COUNTRIES,ZAF,South Africa,2015,MCV2,Measles-containing vaccine - 2nd dose (booster),ADMIN,Administrative coverage (doses given / target population),2053044.0,1278389,62.3
COUNTRIES,ZAF,South Africa,2015,MCV2,Measles-containing vaccine - 2nd dose (booster),OFFICIAL,Official country-reported coverage estimate,1821159.0,1173387,64.4
COUNTRIES,ZAF,South Africa,2015,MCV2,Measles-containing vaccine - 2nd dose (booster),WUENIC,WHO/UNICEF Estimates of National Immunization Coverage,3615430.0,2074075,57.4
COUNTRIES,ZAF,South Africa,2015,POL3,Polio - 3rd dose,ADMIN,Administrative coverage (doses given / target population),3345975.0,2115126,63.2
COUNTRIES,ZAF,South Africa,2015,POL3,Polio - 3rd dose,OFFICIAL,Official country-reported coverage estimate,4381193.0,2422496,55.3
COUNTRIES,ZAF,South Africa,2015,POL3,Polio - 3rd dose,WUENIC,WHO/UNICEF Estimates of National Immunization Coverage,1731434.0,1162977,67.2
COUNTRIES,ZAF,South Africa,2015,HEPB3,Hepatitis B - 3rd dose,ADMIN,Administrative coverage (doses given / target population),3558084.0,2262897,63.6
COUNTRIES,ZAF,South Africa,2015,HEPB3,Hepatitis B - 3rd dose,OFFICIAL,Official country-reported coverage estimate,2933027.0,1922404,65.5
COUNTRIES,ZAF,South Africa,2015,HEPB3,Hepatitis B - 3rd dose,WUENIC,WHO/UNICEF Estimates of National Immunization Coverage,3506947.0,2388668,68.1
COUNTRIES,ZAF,South Africa,2015,PCV3,Pneumococcal conjugate vaccine - 3rd dose,ADMIN,Administrative coverage (doses given / target population),3630877.0,2263555,62.3
COUNTRIES,ZAF,South Africa,2015,PCV3,Pneumococcal conjugate vaccine - 3rd dose,OFFICIAL,Official country-reported coverage estimate,3828481.0,2385620,62.3
COUNTRIES,ZAF,South Africa,2015,PCV3,Pneumococcal conjugate vaccine - 3rd dose,WUENIC,WHO/UNICEF Estimates of National Immunization Coverage,1058715.0,638225,60.3
COUNTRIES,ZAF,South Africa,2016,BCG,Bacille Calmette-Guerin (Tuberculosis),ADMIN,Administrative coverage (doses given / target population),2675213.0,1674478,62.6
COUNTRIES,ZAF,South Africa,2016,BCG,Bacille Calmette-Guerin (Tuberculosis),OFFICIAL,Official country-reported coverage estimate,3305893.0,1934575,58.5
COUNTRIES,ZAF,South Africa,2016,BCG,Bacille Calmette-Guerin (Tuberculosis),WUENIC,WHO/UNICEF Estimates of National Immunization Coverage,1513547.0,769952,50.9
COUNTRIES,ZAF,South Africa,2016,DTP1,Diphtheria/Tetanus/Pertussis - 1st dose,ADMIN,Administrative coverage (doses given / target population),4645120.0,2654222,57.1
COUNTRIES,ZAF,South Africa,2016,DTP1,Diphtheria/Tetanus/Pertussis - 1st dose,OFFICIAL,Official country-reported coverage estimate,3275545.0,1855039,56.6
COUNTRIES,ZAF,South Africa,2016,DTP1,Diphtheria/Tetanus/Pertussis - 1st dose,WUENIC,WHO/UNICEF Estimates of National Immunization Coverage,1850483.0,1090996,59.0
COUNTRIES,ZAF,South Africa,2016,DTP3,Diphtheria/Tetanus/Pertussis - 3rd dose,ADMIN,Administrative coverage (doses given / target population),204386.0,127546,62.4
COUNTRIES,ZAF,South Africa,2016,DTP3,Diphtheria/Tetanus/Pertussis - 3rd dose,OFFICIAL,Official country-reported coverage estimate,432466.0,242059,56.0
COUNTRIES,ZAF,South Africa,2016,DTP3,Diphtheria/Tetanus/Pertussis - 3rd dose,WUENIC,WHO/UNICEF Estimates of National Immunization Coverage,2432910.0,1593134,65.5
COUNTRIES,ZAF,South Africa,2016,MCV1,Measles-containing vaccine - 1st dose,ADMIN,Administrative coverage (doses given / target population),4428265.0,2488547,56.2
COUNTRIES,ZAF,South Africa,2016,MCV1,Measles-containing vaccine - 1st dose,OFFICIAL,Official country-reported coverage estimate,1975123.0,1290206,65.3
COUNTRIES,ZAF,South Africa,2016,MCV1,Measles-containing vaccine - 1st dose,WUENIC,WHO/UNICEF Estimates of National Immunization Coverage,3931101.0,2622799,66.7
COUNTRIES,ZAF,South Africa,2016,MCV2,Measles-containing vaccine - 2nd dose (booster),ADMIN,Administrative coverage (doses given / target population),3000537.0,2395539,79.8
COUNTRIES,ZAF,South Africa,2016,MCV2,Measles-containing vaccine - 2nd dose (booster),OFFICIAL,Official country-reported coverage estimate,769421.0,513332,66.7
COUNTRIES,ZAF,South Africa,2016,MCV2,Measles-containing vaccine - 2nd dose (booster),WUENIC,WHO/UNICEF Estimates of National Immunization Coverage,387713.0,213761,55.1
COUNTRIES,ZAF,South Africa,2016,POL3,Polio - 3rd dose,ADMIN,Administrative coverage (doses given / target population),3268550.0,1954825,59.8
COUNTRIES,ZAF,South Africa,2016,POL3,Polio - 3rd dose,OFFICIAL,Official country-reported coverage estimate,3692995.0,2608978,70.6
COUNTRIES,ZAF,South Africa,2016,POL3,Polio - 3rd dose,WUENIC,WHO/UNICEF Estimates of National Immunization Coverage,3621817.0,2508450,69.3
COUNTRIES,ZAF,South Africa,2016,HEPB3,Hepatitis B - 3rd dose,ADMIN,Administrative coverage (doses given / target population),1048892.0,554397,52.9
COUNTRIES,ZAF,South Africa,2016,HEPB3,Hepatitis B - 3rd dose,OFFICIAL,Official country-reported coverage estimate,1134627.0,718360,63.3
COUNTRIES,ZAF,South Africa,2016,HEPB3,Hepatitis B - 3rd dose,WUENIC,WHO/UNICEF Estimates of National Immunization Coverage,4768725.0,2454207,51.5
COUNTRIES,ZAF,South Africa,2016,PCV3,Pneumococcal conjugate vaccine - 3rd dose,ADMIN,Administrative coverage (doses given / target population),985281.0,609144,61.8
COUNTRIES,ZAF,South Africa,2016,PCV3,Pneumococcal conjugate vaccine - 3rd dose,OFFICIAL,Official country-reported coverage estimate,3325683.0,2188623,65.8
COUNTRIES,ZAF,South Africa,2016,PCV3,Pneumococcal conjugate vaccine - 3rd dose,WUENIC,WHO/UNICEF Estimates of National Immunization Coverage,475694.0,301458,63.4
COUNTRIES,ZAF,South Africa,2017,BCG,Bacille Calmette-Guerin (Tuberculosis),ADMIN,Administrative coverage (doses given / target population),1480511.0,812527,54.9
COUNTRIES,ZAF,South Africa,2017,BCG,Bacille Calmette-Guerin (Tuberculosis),OFFICIAL,Official country-reported coverage estimate,4654400.0,2800069,60.2
COUNTRIES,ZAF,South Africa,2017,BCG,Bacille Calmette-Guerin (Tuberculosis),WUENIC,WHO/UNICEF Estimates of National Immunization Coverage,4137660.0,2017906,48.8
COUNTRIES,ZAF,South Africa,2017,DTP1,Diphtheria/Tetanus/Pertussis - 1st dose,ADMIN,Administrative coverage (doses given / target population),4892932.0,3191822,65.2
COUNTRIES,ZAF,South Africa,2017,DTP1,Diphtheria/Tetanus/Pertussis - 1st dose,OFFICIAL,Official country-reported coverage estimate,3104315.0,2049607,66.0
COUNTRIES,ZAF,South Africa,2017,DTP1,Diphtheria/Tetanus/Pertussis - 1st dose,WUENIC,WHO/UNICEF Estimates of National Immunization Coverage,2087639.0,1407894,67.4
COUNTRIES,ZAF,South Africa,2017,DTP3,Diphtheria/Tetanus/Pertussis - 3rd dose,ADMIN,Administrative coverage (doses given / target population),1901232.0,1223088,64.3
COUNTRIES,ZAF,South Africa,2017,DTP3,Diphtheria/Tetanus/Pertussis - 3rd dose,OFFICIAL,Official country-reported coverage estimate,3454793.0,1963101,56.8
COUNTRIES,ZAF,South Africa,2017,DTP3,Diphtheria/Tetanus/Pertussis - 3rd dose,WUENIC,WHO/UNICEF Estimates of National Immunization Coverage,1330650.0,818740,61.5
COUNTRIES,ZAF,South Africa,2017,MCV1,Measles-containing vaccine - 1st dose,ADMIN,Administrative coverage (doses given / target population),1045962.0,606283,58.0
COUNTRIES,ZAF,South Africa,2017,MCV1,Measles-containing vaccine - 1st dose,OFFICIAL,Official country-reported coverage estimate,649507.0,471811,72.6
COUNTRIES,ZAF,South Africa,2017,MCV1,Measles-containing vaccine - 1st dose,WUENIC,WHO/UNICEF Estimates of National Immunization Coverage,2786117.0,1438593,51.6
COUNTRIES,ZAF,South Africa,2017,MCV2,Measles-containing vaccine - 2nd dose (booster),ADMIN,Administrative coverage (doses given / target population),840404.0,460714,54.8
COUNTRIES,ZAF,South Africa,2017,MCV2,Measles-containing vaccine - 2nd dose (booster),OFFICIAL,Official country-reported coverage estimate,858912.0,568935,66.2
COUNTRIES,ZAF,South Africa,2017,MCV2,Measles-containing vaccine - 2nd dose (booster),WUENIC,WHO/UNICEF Estimates of National Immunization Coverage,4494283.0,2834344,63.1
COUNTRIES,ZAF,South Africa,2017,POL3,Polio - 3rd dose,ADMIN,Administrative coverage (doses given / target population),1374861.0,757825,55.1
COUNTRIES,ZAF,South Africa,2017,POL3,Polio - 3rd dose,OFFICIAL,Official country-reported coverage estimate,2988157.0,1982731,66.4
COUNTRIES,ZAF,South Africa,2017,POL3,Polio - 3rd dose,WUENIC,WHO/UNICEF Estimates of National Immunization Coverage,984226.0,702877,71.4
COUNTRIES,ZAF,South Africa,2017,HEPB3,Hepatitis B - 3rd dose,ADMIN,Administrative coverage (doses given / target population),1703637.0,943899,55.4
COUNTRIES,ZAF,South Africa,2017,HEPB3,Hepatitis B - 3rd dose,OFFICIAL,Official country-reported coverage estimate,204822.0,128675,62.8
COUNTRIES,ZAF,South Africa,2017,HEPB3,Hepatitis B - 3rd dose,WUENIC,WHO/UNICEF Estimates of National Immunization Coverage,269135.0,165259,61.4
COUNTRIES,ZAF,South Africa,2017,PCV3,Pneumococcal conjugate vaccine - 3rd dose,ADMIN,Administrative coverage (doses given / target population),1799364.0,1251647,69.6
COUNTRIES,ZAF,South Africa,2017,PCV3,Pneumococcal conjugate vaccine - 3rd dose,OFFICIAL,Official country-reported coverage estimate,3831586.0,2319525,60.5
COUNTRIES,ZAF,South Africa,2017,PCV3,Pneumococcal conjugate vaccine - 3rd dose,WUENIC,WHO/UNICEF Estimates of National Immunization Coverage,3937947.0,2540246,64.5
COUNTRIES,ZAF,South Africa,2018,BCG,Bacille Calmette-Guerin (Tuberculosis),ADMIN,Administrative coverage (doses given / target population),706502.0,399817,56.6
COUNTRIES,ZAF,South Africa,2018,BCG,Bacille Calmette-Guerin (Tuberculosis),OFFICIAL,Official country-reported coverage estimate,3247647.0,1829476,56.3
COUNTRIES,ZAF,South Africa,2018,BCG,Bacille Calmette-Guerin (Tuberculosis),WUENIC,WHO/UNICEF Estimates of National Immunization Coverage,3249346.0,2220563,68.3
COUNTRIES,ZAF,South Africa,2018,DTP1,Diphtheria/Tetanus/Pertussis - 1st dose,ADMIN,Administrative coverage (doses given / target population),4642799.0,3262139,70.3
COUNTRIES,ZAF,South Africa,2018,DTP1,Diphtheria/Tetanus/Pertussis - 1st dose,OFFICIAL,Official country-reported coverage estimate,106470.0,66008,62.0
COUNTRIES,ZAF,South Africa,2018,DTP1,Diphtheria/Tetanus/Pertussis - 1st dose,WUENIC,WHO/UNICEF Estimates of National Immunization Coverage,2242424.0,1330257,59.3
COUNTRIES,ZAF,South Africa,2018,DTP3,Diphtheria/Tetanus/Pertussis - 3rd dose,ADMIN,Administrative coverage (doses given / target population),1868849.0,1223496,65.5
COUNTRIES,ZAF,South Africa,2018,DTP3,Diphtheria/Tetanus/Pertussis - 3rd dose,OFFICIAL,Official country-reported coverage estimate,3671780.0,2030301,55.3
COUNTRIES,ZAF,South Africa,2018,DTP3,Diphtheria/Tetanus/Pertussis - 3rd dose,WUENIC,WHO/UNICEF Estimates of National Immunization Coverage,2411829.0,1546972,64.1
COUNTRIES,ZAF,South Africa,2018,MCV1,Measles-containing vaccine - 1st dose,ADMIN,Administrative coverage (doses given / target population),1060733.0,637774,60.1
COUNTRIES,ZAF,South Africa,2018,MCV1,Measles-containing vaccine - 1st dose,OFFICIAL,Official country-reported coverage estimate,415951.0,281285,67.6
COUNTRIES,ZAF,South Africa,2018,MCV1,Measles-containing vaccine - 1st dose,WUENIC,WHO/UNICEF Estimates of National Immunization Coverage,689362.0,453212,65.7
COUNTRIES,ZAF,South Africa,2018,MCV2,Measles-containing vaccine - 2nd dose (booster),ADMIN,Administrative coverage (doses given / target population),59352.0,29438,49.6
COUNTRIES,ZAF,South Africa,2018,MCV2,Measles-containing vaccine - 2nd dose (booster),OFFICIAL,Official country-reported coverage estimate,3706859.0,2324566,62.7
COUNTRIES,ZAF,South Africa,2018,MCV2,Measles-containing vaccine - 2nd dose (booster),WUENIC,WHO/UNICEF Estimates of National Immunization Coverage,1252480.0,651664,52.0
COUNTRIES,ZAF,South Africa,2018,POL3,Polio - 3rd dose,ADMIN,Administrative coverage (doses given / target population),4141911.0,2371662,57.3
COUNTRIES,ZAF,South Africa,2018,POL3,Polio - 3rd dose,OFFICIAL,Official country-reported coverage estimate,3335986.0,2045615,61.3
COUNTRIES,ZAF,South Africa,2018,POL3,Polio - 3rd dose,WUENIC,WHO/UNICEF Estimates of National Immunization Coverage,2255720.0,1600582,71.0
COUNTRIES,ZAF,South Africa,2018,HEPB3,Hepatitis B - 3rd dose,ADMIN,Administrative coverage (doses given / target population),2592442.0,1459642,56.3
COUNTRIES,ZAF,South Africa,2018,HEPB3,Hepatitis B - 3rd dose,OFFICIAL,Official country-reported coverage estimate,3750154.0,2413179,64.3
COUNTRIES,ZAF,South Africa,2018,HEPB3,Hepatitis B - 3rd dose,WUENIC,WHO/UNICEF Estimates of National Immunization Coverage,3098888.0,1968265,63.5
COUNTRIES,ZAF,South Africa,2018,PCV3,Pneumococcal conjugate vaccine - 3rd dose,ADMIN,Administrative coverage (doses given / target population),2675477.0,1701158,63.6
COUNTRIES,ZAF,South Africa,2018,PCV3,Pneumococcal conjugate vaccine - 3rd dose,OFFICIAL,Official country-reported coverage estimate,2194059.0,1564690,71.3
COUNTRIES,ZAF,South Africa,2018,PCV3,Pneumococcal conjugate vaccine - 3rd dose,WUENIC,WHO/UNICEF Estimates of National Immunization Coverage,1000017.0,678054,67.8
COUNTRIES,ZAF,South Africa,2019,BCG,Bacille Calmette-Guerin (Tuberculosis),ADMIN,Administrative coverage (doses given / target population),3176596.0,2108109,66.4
COUNTRIES,ZAF,South Africa,2019,BCG,Bacille Calmette-Guerin (Tuberculosis),OFFICIAL,Official country-reported coverage estimate,597939.0,400282,66.9
COUNTRIES,ZAF,South Africa,2019,BCG,Bacille Calmette-Guerin (Tuberculosis),WUENIC,WHO/UNICEF Estimates of National Immunization Coverage,1509413.0,1032106,68.4
COUNTRIES,ZAF,South Africa,2019,DTP1,Diphtheria/Tetanus/Pertussis - 1st dose,ADMIN,Administrative coverage (doses given / target population),323251.0,202736,62.7
COUNTRIES,ZAF,South Africa,2019,DTP1,Diphtheria/Tetanus/Pertussis - 1st dose,OFFICIAL,Official country-reported coverage estimate,2343500.0,1460397,62.3
COUNTRIES,ZAF,South Africa,2019,DTP1,Diphtheria/Tetanus/Pertussis - 1st dose,WUENIC,WHO/UNICEF Estimates of National Immunization Coverage,749897.0,371049,49.5
COUNTRIES,ZAF,South Africa,2019,DTP3,Diphtheria/Tetanus/Pertussis - 3rd dose,ADMIN,Administrative coverage (doses given / target population),,1088050,57.6
COUNTRIES,ZAF,South Africa,2019,DTP3,Diphtheria/Tetanus/Pertussis - 3rd dose,OFFICIAL,Official country-reported coverage estimate,3181227.0,1732839,
COUNTRIES,ZAF,South Africa,2019,DTP3,Diphtheria/Tetanus/Pertussis - 3rd dose,WUENIC,WHO/UNICEF Estimates of National Immunization Coverage,3942600.0,2547500,64.6
COUNTRIES,ZAF,South Africa,2019,MCV1,Measles-containing vaccine - 1st dose,ADMIN,Administrative coverage (doses given / target population),1078267.0,662169,61.4
COUNTRIES,ZAF,South Africa,2019,MCV1,Measles-containing vaccine - 1st dose,OFFICIAL,Official country-reported coverage estimate,4610233.0,2921343,63.4
COUNTRIES,ZAF,South Africa,2019,MCV1,Measles-containing vaccine - 1st dose,WUENIC,WHO/UNICEF Estimates of National Immunization Coverage,1087502.0,734478,67.5
COUNTRIES,ZAF,South Africa,2019,MCV2,Measles-containing vaccine - 2nd dose (booster),ADMIN,Administrative coverage (doses given / target population),3311380.0,1999816,60.4
COUNTRIES,ZAF,South Africa,2019,MCV2,Measles-containing vaccine - 2nd dose (booster),OFFICIAL,Official country-reported coverage estimate,4994373.0,3074561,61.6
COUNTRIES,ZAF,South Africa,2019,MCV2,Measles-containing vaccine - 2nd dose (booster),WUENIC,WHO/UNICEF Estimates of National Immunization Coverage,2006418.0,1002676,50.0
COUNTRIES,ZAF,South Africa,2019,POL3,Polio - 3rd dose,ADMIN,Administrative coverage (doses given / target population),1784317.0,1092788,61.2
COUNTRIES,ZAF,South Africa,2019,POL3,Polio - 3rd dose,OFFICIAL,Official country-reported coverage estimate,1338348.0,813534,60.8
COUNTRIES,ZAF,South Africa,2019,POL3,Polio - 3rd dose,WUENIC,WHO/UNICEF Estimates of National Immunization Coverage,4567283.0,2675500,58.6
COUNTRIES,ZAF,South Africa,2019,HEPB3,Hepatitis B - 3rd dose,ADMIN,Administrative coverage (doses given / target population),3149594.0,2303337,73.1
COUNTRIES,ZAF,South Africa,2019,HEPB3,Hepatitis B - 3rd dose,OFFICIAL,Official country-reported coverage estimate,2089918.0,1246551,59.6
COUNTRIES,ZAF,South Africa,2019,HEPB3,Hepatitis B - 3rd dose,WUENIC,WHO/UNICEF Estimates of National Immunization Coverage,4585849.0,3373256,73.6
COUNTRIES,ZAF,South Africa,2019,PCV3,Pneumococcal conjugate vaccine - 3rd dose,ADMIN,Administrative coverage (doses given / target population),3333028.0,1942801,58.3
COUNTRIES,ZAF,South Africa,2019,PCV3,Pneumococcal conjugate vaccine - 3rd dose,OFFICIAL,Official country-reported coverage estimate,2329407.0,1435413,61.6
COUNTRIES,ZAF,South Africa,2019,PCV3,Pneumococcal conjugate vaccine - 3rd dose,WUENIC,WHO/UNICEF Estimates of National Immunization Coverage,4309126.0,3114673,72.3
COUNTRIES,ZAF,South Africa,2020,BCG,Bacille Calmette-Guerin (Tuberculosis),ADMIN,Administrative coverage (doses given / target population),1589830.0,1014822,63.8
COUNTRIES,ZAF,South Africa,2020,BCG,Bacille Calmette-Guerin (Tuberculosis),OFFICIAL,Official country-reported coverage estimate,,964578,61.6
COUNTRIES,ZAF,South Africa,2020,BCG,Bacille Calmette-Guerin (Tuberculosis),WUENIC,WHO/UNICEF Estimates of National Immunization Coverage,4252958.0,2655726,62.4
COUNTRIES,ZAF,South Africa,2020,DTP1,Diphtheria/Tetanus/Pertussis - 1st dose,ADMIN,Administrative coverage (doses given / target population),897464.0,604654,67.4
COUNTRIES,ZAF,South Africa,2020,DTP1,Diphtheria/Tetanus/Pertussis - 1st dose,OFFICIAL,Official country-reported coverage estimate,2359438.0,1417780,60.1
COUNTRIES,ZAF,South Africa,2020,DTP1,Diphtheria/Tetanus/Pertussis - 1st dose,WUENIC,WHO/UNICEF Estimates of National Immunization Coverage,,1904630,60.5
COUNTRIES,ZAF,South Africa,2020,DTP3,Diphtheria/Tetanus/Pertussis - 3rd dose,ADMIN,Administrative coverage (doses given / target population),4363996.0,3026014,69.3
COUNTRIES,ZAF,South Africa,2020,DTP3,Diphtheria/Tetanus/Pertussis - 3rd dose,OFFICIAL,Official country-reported coverage estimate,3940535.0,2284981,58.0
COUNTRIES,ZAF,South Africa,2020,DTP3,Diphtheria/Tetanus/Pertussis - 3rd dose,WUENIC,WHO/UNICEF Estimates of National Immunization Coverage,3346270.0,2150501,64.3
COUNTRIES,ZAF,South Africa,2020,MCV1,Measles-containing vaccine - 1st dose,ADMIN,Administrative coverage (doses given / target population),2709076.0,1927634,71.2
COUNTRIES,ZAF,South Africa,2020,MCV1,Measles-containing vaccine - 1st dose,OFFICIAL,Official country-reported coverage estimate,1816607.0,989657,54.5
COUNTRIES,ZAF,South Africa,2020,MCV1,Measles-containing vaccine - 1st dose,WUENIC,WHO/UNICEF Estimates of National Immunization Coverage,595294.0,359587,60.4
COUNTRIES,ZAF,South Africa,2020,MCV2,Measles-containing vaccine - 2nd dose (booster),ADMIN,Administrative coverage (doses given / target population),2439620.0,1473149,60.4
COUNTRIES,ZAF,South Africa,2020,MCV2,Measles-containing vaccine - 2nd dose (booster),OFFICIAL,Official country-reported coverage estimate,1004077.0,719079,71.6
COUNTRIES,ZAF,South Africa,2020,MCV2,Measles-containing vaccine - 2nd dose (booster),WUENIC,WHO/UNICEF Estimates of National Immunization Coverage,3185501.0,1665261,52.3
COUNTRIES,ZAF,South Africa,2020,POL3,Polio - 3rd dose,ADMIN,Administrative coverage (doses given / target population),2246164.0,1280721,57.0
COUNTRIES,ZAF,South Africa,2020,POL3,Polio - 3rd dose,OFFICIAL,Official country-reported coverage estimate,309551.0,203418,65.7
COUNTRIES,ZAF,South Africa,2020,POL3,Polio - 3rd dose,WUENIC,WHO/UNICEF Estimates of National Immunization Coverage,,933298,64.6
COUNTRIES,ZAF,South Africa,2020,HEPB3,Hepatitis B - 3rd dose,ADMIN,Administrative coverage (doses given / target population),728798.0,477355,65.5
COUNTRIES,ZAF,South Africa,2020,HEPB3,Hepatitis B - 3rd dose,OFFICIAL,Official country-reported coverage estimate,,711829,69.0
COUNTRIES,ZAF,South Africa,2020,HEPB3,Hepatitis B - 3rd dose,WUENIC,WHO/UNICEF Estimates of National Immunization Coverage,3662518.0,2531514,69.1
COUNTRIES,ZAF,South Africa,2020,PCV3,Pneumococcal conjugate vaccine - 3rd dose,ADMIN,Administrative coverage (doses given / target population),1748531.0,1051162,60.1
COUNTRIES,ZAF,South Africa,2020,PCV3,Pneumococcal conjugate vaccine - 3rd dose,OFFICIAL,Official country-reported coverage estimate,4195930.0,2267855,54.0
COUNTRIES,ZAF,South Africa,2020,PCV3,Pneumococcal conjugate vaccine - 3rd dose,WUENIC,WHO/UNICEF Estimates of National Immunization Coverage,1766424.0,1095522,62.0
COUNTRIES,ZAF,South Africa,2021,BCG,Bacille Calmette-Guerin (Tuberculosis),ADMIN,Administrative coverage (doses given / target population),2293764.0,1590128,69.3
COUNTRIES,ZAF,South Africa,2021,BCG,Bacille Calmette-Guerin (Tuberculosis),OFFICIAL,Official country-reported coverage estimate,1524480.0,806113,52.9
COUNTRIES,ZAF,South Africa,2021,BCG,Bacille Calmette-Guerin (Tuberculosis),WUENIC,WHO/UNICEF Estimates of National Immunization Coverage,3728625.0,2083483,55.9
COUNTRIES,ZAF,South Africa,2021,DTP1,Diphtheria/Tetanus/Pertussis - 1st dose,ADMIN,Administrative coverage (doses given / target population),55207.0,36117,65.4
COUNTRIES,ZAF,South Africa,2021,DTP1,Diphtheria/Tetanus/Pertussis - 1st dose,OFFICIAL,Official country-reported coverage estimate,122934.0,86192,70.1
COUNTRIES,ZAF,South Africa,2021,DTP1,Diphtheria/Tetanus/Pertussis - 1st dose,WUENIC,WHO/UNICEF Estimates of National Immunization Coverage,3012241.0,1782623,59.2
COUNTRIES,ZAF,South Africa,2021,DTP3,Diphtheria/Tetanus/Pertussis - 3rd dose,ADMIN,Administrative coverage (doses given / target population),2910449.0,2053464,70.6
COUNTRIES,ZAF,South Africa,2021,DTP3,Diphtheria/Tetanus/Pertussis - 3rd dose,OFFICIAL,Official country-reported coverage estimate,1485736.0,780457,52.5
COUNTRIES,ZAF,South Africa,2021,DTP3,Diphtheria/Tetanus/Pertussis - 3rd dose,WUENIC,WHO/UNICEF Estimates of National Immunization Coverage,3847091.0,2621428,68.1
COUNTRIES,ZAF,South Africa,2021,MCV1,Measles-containing vaccine - 1st dose,ADMIN,Administrative coverage (doses given / target population),3371060.0,2050855,60.8
COUNTRIES,ZAF,South Africa,2021,MCV1,Measles-containing vaccine - 1st dose,OFFICIAL,Official country-reported coverage estimate,4862432.0,3308749,68.0
COUNTRIES,ZAF,South Africa,2021,MCV1,Measles-containing vaccine - 1st dose,WUENIC,WHO/UNICEF Estimates of National Immunization Coverage,368527.0,203398,55.2
COUNTRIES,ZAF,South Africa,2021,MCV2,Measles-containing vaccine - 2nd dose (booster),ADMIN,Administrative coverage (doses given / target population),1184247.0,735994,62.1
COUNTRIES,ZAF,South Africa,2021,MCV2,Measles-containing vaccine - 2nd dose (booster),OFFICIAL,Official country-reported coverage estimate,,2218757,66.7
COUNTRIES,ZAF,South Africa,2021,MCV2,Measles-containing vaccine - 2nd dose (booster),WUENIC,WHO/UNICEF Estimates of National Immunization Coverage,2821745.0,1644568,58.3
COUNTRIES,ZAF,South Africa,2021,POL3,Polio - 3rd dose,ADMIN,Administrative coverage (doses given / target population),1697768.0,1069304,63.0
COUNTRIES,ZAF,South Africa,2021,POL3,Polio - 3rd dose,OFFICIAL,Official country-reported coverage estimate,1332623.0,1014315,76.1
COUNTRIES,ZAF,South Africa,2021,POL3,Polio - 3rd dose,WUENIC,WHO/UNICEF Estimates of National Immunization Coverage,4650715.0,2480904,53.3
COUNTRIES,ZAF,South Africa,2021,HEPB3,Hepatitis B - 3rd dose,ADMIN,Administrative coverage (doses given / target population),1378870.0,770378,55.9
COUNTRIES,ZAF,South Africa,2021,HEPB3,Hepatitis B - 3rd dose,OFFICIAL,Official country-reported coverage estimate,914685.0,626580,68.5
COUNTRIES,ZAF,South Africa,2021,HEPB3,Hepatitis B - 3rd dose,WUENIC,WHO/UNICEF Estimates of National Immunization Coverage,3101254.0,1809320,58.3
COUNTRIES,ZAF,South Africa,2021,PCV3,Pneumococcal conjugate vaccine - 3rd dose,ADMIN,Administrative coverage (doses given / target population),3328230.0,1958791,58.9
COUNTRIES,ZAF,South Africa,2021,PCV3,Pneumococcal conjugate vaccine - 3rd dose,OFFICIAL,Official country-reported coverage estimate,2865031.0,1843036,64.3
COUNTRIES,ZAF,South Africa,2021,PCV3,Pneumococcal conjugate vaccine - 3rd dose,WUENIC,WHO/UNICEF Estimates of National Immunization Coverage,4402229.0,2874289,65.3
COUNTRIES,ZAF,South Africa,2022,BCG,Bacille Calmette-Guerin (Tuberculosis),ADMIN,Administrative coverage (doses given / target population),3441376.0,1886222,54.8
COUNTRIES,ZAF,South Africa,2022,BCG,Bacille Calmette-Guerin (Tuberculosis),OFFICIAL,Official country-reported coverage estimate,2531104.0,1699793,67.2
COUNTRIES,ZAF,South Africa,2022,BCG,Bacille Calmette-Guerin (Tuberculosis),WUENIC,WHO/UNICEF Estimates of National Immunization Coverage,71916.0,50168,69.8
COUNTRIES,ZAF,South Africa,2022,DTP1,Diphtheria/Tetanus/Pertussis - 1st dose,ADMIN,Administrative coverage (doses given / target population),684403.0,400670,58.5
COUNTRIES,ZAF,South Africa,2022,DTP1,Diphtheria/Tetanus/Pertussis - 1st dose,OFFICIAL,Official country-reported coverage estimate,,746629,62.6
COUNTRIES,ZAF,South Africa,2022,DTP1,Diphtheria/Tetanus/Pertussis - 1st dose,WUENIC,WHO/UNICEF Estimates of National Immunization Coverage,4260918.0,3006725,70.6
COUNTRIES,ZAF,South Africa,2022,DTP3,Diphtheria/Tetanus/Pertussis - 3rd dose,ADMIN,Administrative coverage (doses given / target population),2743054.0,1689486,61.6
COUNTRIES,ZAF,South Africa,2022,DTP3,Diphtheria/Tetanus/Pertussis - 3rd dose,OFFICIAL,Official country-reported coverage estimate,1953592.0,1124632,57.6
COUNTRIES,ZAF,South Africa,2022,DTP3,Diphtheria/Tetanus/Pertussis - 3rd dose,WUENIC,WHO/UNICEF Estimates of National Immunization Coverage,3707971.0,2099151,56.6
COUNTRIES,ZAF,South Africa,2022,MCV1,Measles-containing vaccine - 1st dose,ADMIN,Administrative coverage (doses given / target population),3597729.0,2102408,58.4
COUNTRIES,ZAF,South Africa,2022,MCV1,Measles-containing vaccine - 1st dose,OFFICIAL,Official country-reported coverage estimate,393600.0,203307,
COUNTRIES,ZAF,South Africa,2022,MCV1,Measles-containing vaccine - 1st dose,WUENIC,WHO/UNICEF Estimates of National Immunization Coverage,1508374.0,1062453,70.4
COUNTRIES,ZAF,South Africa,2022,MCV2,Measles-containing vaccine - 2nd dose (booster),ADMIN,Administrative coverage (doses given / target population),,1422878,68.2
COUNTRIES,ZAF,South Africa,2022,MCV2,Measles-containing vaccine - 2nd dose (booster),OFFICIAL,Official country-reported coverage estimate,2162312.0,1430113,66.1
COUNTRIES,ZAF,South Africa,2022,MCV2,Measles-containing vaccine - 2nd dose (booster),WUENIC,WHO/UNICEF Estimates of National Immunization Coverage,2894879.0,1633018,56.4
COUNTRIES,ZAF,South Africa,2022,POL3,Polio - 3rd dose,ADMIN,Administrative coverage (doses given / target population),,59908,61.9
COUNTRIES,ZAF,South Africa,2022,POL3,Polio - 3rd dose,OFFICIAL,Official country-reported coverage estimate,3405176.0,2237418,65.7
COUNTRIES,ZAF,South Africa,2022,POL3,Polio - 3rd dose,WUENIC,WHO/UNICEF Estimates of National Immunization Coverage,4580543.0,3097828,67.6
COUNTRIES,ZAF,South Africa,2022,HEPB3,Hepatitis B - 3rd dose,ADMIN,Administrative coverage (doses given / target population),2532959.0,1646932,65.0
COUNTRIES,ZAF,South Africa,2022,HEPB3,Hepatitis B - 3rd dose,OFFICIAL,Official country-reported coverage estimate,2401237.0,1640931,68.3
COUNTRIES,ZAF,South Africa,2022,HEPB3,Hepatitis B - 3rd dose,WUENIC,WHO/UNICEF Estimates of National Immunization Coverage,1483561.0,888947,
COUNTRIES,ZAF,South Africa,2022,PCV3,Pneumococcal conjugate vaccine - 3rd dose,ADMIN,Administrative coverage (doses given / target population),4491554.0,2947874,65.6
COUNTRIES,ZAF,South Africa,2022,PCV3,Pneumococcal conjugate vaccine - 3rd dose,OFFICIAL,Official country-reported coverage estimate,2177881.0,1402655,64.4
COUNTRIES,ZAF,South Africa,2022,PCV3,Pneumococcal conjugate vaccine - 3rd dose,WUENIC,WHO/UNICEF Estimates of National Immunization Coverage,2804949.0,1582617,56.4
COUNTRIES,ZAF,South Africa,2023,BCG,Bacille Calmette-Guerin (Tuberculosis),ADMIN,Administrative coverage (doses given / target population),2776791.0,1860503,67.0
COUNTRIES,ZAF,South Africa,2023,BCG,Bacille Calmette-Guerin (Tuberculosis),OFFICIAL,Official country-reported coverage estimate,2174301.0,1489605,68.5
COUNTRIES,ZAF,South Africa,2023,BCG,Bacille Calmette-Guerin (Tuberculosis),WUENIC,WHO/UNICEF Estimates of National Immunization Coverage,2289294.0,1538706,67.2
COUNTRIES,ZAF,South Africa,2023,DTP1,Diphtheria/Tetanus/Pertussis - 1st dose,ADMIN,Administrative coverage (doses given / target population),3568894.0,2141088,60.0
COUNTRIES,ZAF,South Africa,2023,DTP1,Diphtheria/Tetanus/Pertussis - 1st dose,OFFICIAL,Official country-reported coverage estimate,2216475.0,1589016,71.7
COUNTRIES,ZAF,South Africa,2023,DTP1,Diphtheria/Tetanus/Pertussis - 1st dose,WUENIC,WHO/UNICEF Estimates of National Immunization Coverage,3154273.0,2145990,68.0
COUNTRIES,ZAF,South Africa,2023,DTP3,Diphtheria/Tetanus/Pertussis - 3rd dose,ADMIN,Administrative coverage (doses given / target population),465427.0,347405,74.6
COUNTRIES,ZAF,South Africa,2023,DTP3,Diphtheria/Tetanus/Pertussis - 3rd dose,OFFICIAL,Official country-reported coverage estimate,4186384.0,2468551,59.0
COUNTRIES,ZAF,South Africa,2023,DTP3,Diphtheria/Tetanus/Pertussis - 3rd dose,WUENIC,WHO/UNICEF Estimates of National Immunization Coverage,3181093.0,1872287,58.9
COUNTRIES,ZAF,South Africa,2023,MCV1,Measles-containing vaccine - 1st dose,ADMIN,Administrative coverage (doses given / target population),2242398.0,1382718,61.7
COUNTRIES,ZAF,South Africa,2023,MCV1,Measles-containing vaccine - 1st dose,OFFICIAL,Official country-reported coverage estimate,861846.0,533869,61.9
COUNTRIES,ZAF,South Africa,2023,MCV1,Measles-containing vaccine - 1st dose,WUENIC,WHO/UNICEF Estimates of National Immunization Coverage,3092091.0,1852844,59.9
COUNTRIES,ZAF,South Africa,2023,MCV2,Measles-containing vaccine - 2nd dose (booster),ADMIN,Administrative coverage (doses given / target population),1743986.0,1138892,65.3
COUNTRIES,ZAF,South Africa,2023,MCV2,Measles-containing vaccine - 2nd dose (booster),OFFICIAL,Official country-reported coverage estimate,3687505.0,2197210,59.6
COUNTRIES,ZAF,South Africa,2023,MCV2,Measles-containing vaccine - 2nd dose (booster),WUENIC,WHO/UNICEF Estimates of National Immunization Coverage,3227971.0,2179818,67.5
COUNTRIES,ZAF,South Africa,2023,POL3,Polio - 3rd dose,ADMIN,Administrative coverage (doses given / target population),1553109.0,909783,58.6
COUNTRIES,ZAF,South Africa,2023,POL3,Polio - 3rd dose,OFFICIAL,Official country-reported coverage estimate,4867314.0,2425737,49.8
COUNTRIES,ZAF,South Africa,2023,POL3,Polio - 3rd dose,WUENIC,WHO/UNICEF Estimates of National Immunization Coverage,2132632.0,1208040,
COUNTRIES,ZAF,South Africa,2023,HEPB3,Hepatitis B - 3rd dose,ADMIN,Administrative coverage (doses given / target population),2123866.0,1351510,63.6
COUNTRIES,ZAF,South Africa,2023,HEPB3,Hepatitis B - 3rd dose,OFFICIAL,Official country-reported coverage estimate,3360039.0,1932599,57.5
COUNTRIES,ZAF,South Africa,2023,HEPB3,Hepatitis B - 3rd dose,WUENIC,WHO/UNICEF Estimates of National Immunization Coverage,2476930.0,1383055,55.8
COUNTRIES,ZAF,South Africa,2023,PCV3,Pneumococcal conjugate vaccine - 3rd dose,ADMIN,Administrative coverage (doses given / target population),288137.0,185030,64.2
COUNTRIES,ZAF,South Africa,2023,PCV3,Pneumococcal conjugate vaccine - 3rd dose,OFFICIAL,Official country-reported coverage estimate,666385.0,437173,65.6
COUNTRIES,ZAF,South Africa,2023,PCV3,Pneumococcal conjugate vaccine - 3rd dose,WUENIC,WHO/UNICEF Estimates of National Immunization Coverage,3995008.0,2527387,63.3
COUNTRIES,MEX,Mexico,2010,BCG,Bacille Calmette-Guerin (Tuberculosis),ADMIN,Administrative coverage (doses given / target population),1374700.0,1374700,100.0
COUNTRIES,MEX,Mexico,2010,BCG,Bacille Calmette-Guerin (Tuberculosis),OFFICIAL,Official country-reported coverage estimate,3132434.0,2606592,83.2
COUNTRIES,MEX,Mexico,2010,BCG,Bacille Calmette-Guerin (Tuberculosis),WUENIC,WHO/UNICEF Estimates of National Immunization Coverage,4129089.0,3716823,90.0
COUNTRIES,MEX,Mexico,2010,DTP1,Diphtheria/Tetanus/Pertussis - 1st dose,ADMIN,Administrative coverage (doses given / target population),452260.0,407213,90.0
COUNTRIES,MEX,Mexico,2010,DTP1,Diphtheria/Tetanus/Pertussis - 1st dose,OFFICIAL,Official country-reported coverage estimate,4925309.0,4925309,100.0
COUNTRIES,MEX,Mexico,2010,DTP1,Diphtheria/Tetanus/Pertussis - 1st dose,WUENIC,WHO/UNICEF Estimates of National Immunization Coverage,4422736.0,4304737,97.3
COUNTRIES,MEX,Mexico,2010,DTP3,Diphtheria/Tetanus/Pertussis - 3rd dose,ADMIN,Administrative coverage (doses given / target population),985721.0,951514,96.5
COUNTRIES,MEX,Mexico,2010,DTP3,Diphtheria/Tetanus/Pertussis - 3rd dose,OFFICIAL,Official country-reported coverage estimate,1833890.0,1766058,96.3
COUNTRIES,MEX,Mexico,2010,DTP3,Diphtheria/Tetanus/Pertussis - 3rd dose,WUENIC,WHO/UNICEF Estimates of National Immunization Coverage,3547719.0,3460893,97.6
COUNTRIES,MEX,Mexico,2010,MCV1,Measles-containing vaccine - 1st dose,ADMIN,Administrative coverage (doses given / target population),4563764.0,4175714,91.5
COUNTRIES,MEX,Mexico,2010,MCV1,Measles-containing vaccine - 1st dose,OFFICIAL,Official country-reported coverage estimate,3925452.0,3736663,95.2
COUNTRIES,MEX,Mexico,2010,MCV1,Measles-containing vaccine - 1st dose,WUENIC,WHO/UNICEF Estimates of National Immunization Coverage,3746288.0,3512564,93.8
COUNTRIES,MEX,Mexico,2010,MCV2,Measles-containing vaccine - 2nd dose (booster),ADMIN,Administrative coverage (doses given / target population),1490589.0,1374840,92.2
COUNTRIES,MEX,Mexico,2010,MCV2,Measles-containing vaccine - 2nd dose (booster),OFFICIAL,Official country-reported coverage estimate,2665418.0,2349430,
COUNTRIES,MEX,Mexico,2010,MCV2,Measles-containing vaccine - 2nd dose (booster),WUENIC,WHO/UNICEF Estimates of National Immunization Coverage,4964742.0,4577428,92.2
COUNTRIES,MEX,Mexico,2010,POL3,Polio - 3rd dose,ADMIN,Administrative coverage (doses given / target population),3495402.0,3266737,93.5
COUNTRIES,MEX,Mexico,2010,POL3,Polio - 3rd dose,OFFICIAL,Official country-reported coverage estimate,1792551.0,1533203,85.5
COUNTRIES,MEX,Mexico,2010,POL3,Polio - 3rd dose,WUENIC,WHO/UNICEF Estimates of National Immunization Coverage,3302990.0,2876697,87.1
COUNTRIES,MEX,Mexico,2010,HEPB3,Hepatitis B - 3rd dose,ADMIN,Administrative coverage (doses given / target population),,2811736,95.8
COUNTRIES,MEX,Mexico,2010,HEPB3,Hepatitis B - 3rd dose,OFFICIAL,Official country-reported coverage estimate,4350805.0,3706284,85.2
COUNTRIES,MEX,Mexico,2010,HEPB3,Hepatitis B - 3rd dose,WUENIC,WHO/UNICEF Estimates of National Immunization Coverage,1182345.0,1119507,94.7
COUNTRIES,MEX,Mexico,2010,PCV3,Pneumococcal conjugate vaccine - 3rd dose,ADMIN,Administrative coverage (doses given / target population),2603657.0,2501425,96.1
COUNTRIES,MEX,Mexico,2010,PCV3,Pneumococcal conjugate vaccine - 3rd dose,OFFICIAL,Official country-reported coverage estimate,4938843.0,4547116,92.1
COUNTRIES,MEX,Mexico,2010,PCV3,Pneumococcal conjugate vaccine - 3rd dose,WUENIC,WHO/UNICEF Estimates of National Immunization Coverage,2911400.0,2911400,100.0
COUNTRIES,MEX,Mexico,2011,BCG,Bacille Calmette-Guerin (Tuberculosis),ADMIN,Administrative coverage (doses given / target population),4205216.0,4154053,98.8
COUNTRIES,MEX,Mexico,2011,BCG,Bacille Calmette-Guerin (Tuberculosis),OFFICIAL,Official country-reported coverage estimate,4344528.0,4122278,94.9
COUNTRIES,MEX,Mexico,2011,BCG,Bacille Calmette-Guerin (Tuberculosis),WUENIC,WHO/UNICEF Estimates of National Immunization Coverage,3748623.0,3642580,97.2
COUNTRIES,MEX,Mexico,2011,DTP1,Diphtheria/Tetanus/Pertussis - 1st dose,ADMIN,Administrative coverage (doses given / target population),2941039.0,2703147,91.9
COUNTRIES,MEX,Mexico,2011,DTP1,Diphtheria/Tetanus/Pertussis - 1st dose,OFFICIAL,Official country-reported coverage estimate,3803424.0,3387419,89.1
COUNTRIES,MEX,Mexico,2011,DTP1,Diphtheria/Tetanus/Pertussis - 1st dose,WUENIC,WHO/UNICEF Estimates of National Immunization Coverage,395701.0,363339,91.8
COUNTRIES,MEX,Mexico,2011,DTP3,Diphtheria/Tetanus/Pertussis - 3rd dose,ADMIN,Administrative coverage (doses given / target population),567853.0,535696,94.3
COUNTRIES,MEX,Mexico,2011,DTP3,Diphtheria/Tetanus/Pertussis - 3rd dose,OFFICIAL,Official country-reported coverage estimate,4465595.0,4279011,95.8
COUNTRIES,MEX,Mexico,2011,DTP3,Diphtheria/Tetanus/Pertussis - 3rd dose,WUENIC,WHO/UNICEF Estimates of National Immunization Coverage,1244506.0,1055337,84.8
COUNTRIES,MEX,Mexico,2011,MCV1,Measles-containing vaccine - 1st dose,ADMIN,Administrative coverage (doses given / target population),2695373.0,2695373,100.0
COUNTRIES,MEX,Mexico,2011,MCV1,Measles-containing vaccine - 1st dose,OFFICIAL,Official country-reported coverage estimate,916304.0,875473,95.5
COUNTRIES,MEX,Mexico,2011,MCV1,Measles-containing vaccine - 1st dose,WUENIC,WHO/UNICEF Estimates of National Immunization Coverage,663258.0,563208,84.9
COUNTRIES,MEX,Mexico,2011,MCV2,Measles-containing vaccine - 2nd dose (booster),ADMIN,Administrative coverage (doses given / target population),2977644.0,2855981,95.9
COUNTRIES,MEX,Mexico,2011,MCV2,Measles-containing vaccine - 2nd dose (booster),OFFICIAL,Official country-reported coverage estimate,315891.0,315891,100.0
COUNTRIES,MEX,Mexico,2011,MCV2,Measles-containing vaccine - 2nd dose (booster),WUENIC,WHO/UNICEF Estimates of National Immunization Coverage,4177322.0,3847874,92.1
COUNTRIES,MEX,Mexico,2011,POL3,Polio - 3rd dose,ADMIN,Administrative coverage (doses given / target population),363253.0,341585,94.0
COUNTRIES,MEX,Mexico,2011,POL3,Polio - 3rd dose,OFFICIAL,Official country-reported coverage estimate,492232.0,446935,90.8
COUNTRIES,MEX,Mexico,2011,POL3,Polio - 3rd dose,WUENIC,WHO/UNICEF Estimates of National Immunization Coverage,2102012.0,1754686,83.5
COUNTRIES,MEX,Mexico,2011,HEPB3,Hepatitis B - 3rd dose,ADMIN,Administrative coverage (doses given / target population),3894145.0,3878887,99.6
COUNTRIES,MEX,Mexico,2011,HEPB3,Hepatitis B - 3rd dose,OFFICIAL,Official country-reported coverage estimate,335236.0,309636,92.4
COUNTRIES,MEX,Mexico,2011,HEPB3,Hepatitis B - 3rd dose,WUENIC,WHO/UNICEF Estimates of National Immunization Coverage,4453018.0,4008272,90.0
COUNTRIES,MEX,Mexico,2011,PCV3,Pneumococcal conjugate vaccine - 3rd dose,ADMIN,Administrative coverage (doses given / target population),2774928.0,2435964,87.8
COUNTRIES,MEX,Mexico,2011,PCV3,Pneumococcal conjugate vaccine - 3rd dose,OFFICIAL,Official country-reported coverage estimate,3221151.0,3066033,95.2
COUNTRIES,MEX,Mexico,2011,PCV3,Pneumococcal conjugate vaccine - 3rd dose,WUENIC,WHO/UNICEF Estimates of National Immunization Coverage,565507.0,541764,95.8
COUNTRIES,MEX,Mexico,2012,BCG,Bacille Calmette-Guerin (Tuberculosis),ADMIN,Administrative coverage (doses given / target population),1161424.0,1009630,86.9
COUNTRIES,MEX,Mexico,2012,BCG,Bacille Calmette-Guerin (Tuberculosis),OFFICIAL,Official country-reported coverage estimate,4983945.0,4482922,
COUNTRIES,MEX,Mexico,2012,BCG,Bacille Calmette-Guerin (Tuberculosis),WUENIC,WHO/UNICEF Estimates of National Immunization Coverage,3689159.0,3315578,89.9
COUNTRIES,MEX,Mexico,2012,DTP1,Diphtheria/Tetanus/Pertussis - 1st dose,ADMIN,Administrative coverage (doses given / target population),3828765.0,3750591,98.0
COUNTRIES,MEX,Mexico,2012,DTP1,Diphtheria/Tetanus/Pertussis - 1st dose,OFFICIAL,Official country-reported coverage estimate,3377590.0,2948779,87.3
COUNTRIES,MEX,Mexico,2012,DTP1,Diphtheria/Tetanus/Pertussis - 1st dose,WUENIC,WHO/UNICEF Estimates of National Immunization Coverage,4449641.0,4167269,93.7
COUNTRIES,MEX,Mexico,2012,DTP3,Diphtheria/Tetanus/Pertussis - 3rd dose,ADMIN,Administrative coverage (doses given / target population),3860875.0,3817151,98.9
COUNTRIES,MEX,Mexico,2012,DTP3,Diphtheria/Tetanus/Pertussis - 3rd dose,OFFICIAL,Official country-reported coverage estimate,3270041.0,3126756,95.6
COUNTRIES,MEX,Mexico,2012,DTP3,Diphtheria/Tetanus/Pertussis - 3rd dose,WUENIC,WHO/UNICEF Estimates of National Immunization Coverage,1589567.0,1512968,95.2
COUNTRIES,MEX,Mexico,2012,MCV1,Measles-containing vaccine - 1st dose,ADMIN,Administrative coverage (doses given / target population),1528681.0,1408375,92.1
COUNTRIES,MEX,Mexico,2012,MCV1,Measles-containing vaccine - 1st dose,OFFICIAL,Official country-reported coverage estimate,724503.0,688223,95.0
COUNTRIES,MEX,Mexico,2012,MCV1,Measles-containing vaccine - 1st dose,WUENIC,WHO/UNICEF Estimates of National Immunization Coverage,3420071.0,3121180,91.3
COUNTRIES,MEX,Mexico,2012,MCV2,Measles-containing vaccine - 2nd dose (booster),ADMIN,Administrative coverage (doses given / target population),2470119.0,2470119,
COUNTRIES,MEX,Mexico,2012,MCV2,Measles-containing vaccine - 2nd dose (booster),OFFICIAL,Official country-reported coverage estimate,4763869.0,4623642,97.1
COUNTRIES,MEX,Mexico,2012,MCV2,Measles-containing vaccine - 2nd dose (booster),WUENIC,WHO/UNICEF Estimates of National Immunization Coverage,371209.0,344228,92.7
COUNTRIES,MEX,Mexico,2012,POL3,Polio - 3rd dose,ADMIN,Administrative coverage (doses given / target population),4574599.0,3920096,85.7
COUNTRIES,MEX,Mexico,2012,POL3,Polio - 3rd dose,OFFICIAL,Official country-reported coverage estimate,198430.0,186261,93.9
COUNTRIES,MEX,Mexico,2012,POL3,Polio - 3rd dose,WUENIC,WHO/UNICEF Estimates of National Immunization Coverage,3219686.0,3046987,94.6
COUNTRIES,MEX,Mexico,2012,HEPB3,Hepatitis B - 3rd dose,ADMIN,Administrative coverage (doses given / target population),1842102.0,1819764,98.8
COUNTRIES,MEX,Mexico,2012,HEPB3,Hepatitis B - 3rd dose,OFFICIAL,Official country-reported coverage estimate,3416301.0,3044146,89.1
COUNTRIES,MEX,Mexico,2012,HEPB3,Hepatitis B - 3rd dose,WUENIC,WHO/UNICEF Estimates of National Immunization Coverage,4676534.0,4676534,100.0
COUNTRIES,MEX,Mexico,2012,PCV3,Pneumococcal conjugate vaccine - 3rd dose,ADMIN,Administrative coverage (doses given / target population),4772192.0,4671275,97.9
COUNTRIES,MEX,Mexico,2012,PCV3,Pneumococcal conjugate vaccine - 3rd dose,OFFICIAL,Official country-reported coverage estimate,1193035.0,1104943,92.6
COUNTRIES,MEX,Mexico,2012,PCV3,Pneumococcal conjugate vaccine - 3rd dose,WUENIC,WHO/UNICEF Estimates of National Immunization Coverage,232157.0,215077,92.6
COUNTRIES,MEX,Mexico,2013,BCG,Bacille Calmette-Guerin (Tuberculosis),ADMIN,Administrative coverage (doses given / target population),1698651.0,1639122,96.5
COUNTRIES,MEX,Mexico,2013,BCG,Bacille Calmette-Guerin (Tuberculosis),OFFICIAL,Official country-reported coverage estimate,3776784.0,3776784,100.0
COUNTRIES,MEX,Mexico,2013,BCG,Bacille Calmette-Guerin (Tuberculosis),WUENIC,WHO/UNICEF Estimates of National Immunization Coverage,1163641.0,1136121,97.6
COUNTRIES,MEX,Mexico,2013,DTP1,Diphtheria/Tetanus/Pertussis - 1st dose,ADMIN,Administrative coverage (doses given / target population),757204.0,632572,83.5
COUNTRIES,MEX,Mexico,2013,DTP1,Diphtheria/Tetanus/Pertussis - 1st dose,OFFICIAL,Official country-reported coverage estimate,137591.0,137591,100.0
COUNTRIES,MEX,Mexico,2013,DTP1,Diphtheria/Tetanus/Pertussis - 1st dose,WUENIC,WHO/UNICEF Estimates of National Immunization Coverage,313147.0,300850,96.1
COUNTRIES,MEX,Mexico,2013,DTP3,Diphtheria/Tetanus/Pertussis - 3rd dose,ADMIN,Administrative coverage (doses given / target population),1752680.0,1744096,99.5
COUNTRIES,MEX,Mexico,2013,DTP3,Diphtheria/Tetanus/Pertussis - 3rd dose,OFFICIAL,Official country-reported coverage estimate,3735997.0,3100851,83.0
COUNTRIES,MEX,Mexico,2013,DTP3,Diphtheria/Tetanus/Pertussis - 3rd dose,WUENIC,WHO/UNICEF Estimates of National Immunization Coverage,3437823.0,3437823,100.0
COUNTRIES,MEX,Mexico,2013,MCV1,Measles-containing vaccine - 1st dose,ADMIN,Administrative coverage (doses given / target population),2095797.0,1711930,
COUNTRIES,MEX,Mexico,2013,MCV1,Measles-containing vaccine - 1st dose,OFFICIAL,Official country-reported coverage estimate,3236247.0,2492806,77.0
COUNTRIES,MEX,Mexico,2013,MCV1,Measles-containing vaccine - 1st dose,WUENIC,WHO/UNICEF Estimates of National Immunization Coverage,1790218.0,1777461,99.3
COUNTRIES,MEX,Mexico,2013,MCV2,Measles-containing vaccine - 2nd dose (booster),ADMIN,Administrative coverage (doses given / target population),830160.0,660471,79.6
COUNTRIES,MEX,Mexico,2013,MCV2,Measles-containing vaccine - 2nd dose (booster),OFFICIAL,Official country-reported coverage estimate,4385430.0,4224759,96.3
COUNTRIES,MEX,Mexico,2013,MCV2,Measles-containing vaccine - 2nd dose (booster),WUENIC,WHO/UNICEF Estimates of National Immunization Coverage,1643467.0,1575143,95.8
COUNTRIES,MEX,Mexico,2013,POL3,Polio - 3rd dose,ADMIN,Administrative coverage (doses given / target population),1156050.0,1123315,97.2
COUNTRIES,MEX,Mexico,2013,POL3,Polio - 3rd dose,OFFICIAL,Official country-reported coverage estimate,3355500.0,2767988,82.5
COUNTRIES,MEX,Mexico,2013,POL3,Polio - 3rd dose,WUENIC,WHO/UNICEF Estimates of National Immunization Coverage,2767457.0,2706866,97.8
COUNTRIES,MEX,Mexico,2013,HEPB3,Hepatitis B - 3rd dose,ADMIN,Administrative coverage (doses given / target population),,1945259,100.0
COUNTRIES,MEX,Mexico,2013,HEPB3,Hepatitis B - 3rd dose,OFFICIAL,Official country-reported coverage estimate,4977854.0,4068508,81.7
COUNTRIES,MEX,Mexico,2013,HEPB3,Hepatitis B - 3rd dose,WUENIC,WHO/UNICEF Estimates of National Immunization Coverage,695255.0,615882,88.6
COUNTRIES,MEX,Mexico,2013,PCV3,Pneumococcal conjugate vaccine - 3rd dose,ADMIN,Administrative coverage (doses given / target population),4336990.0,3647476,84.1
COUNTRIES,MEX,Mexico,2013,PCV3,Pneumococcal conjugate vaccine - 3rd dose,OFFICIAL,Official country-reported coverage estimate,4068627.0,3906692,96.0
COUNTRIES,MEX,Mexico,2013,PCV3,Pneumococcal conjugate vaccine - 3rd dose,WUENIC,WHO/UNICEF Estimates of National Immunization Coverage,4402167.0,3745271,85.1
COUNTRIES,MEX,Mexico,2014,BCG,Bacille Calmette-Guerin (Tuberculosis),ADMIN,Administrative coverage (doses given / target population),4993564.0,4877016,97.7
COUNTRIES,MEX,Mexico,2014,BCG,Bacille Calmette-Guerin (Tuberculosis),OFFICIAL,Official country-reported coverage estimate,2341981.0,2125827,
COUNTRIES,MEX,Mexico,2014,BCG,Bacille Calmette-Guerin (Tuberculosis),WUENIC,WHO/UNICEF Estimates of National Immunization Coverage,1727224.0,1422552,82.4
COUNTRIES,MEX,Mexico,2014,DTP1,Diphtheria/Tetanus/Pertussis - 1st dose,ADMIN,Administrative coverage (doses given / target population),705634.0,649647,92.1
COUNTRIES,MEX,Mexico,2014,DTP1,Diphtheria/Tetanus/Pertussis - 1st dose,OFFICIAL,Official country-reported coverage estimate,555637.0,528254,95.1
COUNTRIES,MEX,Mexico,2014,DTP1,Diphtheria/Tetanus/Pertussis - 1st dose,WUENIC,WHO/UNICEF Estimates of National Immunization Coverage,3146047.0,3030671,96.3
COUNTRIES,MEX,Mexico,2014,DTP3,Diphtheria/Tetanus/Pertussis - 3rd dose,ADMIN,Administrative coverage (doses given / target population),2618322.0,2421250,92.5
COUNTRIES,MEX,Mexico,2014,DTP3,Diphtheria/Tetanus/Pertussis - 3rd dose,OFFICIAL,Official country-reported coverage estimate,3314972.0,3174967,95.8
COUNTRIES,MEX,Mexico,2014,DTP3,Diphtheria/Tetanus/Pertussis - 3rd dose,WUENIC,WHO/UNICEF Estimates of National Immunization Coverage,4009758.0,3748580,93.5
COUNTRIES,MEX,Mexico,2014,MCV1,Measles-containing vaccine - 1st dose,ADMIN,Administrative coverage (doses given / target population),3045959.0,2923054,96.0
COUNTRIES,MEX,Mexico,2014,MCV1,Measles-containing vaccine - 1st dose,OFFICIAL,Official country-reported coverage estimate,3096650.0,2792524,90.2
COUNTRIES,MEX,Mexico,2014,MCV1,Measles-containing vaccine - 1st dose,WUENIC,WHO/UNICEF Estimates of National Immunization Coverage,2568366.0,2496367,97.2
COUNTRIES,MEX,Mexico,2014,MCV2,Measles-containing vaccine - 2nd dose (booster),ADMIN,Administrative coverage (doses given / target population),3872238.0,3731920,96.4
COUNTRIES,MEX,Mexico,2014,MCV2,Measles-containing vaccine - 2nd dose (booster),OFFICIAL,Official country-reported coverage estimate,4160216.0,3920128,94.2
COUNTRIES,MEX,Mexico,2014,MCV2,Measles-containing vaccine - 2nd dose (booster),WUENIC,WHO/UNICEF Estimates of National Immunization Coverage,4087818.0,3764494,92.1
COUNTRIES,MEX,Mexico,2014,POL3,Polio - 3rd dose,ADMIN,Administrative coverage (doses given / target population),2593114.0,2360011,91.0
COUNTRIES,MEX,Mexico,2014,POL3,Polio - 3rd dose,OFFICIAL,Official country-reported coverage estimate,,2470403,96.4
COUNTRIES,MEX,Mexico,2014,POL3,Polio - 3rd dose,WUENIC,WHO/UNICEF Estimates of National Immunization Coverage,3596873.0,3433168,95.4
COUNTRIES,MEX,Mexico,2014,HEPB3,Hepatitis B - 3rd dose,ADMIN,Administrative coverage (doses given / target population),1281091.0,1164136,90.9
COUNTRIES,MEX,Mexico,2014,HEPB3,Hepatitis B - 3rd dose,OFFICIAL,Official country-reported coverage estimate,1536228.0,1536228,100.0
COUNTRIES,MEX,Mexico,2014,HEPB3,Hepatitis B - 3rd dose,WUENIC,WHO/UNICEF Estimates of National Immunization Coverage,1605473.0,1425800,88.8
COUNTRIES,MEX,Mexico,2014,PCV3,Pneumococcal conjugate vaccine - 3rd dose,ADMIN,Administrative coverage (doses given / target population),2079750.0,1832204,88.1
COUNTRIES,MEX,Mexico,2014,PCV3,Pneumococcal conjugate vaccine - 3rd dose,OFFICIAL,Official country-reported coverage estimate,2423165.0,2423165,100.0
COUNTRIES,MEX,Mexico,2014,PCV3,Pneumococcal conjugate vaccine - 3rd dose,WUENIC,WHO/UNICEF Estimates of National Immunization Coverage,3618545.0,3618545,100.0
COUNTRIES,MEX,Mexico,2015,BCG,Bacille Calmette-Guerin (Tuberculosis),ADMIN,Administrative coverage (doses given / target population),2505804.0,2232242,89.1
COUNTRIES,MEX,Mexico,2015,BCG,Bacille Calmette-Guerin (Tuberculosis),OFFICIAL,Official country-reported coverage estimate,834147.0,834147,100.0
COUNTRIES,MEX,Mexico,2015,BCG,Bacille Calmette-Guerin (Tuberculosis),WUENIC,WHO/UNICEF Estimates of National Immunization Coverage,1754929.0,1629368,92.8
COUNTRIES,MEX,Mexico,2015,DTP1,Diphtheria/Tetanus/Pertussis - 1st dose,ADMIN,Administrative coverage (doses given / target population),2650665.0,2650665,100.0
COUNTRIES,MEX,Mexico,2015,DTP1,Diphtheria/Tetanus/Pertussis - 1st dose,OFFICIAL,Official country-reported coverage estimate,4424583.0,4424583,100.0
COUNTRIES,MEX,Mexico,2015,DTP1,Diphtheria/Tetanus/Pertussis - 1st dose,WUENIC,WHO/UNICEF Estimates of National Immunization Coverage,1526951.0,1465136,96.0
COUNTRIES,MEX,Mexico,2015,DTP3,Diphtheria/Tetanus/Pertussis - 3rd dose,ADMIN,Administrative coverage (doses given / target population),3127841.0,2839723,90.8
COUNTRIES,MEX,Mexico,2015,DTP3,Diphtheria/Tetanus/Pertussis - 3rd dose,OFFICIAL,Official country-reported coverage estimate,2769865.0,2309442,83.4
COUNTRIES,MEX,Mexico,2015,DTP3,Diphtheria/Tetanus/Pertussis - 3rd dose,WUENIC,WHO/UNICEF Estimates of National Immunization Coverage,4439021.0,4439021,100.0
COUNTRIES,MEX,Mexico,2015,MCV1,Measles-containing vaccine - 1st dose,ADMIN,Administrative coverage (doses given / target population),2587435.0,2537043,98.1
COUNTRIES,MEX,Mexico,2015,MCV1,Measles-containing vaccine - 1st dose,OFFICIAL,Official country-reported coverage estimate,1399381.0,1238309,88.5
COUNTRIES,MEX,Mexico,2015,MCV1,Measles-containing vaccine - 1st dose,WUENIC,WHO/UNICEF Estimates of National Immunization Coverage,1916119.0,1836038,95.8
COUNTRIES,MEX,Mexico,2015,MCV2,Measles-containing vaccine - 2nd dose (booster),ADMIN,Administrative coverage (doses given / target population),3234204.0,3138592,97.0
COUNTRIES,MEX,Mexico,2015,MCV2,Measles-containing vaccine - 2nd dose (booster),OFFICIAL,Official country-reported coverage estimate,2858662.0,2728874,95.5
COUNTRIES,MEX,Mexico,2015,MCV2,Measles-containing vaccine - 2nd dose (booster),WUENIC,WHO/UNICEF Estimates of National Immunization Coverage,3535448.0,3523516,99.7
COUNTRIES,MEX,Mexico,2015,POL3,Polio - 3rd dose,ADMIN,Administrative coverage (doses given / target population),4709652.0,3563699,75.7
COUNTRIES,MEX,Mexico,2015,POL3,Polio - 3rd dose,OFFICIAL,Official country-reported coverage estimate,4804969.0,4804969,
COUNTRIES,MEX,Mexico,2015,POL3,Polio - 3rd dose,WUENIC,WHO/UNICEF Estimates of National Immunization Coverage,3937420.0,3362918,85.4
COUNTRIES,MEX,Mexico,2015,HEPB3,Hepatitis B - 3rd dose,ADMIN,Administrative coverage (doses given / target population),545628.0,515138,94.4
COUNTRIES,MEX,Mexico,2015,HEPB3,Hepatitis B - 3rd dose,OFFICIAL,Official country-reported coverage estimate,167302.0,153389,91.7
COUNTRIES,MEX,Mexico,2015,HEPB3,Hepatitis B - 3rd dose,WUENIC,WHO/UNICEF Estimates of National Immunization Coverage,3134166.0,3049359,97.3
COUNTRIES,MEX,Mexico,2015,PCV3,Pneumococcal conjugate vaccine - 3rd dose,ADMIN,Administrative coverage (doses given / target population),4112857.0,3922564,95.4
COUNTRIES,MEX,Mexico,2015,PCV3,Pneumococcal conjugate vaccine - 3rd dose,OFFICIAL,Official country-reported coverage estimate,2258418.0,2135558,94.6
COUNTRIES,MEX,Mexico,2015,PCV3,Pneumococcal conjugate vaccine - 3rd dose,WUENIC,WHO/UNICEF Estimates of National Immunization Coverage,2794526.0,2794526,100.0
COUNTRIES,MEX,Mexico,2016,BCG,Bacille Calmette-Guerin (Tuberculosis),ADMIN,Administrative coverage (doses given / target population),2872219.0,2758224,96.0
COUNTRIES,MEX,Mexico,2016,BCG,Bacille Calmette-Guerin (Tuberculosis),OFFICIAL,Official country-reported coverage estimate,201801.0,170716,84.6
COUNTRIES,MEX,Mexico,2016,BCG,Bacille Calmette-Guerin (Tuberculosis),WUENIC,WHO/UNICEF Estimates of National Immunization Coverage,4957278.0,4957278,100.0
COUNTRIES,MEX,Mexico,2016,DTP1,Diphtheria/Tetanus/Pertussis - 1st dose,ADMIN,Administrative coverage (doses given / target population),3381480.0,2936703,86.8
COUNTRIES,MEX,Mexico,2016,DTP1,Diphtheria/Tetanus/Pertussis - 1st dose,OFFICIAL,Official country-reported coverage estimate,2370084.0,2252843,95.1
COUNTRIES,MEX,Mexico,2016,DTP1,Diphtheria/Tetanus/Pertussis - 1st dose,WUENIC,WHO/UNICEF Estimates of National Immunization Coverage,3591942.0,3591942,100.0
COUNTRIES,MEX,Mexico,2016,DTP3,Diphtheria/Tetanus/Pertussis - 3rd dose,ADMIN,Administrative coverage (doses given / target population),,2835974,92.8
COUNTRIES,MEX,Mexico,2016,DTP3,Diphtheria/Tetanus/Pertussis - 3rd dose,OFFICIAL,Official country-reported coverage estimate,3203686.0,2681757,83.7
COUNTRIES,MEX,Mexico,2016,DTP3,Diphtheria/Tetanus/Pertussis - 3rd dose,WUENIC,WHO/UNICEF Estimates of National Immunization Coverage,2390535.0,2362495,98.8
COUNTRIES,MEX,Mexico,2016,MCV1,Measles-containing vaccine - 1st dose,ADMIN,Administrative coverage (doses given / target population),817096.0,687741,84.2
COUNTRIES,MEX,Mexico,2016,MCV1,Measles-containing vaccine - 1st dose,OFFICIAL,Official country-reported coverage estimate,2751819.0,2736783,99.5
COUNTRIES,MEX,Mexico,2016,MCV1,Measles-containing vaccine - 1st dose,WUENIC,WHO/UNICEF Estimates of National Immunization Coverage,3056557.0,3056557,100.0
COUNTRIES,MEX,Mexico,2016,MCV2,Measles-containing vaccine - 2nd dose (booster),ADMIN,Administrative coverage (doses given / target population),4914609.0,4854725,98.8
COUNTRIES,MEX,Mexico,2016,MCV2,Measles-containing vaccine - 2nd dose (booster),OFFICIAL,Official country-reported coverage estimate,1441012.0,1411957,98.0
COUNTRIES,MEX,Mexico,2016,MCV2,Measles-containing vaccine - 2nd dose (booster),WUENIC,WHO/UNICEF Estimates of National Immunization Coverage,2497951.0,2096951,83.9
COUNTRIES,MEX,Mexico,2016,POL3,Polio - 3rd dose,ADMIN,Administrative coverage (doses given / target population),3936770.0,3379838,85.9
COUNTRIES,MEX,Mexico,2016,POL3,Polio - 3rd dose,OFFICIAL,Official country-reported coverage estimate,1932530.0,1818134,94.1
COUNTRIES,MEX,Mexico,2016,POL3,Polio - 3rd dose,WUENIC,WHO/UNICEF Estimates of National Immunization Coverage,258051.0,250795,97.2
COUNTRIES,MEX,Mexico,2016,HEPB3,Hepatitis B - 3rd dose,ADMIN,Administrative coverage (doses given / target population),,3721183,100.0
COUNTRIES,MEX,Mexico,2016,HEPB3,Hepatitis B - 3rd dose,OFFICIAL,Official country-reported coverage estimate,4221673.0,4221673,100.0
COUNTRIES,MEX,Mexico,2016,HEPB3,Hepatitis B - 3rd dose,WUENIC,WHO/UNICEF Estimates of National Immunization Coverage,4248680.0,4091091,96.3
COUNTRIES,MEX,Mexico,2016,PCV3,Pneumococcal conjugate vaccine - 3rd dose,ADMIN,Administrative coverage (doses given / target population),2963143.0,2660085,89.8
COUNTRIES,MEX,Mexico,2016,PCV3,Pneumococcal conjugate vaccine - 3rd dose,OFFICIAL,Official country-reported coverage estimate,2670519.0,2584800,96.8
COUNTRIES,MEX,Mexico,2016,PCV3,Pneumococcal conjugate vaccine - 3rd dose,WUENIC,WHO/UNICEF Estimates of National Immunization Coverage,186360.0,138665,74.4
COUNTRIES,MEX,Mexico,2017,BCG,Bacille Calmette-Guerin (Tuberculosis),ADMIN,Administrative coverage (doses given / target population),753931.0,743812,98.7
COUNTRIES,MEX,Mexico,2017,BCG,Bacille Calmette-Guerin (Tuberculosis),OFFICIAL,Official country-reported coverage estimate,4211851.0,3861644,91.7
COUNTRIES,MEX,Mexico,2017,BCG,Bacille Calmette-Guerin (Tuberculosis),WUENIC,WHO/UNICEF Estimates of National Immunization Coverage,1069400.0,996411,93.2
COUNTRIES,MEX,Mexico,2017,DTP1,Diphtheria/Tetanus/Pertussis - 1st dose,ADMIN,Administrative coverage (doses given / target population),4174562.0,4009856,96.1
COUNTRIES,MEX,Mexico,2017,DTP1,Diphtheria/Tetanus/Pertussis - 1st dose,OFFICIAL,Official country-reported coverage estimate,3921614.0,3921614,100.0
COUNTRIES,MEX,Mexico,2017,DTP1,Diphtheria/Tetanus/Pertussis - 1st dose,WUENIC,WHO/UNICEF Estimates of National Immunization Coverage,3999231.0,3784453,94.6
COUNTRIES,MEX,Mexico,2017,DTP3,Diphtheria/Tetanus/Pertussis - 3rd dose,ADMIN,Administrative coverage (doses given / target population),2815895.0,2815895,100.0
COUNTRIES,MEX,Mexico,2017,DTP3,Diphtheria/Tetanus/Pertussis - 3rd dose,OFFICIAL,Official country-reported coverage estimate,,3156079,98.8
COUNTRIES,MEX,Mexico,2017,DTP3,Diphtheria/Tetanus/Pertussis - 3rd dose,WUENIC,WHO/UNICEF Estimates of National Immunization Coverage,3845926.0,3845926,100.0
COUNTRIES,MEX,Mexico,2017,MCV1,Measles-containing vaccine - 1st dose,ADMIN,Administrative coverage (doses given / target population),711718.0,711718,100.0
COUNTRIES,MEX,Mexico,2017,MCV1,Measles-containing vaccine - 1st dose,OFFICIAL,Official country-reported coverage estimate,2788876.0,2676205,96.0
COUNTRIES,MEX,Mexico,2017,MCV1,Measles-containing vaccine - 1st dose,WUENIC,WHO/UNICEF Estimates of National Immunization Coverage,2668602.0,2569415,96.3
COUNTRIES,MEX,Mexico,2017,MCV2,Measles-containing vaccine - 2nd dose (booster),ADMIN,Administrative coverage (doses given / target population),2811437.0,2577082,91.7
COUNTRIES,MEX,Mexico,2017,MCV2,Measles-containing vaccine - 2nd dose (booster),OFFICIAL,Official country-reported coverage estimate,2993201.0,2801322,93.6
COUNTRIES,MEX,Mexico,2017,MCV2,Measles-containing vaccine - 2nd dose (booster),WUENIC,WHO/UNICEF Estimates of National Immunization Coverage,3989553.0,3517039,88.2
COUNTRIES,MEX,Mexico,2017,POL3,Polio - 3rd dose,ADMIN,Administrative coverage (doses given / target population),4350568.0,4009162,
COUNTRIES,MEX,Mexico,2017,POL3,Polio - 3rd dose,OFFICIAL,Official country-reported coverage estimate,3525518.0,3525518,100.0
COUNTRIES,MEX,Mexico,2017,POL3,Polio - 3rd dose,WUENIC,WHO/UNICEF Estimates of National Immunization Coverage,,94739,98.5
COUNTRIES,MEX,Mexico,2017,HEPB3,Hepatitis B - 3rd dose,ADMIN,Administrative coverage (doses given / target population),1589147.0,1444400,90.9
COUNTRIES,MEX,Mexico,2017,HEPB3,Hepatitis B - 3rd dose,OFFICIAL,Official country-reported coverage estimate,2829392.0,2829392,100.0
COUNTRIES,MEX,Mexico,2017,HEPB3,Hepatitis B - 3rd dose,WUENIC,WHO/UNICEF Estimates of National Immunization Coverage,3661242.0,3493862,95.4
COUNTRIES,MEX,Mexico,2017,PCV3,Pneumococcal conjugate vaccine - 3rd dose,ADMIN,Administrative coverage (doses given / target population),4095497.0,3792605,92.6
COUNTRIES,MEX,Mexico,2017,PCV3,Pneumococcal conjugate vaccine - 3rd dose,OFFICIAL,Official country-reported coverage estimate,614496.0,548741,89.3
COUNTRIES,MEX,Mexico,2017,PCV3,Pneumococcal conjugate vaccine - 3rd dose,WUENIC,WHO/UNICEF Estimates of National Immunization Coverage,4962670.0,4844142,97.6
COUNTRIES,MEX,Mexico,2018,BCG,Bacille Calmette-Guerin (Tuberculosis),ADMIN,Administrative coverage (doses given / target population),3006529.0,2831080,94.2
COUNTRIES,MEX,Mexico,2018,BCG,Bacille Calmette-Guerin (Tuberculosis),OFFICIAL,Official country-reported coverage estimate,1284211.0,1244292,96.9
COUNTRIES,MEX,Mexico,2018,BCG,Bacille Calmette-Guerin (Tuberculosis),WUENIC,WHO/UNICEF Estimates of National Immunization Coverage,152428.0,149564,98.1
COUNTRIES,MEX,Mexico,2018,DTP1,Diphtheria/Tetanus/Pertussis - 1st dose,ADMIN,Administrative coverage (doses given / target population),1237062.0,1148480,92.8
COUNTRIES,MEX,Mexico,2018,DTP1,Diphtheria/Tetanus/Pertussis - 1st dose,OFFICIAL,Official country-reported coverage estimate,4828608.0,4822120,99.9
COUNTRIES,MEX,Mexico,2018,DTP1,Diphtheria/Tetanus/Pertussis - 1st dose,WUENIC,WHO/UNICEF Estimates of National Immunization Coverage,4188329.0,4188329,100.0
COUNTRIES,MEX,Mexico,2018,DTP3,Diphtheria/Tetanus/Pertussis - 3rd dose,ADMIN,Administrative coverage (doses given / target population),,729661,93.4
COUNTRIES,MEX,Mexico,2018,DTP3,Diphtheria/Tetanus/Pertussis - 3rd dose,OFFICIAL,Official country-reported coverage estimate,,4232175,94.8
COUNTRIES,MEX,Mexico,2018,DTP3,Diphtheria/Tetanus/Pertussis - 3rd dose,WUENIC,WHO/UNICEF Estimates of National Immunization Coverage,234510.0,216418,
COUNTRIES,MEX,Mexico,2018,MCV1,Measles-containing vaccine - 1st dose,ADMIN,Administrative coverage (doses given / target population),2713344.0,2713344,100.0
COUNTRIES,MEX,Mexico,2018,MCV1,Measles-containing vaccine - 1st dose,OFFICIAL,Official country-reported coverage estimate,3353773.0,3302070,98.5
COUNTRIES,MEX,Mexico,2018,MCV1,Measles-containing vaccine - 1st dose,WUENIC,WHO/UNICEF Estimates of National Immunization Coverage,4546716.0,4546716,100.0
COUNTRIES,MEX,Mexico,2018,MCV2,Measles-containing vaccine - 2nd dose (booster),ADMIN,Administrative coverage (doses given / target population),1767803.0,1767803,100.0
COUNTRIES,MEX,Mexico,2018,MCV2,Measles-containing vaccine - 2nd dose (booster),OFFICIAL,Official country-reported coverage estimate,4170413.0,4057592,97.3
COUNTRIES,MEX,Mexico,2018,MCV2,Measles-containing vaccine - 2nd dose (booster),WUENIC,WHO/UNICEF Estimates of National Immunization Coverage,275624.0,259211,94.0
COUNTRIES,MEX,Mexico,2018,POL3,Polio - 3rd dose,ADMIN,Administrative coverage (doses given / target population),4016596.0,3924598,97.7
COUNTRIES,MEX,Mexico,2018,POL3,Polio - 3rd dose,OFFICIAL,Official country-reported coverage estimate,2752958.0,2570257,93.4
COUNTRIES,MEX,Mexico,2018,POL3,Polio - 3rd dose,WUENIC,WHO/UNICEF Estimates of National Immunization Coverage,1601871.0,1546395,96.5
COUNTRIES,MEX,Mexico,2018,HEPB3,Hepatitis B - 3rd dose,ADMIN,Administrative coverage (doses given / target population),1578870.0,1490987,94.4
COUNTRIES,MEX,Mexico,2018,HEPB3,Hepatitis B - 3rd dose,OFFICIAL,Official country-reported coverage estimate,4918772.0,4855093,98.7
COUNTRIES,MEX,Mexico,2018,HEPB3,Hepatitis B - 3rd dose,WUENIC,WHO/UNICEF Estimates of National Immunization Coverage,2512920.0,2512920,100.0
COUNTRIES,MEX,Mexico,2018,PCV3,Pneumococcal conjugate vaccine - 3rd dose,ADMIN,Administrative coverage (doses given / target population),1157282.0,1079885,93.3
COUNTRIES,MEX,Mexico,2018,PCV3,Pneumococcal conjugate vaccine - 3rd dose,OFFICIAL,Official country-reported coverage estimate,1241234.0,1147237,92.4
COUNTRIES,MEX,Mexico,2018,PCV3,Pneumococcal conjugate vaccine - 3rd dose,WUENIC,WHO/UNICEF Estimates of National Immunization Coverage,1774444.0,1719636,96.9
COUNTRIES,MEX,Mexico,2019,BCG,Bacille Calmette-Guerin (Tuberculosis),ADMIN,Administrative coverage (doses given / target population),3123275.0,3038113,97.3
COUNTRIES,MEX,Mexico,2019,BCG,Bacille Calmette-Guerin (Tuberculosis),OFFICIAL,Official country-reported coverage estimate,1973711.0,1875219,95.0
COUNTRIES,MEX,Mexico,2019,BCG,Bacille Calmette-Guerin (Tuberculosis),WUENIC,WHO/UNICEF Estimates of National Immunization Coverage,281684.0,237142,84.2
COUNTRIES,MEX,Mexico,2019,DTP1,Diphtheria/Tetanus/Pertussis - 1st dose,ADMIN,Administrative coverage (doses given / target population),935288.0,855183,91.4
COUNTRIES,MEX,Mexico,2019,DTP1,Diphtheria/Tetanus/Pertussis - 1st dose,OFFICIAL,Official country-reported coverage estimate,4846509.0,4645451,95.9
COUNTRIES,MEX,Mexico,2019,DTP1,Diphtheria/Tetanus/Pertussis - 1st dose,WUENIC,WHO/UNICEF Estimates of National Immunization Coverage,1844254.0,1707139,92.6
COUNTRIES,MEX,Mexico,2019,DTP3,Diphtheria/Tetanus/Pertussis - 3rd dose,ADMIN,Administrative coverage (doses given / target population),1757511.0,1658771,94.4
COUNTRIES,MEX,Mexico,2019,DTP3,Diphtheria/Tetanus/Pertussis - 3rd dose,OFFICIAL,Official country-reported coverage estimate,4537386.0,4489190,98.9
COUNTRIES,MEX,Mexico,2019,DTP3,Diphtheria/Tetanus/Pertussis - 3rd dose,WUENIC,WHO/UNICEF Estimates of National Immunization Coverage,2529300.0,2529300,100.0
COUNTRIES,MEX,Mexico,2019,MCV1,Measles-containing vaccine - 1st dose,ADMIN,Administrative coverage (doses given / target population),,3079924,
COUNTRIES,MEX,Mexico,2019,MCV1,Measles-containing vaccine - 1st dose,OFFICIAL,Official country-reported coverage estimate,1715891.0,1715891,100.0
COUNTRIES,MEX,Mexico,2019,MCV1,Measles-containing vaccine - 1st dose,WUENIC,WHO/UNICEF Estimates of National Immunization Coverage,2874617.0,2755009,95.8
COUNTRIES,MEX,Mexico,2019,MCV2,Measles-containing vaccine - 2nd dose (booster),ADMIN,Administrative coverage (doses given / target population),261483.0,261483,100.0
COUNTRIES,MEX,Mexico,2019,MCV2,Measles-containing vaccine - 2nd dose (booster),OFFICIAL,Official country-reported coverage estimate,4770008.0,4767662,100.0
COUNTRIES,MEX,Mexico,2019,MCV2,Measles-containing vaccine - 2nd dose (booster),WUENIC,WHO/UNICEF Estimates of National Immunization Coverage,2442149.0,2132769,87.3
COUNTRIES,MEX,Mexico,2019,POL3,Polio - 3rd dose,ADMIN,Administrative coverage (doses given / target population),3429838.0,3238120,94.4
COUNTRIES,MEX,Mexico,2019,POL3,Polio - 3rd dose,OFFICIAL,Official country-reported coverage estimate,4818727.0,4818727,100.0
COUNTRIES,MEX,Mexico,2019,POL3,Polio - 3rd dose,WUENIC,WHO/UNICEF Estimates of National Immunization Coverage,502818.0,502818,100.0
COUNTRIES,MEX,Mexico,2019,HEPB3,Hepatitis B - 3rd dose,ADMIN,Administrative coverage (doses given / target population),1912589.0,1912589,100.0
COUNTRIES,MEX,Mexico,2019,HEPB3,Hepatitis B - 3rd dose,OFFICIAL,Official country-reported coverage estimate,362978.0,362978,100.0
COUNTRIES,MEX,Mexico,2019,HEPB3,Hepatitis B - 3rd dose,WUENIC,WHO/UNICEF Estimates of National Immunization Coverage,4313124.0,3874801,89.8
COUNTRIES,MEX,Mexico,2019,PCV3,Pneumococcal conjugate vaccine - 3rd dose,ADMIN,Administrative coverage (doses given / target population),408612.0,381053,93.3
COUNTRIES,MEX,Mexico,2019,PCV3,Pneumococcal conjugate vaccine - 3rd dose,OFFICIAL,Official country-reported coverage estimate,638347.0,631677,99.0
COUNTRIES,MEX,Mexico,2019,PCV3,Pneumococcal conjugate vaccine - 3rd dose,WUENIC,WHO/UNICEF Estimates of National Immunization Coverage,2574202.0,2218061,86.2
COUNTRIES,MEX,Mexico,2020,BCG,Bacille Calmette-Guerin (Tuberculosis),ADMIN,Administrative coverage (doses given / target population),351743.0,333222,94.7
COUNTRIES,MEX,Mexico,2020,BCG,Bacille Calmette-Guerin (Tuberculosis),OFFICIAL,Official country-reported coverage estimate,4910650.0,4872537,99.2
COUNTRIES,MEX,Mexico,2020,BCG,Bacille Calmette-Guerin (Tuberculosis),WUENIC,WHO/UNICEF Estimates of National Immunization Coverage,4278029.0,4278029,100.0
COUNTRIES,MEX,Mexico,2020,DTP1,Diphtheria/Tetanus/Pertussis - 1st dose,ADMIN,Administrative coverage (doses given / target population),1963887.0,1963887,100.0
COUNTRIES,MEX,Mexico,2020,DTP1,Diphtheria/Tetanus/Pertussis - 1st dose,OFFICIAL,Official country-reported coverage estimate,3812340.0,3717967,97.5
COUNTRIES,MEX,Mexico,2020,DTP1,Diphtheria/Tetanus/Pertussis - 1st dose,WUENIC,WHO/UNICEF Estimates of National Immunization Coverage,,793935,
COUNTRIES,MEX,Mexico,2020,DTP3,Diphtheria/Tetanus/Pertussis - 3rd dose,ADMIN,Administrative coverage (doses given / target population),3149206.0,3149206,100.0
COUNTRIES,MEX,Mexico,2020,DTP3,Diphtheria/Tetanus/Pertussis - 3rd dose,OFFICIAL,Official country-reported coverage estimate,4954300.0,4586549,92.6
COUNTRIES,MEX,Mexico,2020,DTP3,Diphtheria/Tetanus/Pertussis - 3rd dose,WUENIC,WHO/UNICEF Estimates of National Immunization Coverage,824240.0,824240,100.0
COUNTRIES,MEX,Mexico,2020,MCV1,Measles-containing vaccine - 1st dose,ADMIN,Administrative coverage (doses given / target population),3533053.0,3533053,100.0
COUNTRIES,MEX,Mexico,2020,MCV1,Measles-containing vaccine - 1st dose,OFFICIAL,Official country-reported coverage estimate,4746423.0,4475225,94.3
COUNTRIES,MEX,Mexico,2020,MCV1,Measles-containing vaccine - 1st dose,WUENIC,WHO/UNICEF Estimates of National Immunization Coverage,3676570.0,3533194,96.1
COUNTRIES,MEX,Mexico,2020,MCV2,Measles-containing vaccine - 2nd dose (booster),ADMIN,Administrative coverage (doses given / target population),707983.0,707983,100.0
COUNTRIES,MEX,Mexico,2020,MCV2,Measles-containing vaccine - 2nd dose (booster),OFFICIAL,Official country-reported coverage estimate,571925.0,564308,98.7
COUNTRIES,MEX,Mexico,2020,MCV2,Measles-containing vaccine - 2nd dose (booster),WUENIC,WHO/UNICEF Estimates of National Immunization Coverage,4361875.0,4361875,100.0
COUNTRIES,MEX,Mexico,2020,POL3,Polio - 3rd dose,ADMIN,Administrative coverage (doses given / target population),2861762.0,2720122,95.1
COUNTRIES,MEX,Mexico,2020,POL3,Polio - 3rd dose,OFFICIAL,Official country-reported coverage estimate,4622853.0,4622853,100.0
COUNTRIES,MEX,Mexico,2020,POL3,Polio - 3rd dose,WUENIC,WHO/UNICEF Estimates of National Immunization Coverage,289933.0,289933,100.0
COUNTRIES,MEX,Mexico,2020,HEPB3,Hepatitis B - 3rd dose,ADMIN,Administrative coverage (doses given / target population),2307125.0,2307125,100.0
COUNTRIES,MEX,Mexico,2020,HEPB3,Hepatitis B - 3rd dose,OFFICIAL,Official country-reported coverage estimate,1869735.0,1779226,95.2
COUNTRIES,MEX,Mexico,2020,HEPB3,Hepatitis B - 3rd dose,WUENIC,WHO/UNICEF Estimates of National Immunization Coverage,4389453.0,4385759,99.9
COUNTRIES,MEX,Mexico,2020,PCV3,Pneumococcal conjugate vaccine - 3rd dose,ADMIN,Administrative coverage (doses given / target population),3712139.0,3677320,99.1
COUNTRIES,MEX,Mexico,2020,PCV3,Pneumococcal conjugate vaccine - 3rd dose,OFFICIAL,Official country-reported coverage estimate,1139502.0,1130233,99.2
COUNTRIES,MEX,Mexico,2020,PCV3,Pneumococcal conjugate vaccine - 3rd dose,WUENIC,WHO/UNICEF Estimates of National Immunization Coverage,3999432.0,3779146,94.5
COUNTRIES,MEX,Mexico,2021,BCG,Bacille Calmette-Guerin (Tuberculosis),ADMIN,Administrative coverage (doses given / target population),77717.0,74520,95.9
COUNTRIES,MEX,Mexico,2021,BCG,Bacille Calmette-Guerin (Tuberculosis),OFFICIAL,Official country-reported coverage estimate,4144405.0,4144405,100.0
COUNTRIES,MEX,Mexico,2021,BCG,Bacille Calmette-Guerin (Tuberculosis),WUENIC,WHO/UNICEF Estimates of National Immunization Coverage,1994121.0,1902813,95.4
COUNTRIES,MEX,Mexico,2021,DTP1,Diphtheria/Tetanus/Pertussis - 1st dose,ADMIN,Administrative coverage (doses given / target population),2203357.0,2019754,91.7
COUNTRIES,MEX,Mexico,2021,DTP1,Diphtheria/Tetanus/Pertussis - 1st dose,OFFICIAL,Official country-reported coverage estimate,2535557.0,2535557,100.0
COUNTRIES,MEX,Mexico,2021,DTP1,Diphtheria/Tetanus/Pertussis - 1st dose,WUENIC,WHO/UNICEF Estimates of National Immunization Coverage,320709.0,320709,100.0
COUNTRIES,MEX,Mexico,2021,DTP3,Diphtheria/Tetanus/Pertussis - 3rd dose,ADMIN,Administrative coverage (doses given / target population),4252874.0,4171202,98.1
COUNTRIES,MEX,Mexico,2021,DTP3,Diphtheria/Tetanus/Pertussis - 3rd dose,OFFICIAL,Official country-reported coverage estimate,1853825.0,1778524,95.9
COUNTRIES,MEX,Mexico,2021,DTP3,Diphtheria/Tetanus/Pertussis - 3rd dose,WUENIC,WHO/UNICEF Estimates of National Immunization Coverage,239215.0,239215,100.0
COUNTRIES,MEX,Mexico,2021,MCV1,Measles-containing vaccine - 1st dose,ADMIN,Administrative coverage (doses given / target population),1222453.0,1188334,97.2
COUNTRIES,MEX,Mexico,2021,MCV1,Measles-containing vaccine - 1st dose,OFFICIAL,Official country-reported coverage estimate,4050514.0,3956783,97.7
COUNTRIES,MEX,Mexico,2021,MCV1,Measles-containing vaccine - 1st dose,WUENIC,WHO/UNICEF Estimates of National Immunization Coverage,4404314.0,4188261,95.1
COUNTRIES,MEX,Mexico,2021,MCV2,Measles-containing vaccine - 2nd dose (booster),ADMIN,Administrative coverage (doses given / target population),2045559.0,1951554,95.4
COUNTRIES,MEX,Mexico,2021,MCV2,Measles-containing vaccine - 2nd dose (booster),OFFICIAL,Official country-reported coverage estimate,4155486.0,4155486,100.0
COUNTRIES,MEX,Mexico,2021,MCV2,Measles-containing vaccine - 2nd dose (booster),WUENIC,WHO/UNICEF Estimates of National Immunization Coverage,1695454.0,1519690,89.6
COUNTRIES,MEX,Mexico,2021,POL3,Polio - 3rd dose,ADMIN,Administrative coverage (doses given / target population),,3626661,91.1
COUNTRIES,MEX,Mexico,2021,POL3,Polio - 3rd dose,OFFICIAL,Official country-reported coverage estimate,1169669.0,1125685,
COUNTRIES,MEX,Mexico,2021,POL3,Polio - 3rd dose,WUENIC,WHO/UNICEF Estimates of National Immunization Coverage,1700293.0,1700293,100.0
COUNTRIES,MEX,Mexico,2021,HEPB3,Hepatitis B - 3rd dose,ADMIN,Administrative coverage (doses given / target population),4596997.0,4500074,
COUNTRIES,MEX,Mexico,2021,HEPB3,Hepatitis B - 3rd dose,OFFICIAL,Official country-reported coverage estimate,187705.0,174015,92.7
COUNTRIES,MEX,Mexico,2021,HEPB3,Hepatitis B - 3rd dose,WUENIC,WHO/UNICEF Estimates of National Immunization Coverage,955795.0,911777,95.4
COUNTRIES,MEX,Mexico,2021,PCV3,Pneumococcal conjugate vaccine - 3rd dose,ADMIN,Administrative coverage (doses given / target population),3541166.0,3093354,87.4
COUNTRIES,MEX,Mexico,2021,PCV3,Pneumococcal conjugate vaccine - 3rd dose,OFFICIAL,Official country-reported coverage estimate,3147924.0,2829718,89.9
COUNTRIES,MEX,Mexico,2021,PCV3,Pneumococcal conjugate vaccine - 3rd dose,WUENIC,WHO/UNICEF Estimates of National Immunization Coverage,581215.0,581215,100.0
COUNTRIES,MEX,Mexico,2022,BCG,Bacille Calmette-Guerin (Tuberculosis),ADMIN,Administrative coverage (doses given / target population),4287982.0,4233591,98.7
COUNTRIES,MEX,Mexico,2022,BCG,Bacille Calmette-Guerin (Tuberculosis),OFFICIAL,Official country-reported coverage estimate,629176.0,542484,86.2
COUNTRIES,MEX,Mexico,2022,BCG,Bacille Calmette-Guerin (Tuberculosis),WUENIC,WHO/UNICEF Estimates of National Immunization Coverage,,2549027,88.4
COUNTRIES,MEX,Mexico,2022,DTP1,Diphtheria/Tetanus/Pertussis - 1st dose,ADMIN,Administrative coverage (doses given / target population),3450689.0,2780820,80.6
COUNTRIES,MEX,Mexico,2022,DTP1,Diphtheria/Tetanus/Pertussis - 1st dose,OFFICIAL,Official country-reported coverage estimate,4011866.0,4011866,100.0
COUNTRIES,MEX,Mexico,2022,DTP1,Diphtheria/Tetanus/Pertussis - 1st dose,WUENIC,WHO/UNICEF Estimates of National Immunization Coverage,4260390.0,4260390,100.0
COUNTRIES,MEX,Mexico,2022,DTP3,Diphtheria/Tetanus/Pertussis - 3rd dose,ADMIN,Administrative coverage (doses given / target population),1775700.0,1632364,91.9
COUNTRIES,MEX,Mexico,2022,DTP3,Diphtheria/Tetanus/Pertussis - 3rd dose,OFFICIAL,Official country-reported coverage estimate,302811.0,302811,100.0
COUNTRIES,MEX,Mexico,2022,DTP3,Diphtheria/Tetanus/Pertussis - 3rd dose,WUENIC,WHO/UNICEF Estimates of National Immunization Coverage,626579.0,523947,83.6
COUNTRIES,MEX,Mexico,2022,MCV1,Measles-containing vaccine - 1st dose,ADMIN,Administrative coverage (doses given / target population),921889.0,796608,86.4
COUNTRIES,MEX,Mexico,2022,MCV1,Measles-containing vaccine - 1st dose,OFFICIAL,Official country-reported coverage estimate,4863687.0,4854934,99.8
COUNTRIES,MEX,Mexico,2022,MCV1,Measles-containing vaccine - 1st dose,WUENIC,WHO/UNICEF Estimates of National Immunization Coverage,162651.0,159459,98.0
COUNTRIES,MEX,Mexico,2022,MCV2,Measles-containing vaccine - 2nd dose (booster),ADMIN,Administrative coverage (doses given / target population),3209816.0,2946268,91.8
COUNTRIES,MEX,Mexico,2022,MCV2,Measles-containing vaccine - 2nd dose (booster),OFFICIAL,Official country-reported coverage estimate,3744185.0,3316197,88.6
COUNTRIES,MEX,Mexico,2022,MCV2,Measles-containing vaccine - 2nd dose (booster),WUENIC,WHO/UNICEF Estimates of National Immunization Coverage,1028947.0,1028947,100.0
COUNTRIES,MEX,Mexico,2022,POL3,Polio - 3rd dose,ADMIN,Administrative coverage (doses given / target population),3630593.0,3225538,88.8
COUNTRIES,MEX,Mexico,2022,POL3,Polio - 3rd dose,OFFICIAL,Official country-reported coverage estimate,2176664.0,2176664,100.0
COUNTRIES,MEX,Mexico,2022,POL3,Polio - 3rd dose,WUENIC,WHO/UNICEF Estimates of National Immunization Coverage,61945.0,61945,100.0
COUNTRIES,MEX,Mexico,2022,HEPB3,Hepatitis B - 3rd dose,ADMIN,Administrative coverage (doses given / target population),689792.0,689792,100.0
COUNTRIES,MEX,Mexico,2022,HEPB3,Hepatitis B - 3rd dose,OFFICIAL,Official country-reported coverage estimate,3102066.0,3001233,96.7
COUNTRIES,MEX,Mexico,2022,HEPB3,Hepatitis B - 3rd dose,WUENIC,WHO/UNICEF Estimates of National Immunization Coverage,469947.0,460480,98.0
COUNTRIES,MEX,Mexico,2022,PCV3,Pneumococcal conjugate vaccine - 3rd dose,ADMIN,Administrative coverage (doses given / target population),1047760.0,1046550,99.9
COUNTRIES,MEX,Mexico,2022,PCV3,Pneumococcal conjugate vaccine - 3rd dose,OFFICIAL,Official country-reported coverage estimate,4762648.0,4682501,98.3
COUNTRIES,MEX,Mexico,2022,PCV3,Pneumococcal conjugate vaccine - 3rd dose,WUENIC,WHO/UNICEF Estimates of National Immunization Coverage,2389263.0,2316535,97.0
COUNTRIES,MEX,Mexico,2023,BCG,Bacille Calmette-Guerin (Tuberculosis),ADMIN,Administrative coverage (doses given / target population),1964191.0,1964191,100.0
COUNTRIES,MEX,Mexico,2023,BCG,Bacille Calmette-Guerin (Tuberculosis),OFFICIAL,Official country-reported coverage estimate,2346705.0,2236162,95.3
COUNTRIES,MEX,Mexico,2023,BCG,Bacille Calmette-Guerin (Tuberculosis),WUENIC,WHO/UNICEF Estimates of National Immunization Coverage,52063.0,49081,94.3
COUNTRIES,MEX,Mexico,2023,DTP1,Diphtheria/Tetanus/Pertussis - 1st dose,ADMIN,Administrative coverage (doses given / target population),705505.0,629641,89.2
COUNTRIES,MEX,Mexico,2023,DTP1,Diphtheria/Tetanus/Pertussis - 1st dose,OFFICIAL,Official country-reported coverage estimate,3450146.0,3214058,93.2
COUNTRIES,MEX,Mexico,2023,DTP1,Diphtheria/Tetanus/Pertussis - 1st dose,WUENIC,WHO/UNICEF Estimates of National Immunization Coverage,1276145.0,1230456,96.4
COUNTRIES,MEX,Mexico,2023,DTP3,Diphtheria/Tetanus/Pertussis - 3rd dose,ADMIN,Administrative coverage (doses given / target population),1623308.0,1623308,100.0
COUNTRIES,MEX,Mexico,2023,DTP3,Diphtheria/Tetanus/Pertussis - 3rd dose,OFFICIAL,Official country-reported coverage estimate,239503.0,239503,100.0
COUNTRIES,MEX,Mexico,2023,DTP3,Diphtheria/Tetanus/Pertussis - 3rd dose,WUENIC,WHO/UNICEF Estimates of National Immunization Coverage,627397.0,606638,96.7
COUNTRIES,MEX,Mexico,2023,MCV1,Measles-containing vaccine - 1st dose,ADMIN,Administrative coverage (doses given / target population),1590440.0,1570482,98.7
COUNTRIES,MEX,Mexico,2023,MCV1,Measles-containing vaccine - 1st dose,OFFICIAL,Official country-reported coverage estimate,3639322.0,3445873,94.7
COUNTRIES,MEX,Mexico,2023,MCV1,Measles-containing vaccine - 1st dose,WUENIC,WHO/UNICEF Estimates of National Immunization Coverage,4196812.0,4196812,100.0
COUNTRIES,MEX,Mexico,2023,MCV2,Measles-containing vaccine - 2nd dose (booster),ADMIN,Administrative coverage (doses given / target population),1272200.0,1260973,99.1
COUNTRIES,MEX,Mexico,2023,MCV2,Measles-containing vaccine - 2nd dose (booster),OFFICIAL,Official country-reported coverage estimate,4347485.0,3993700,91.9
COUNTRIES,MEX,Mexico,2023,MCV2,Measles-containing vaccine - 2nd dose (booster),WUENIC,WHO/UNICEF Estimates of National Immunization Coverage,956743.0,849973,88.8
COUNTRIES,MEX,Mexico,2023,POL3,Polio - 3rd dose,ADMIN,Administrative coverage (doses given / target population),3778996.0,3778996,100.0
COUNTRIES,MEX,Mexico,2023,POL3,Polio - 3rd dose,OFFICIAL,Official country-reported coverage estimate,825706.0,816445,98.9
COUNTRIES,MEX,Mexico,2023,POL3,Polio - 3rd dose,WUENIC,WHO/UNICEF Estimates of National Immunization Coverage,1364618.0,1351110,99.0
COUNTRIES,MEX,Mexico,2023,HEPB3,Hepatitis B - 3rd dose,ADMIN,Administrative coverage (doses given / target population),3079807.0,2997864,97.3
COUNTRIES,MEX,Mexico,2023,HEPB3,Hepatitis B - 3rd dose,OFFICIAL,Official country-reported coverage estimate,3671732.0,3671732,100.0
COUNTRIES,MEX,Mexico,2023,HEPB3,Hepatitis B - 3rd dose,WUENIC,WHO/UNICEF Estimates of National Immunization Coverage,1665472.0,1328122,79.7
COUNTRIES,MEX,Mexico,2023,PCV3,Pneumococcal conjugate vaccine - 3rd dose,ADMIN,Administrative coverage (doses given / target population),3844259.0,3522823,91.6
COUNTRIES,MEX,Mexico,2023,PCV3,Pneumococcal conjugate vaccine - 3rd dose,OFFICIAL,Official country-reported coverage estimate,4033307.0,3594848,89.1
COUNTRIES,MEX,Mexico,2023,PCV3,Pneumococcal conjugate vaccine - 3rd dose,WUENIC,WHO/UNICEF Estimates of National Immunization Coverage,4675910.0,4675910,100.0
COUNTRIES,IDN,Indonesia,2010,BCG,Bacille Calmette-Guerin (Tuberculosis),ADMIN,Administrative coverage (doses given / target population),1451010.0,944248,65.1
COUNTRIES,IDN,Indonesia,2010,BCG,Bacille Calmette-Guerin (Tuberculosis),OFFICIAL,Official country-reported coverage estimate,2763687.0,2197122,79.5
COUNTRIES,IDN,Indonesia,2010,BCG,Bacille Calmette-Guerin (Tuberculosis),WUENIC,WHO/UNICEF Estimates of National Immunization Coverage,2283838.0,1717480,75.2
COUNTRIES,IDN,Indonesia,2010,DTP1,Diphtheria/Tetanus/Pertussis - 1st dose,ADMIN,Administrative coverage (doses given / target population),1547321.0,1068322,69.0
COUNTRIES,IDN,Indonesia,2010,DTP1,Diphtheria/Tetanus/Pertussis - 1st dose,OFFICIAL,Official country-reported coverage estimate,4660919.0,3778850,81.1
COUNTRIES,IDN,Indonesia,2010,DTP1,Diphtheria/Tetanus/Pertussis - 1st dose,WUENIC,WHO/UNICEF Estimates of National Immunization Coverage,4608635.0,3747117,81.3
COUNTRIES,IDN,Indonesia,2010,DTP3,Diphtheria/Tetanus/Pertussis - 3rd dose,ADMIN,Administrative coverage (doses given / target population),1738455.0,1285212,73.9
COUNTRIES,IDN,Indonesia,2010,DTP3,Diphtheria/Tetanus/Pertussis - 3rd dose,OFFICIAL,Official country-reported coverage estimate,4252540.0,2750164,64.7
COUNTRIES,IDN,Indonesia,2010,DTP3,Diphtheria/Tetanus/Pertussis - 3rd dose,WUENIC,WHO/UNICEF Estimates of National Immunization Coverage,3279281.0,2427957,74.0
COUNTRIES,IDN,Indonesia,2010,MCV1,Measles-containing vaccine - 1st dose,ADMIN,Administrative coverage (doses given / target population),94245.0,63051,66.9
COUNTRIES,IDN,Indonesia,2010,MCV1,Measles-containing vaccine - 1st dose,OFFICIAL,Official country-reported coverage estimate,3507808.0,2732984,77.9
COUNTRIES,IDN,Indonesia,2010,MCV1,Measles-containing vaccine - 1st dose,WUENIC,WHO/UNICEF Estimates of National Immunization Coverage,2831903.0,2012268,71.1
COUNTRIES,IDN,Indonesia,2010,MCV2,Measles-containing vaccine - 2nd dose (booster),ADMIN,Administrative coverage (doses given / target population),1991415.0,1594081,80.0
COUNTRIES,IDN,Indonesia,2010,MCV2,Measles-containing vaccine - 2nd dose (booster),OFFICIAL,Official country-reported coverage estimate,1164237.0,896459,77.0
COUNTRIES,IDN,Indonesia,2010,MCV2,Measles-containing vaccine - 2nd dose (booster),WUENIC,WHO/UNICEF Estimates of National Immunization Coverage,4953592.0,4192534,84.6
COUNTRIES,IDN,Indonesia,2010,POL3,Polio - 3rd dose,ADMIN,Administrative coverage (doses given / target population),4862092.0,3756378,77.3
COUNTRIES,IDN,Indonesia,2010,POL3,Polio - 3rd dose,OFFICIAL,Official country-reported coverage estimate,1888936.0,1380992,73.1
COUNTRIES,IDN,Indonesia,2010,POL3,Polio - 3rd dose,WUENIC,WHO/UNICEF Estimates of National Immunization Coverage,4869604.0,3559781,73.1
COUNTRIES,IDN,Indonesia,2010,HEPB3,Hepatitis B - 3rd dose,ADMIN,Administrative coverage (doses given / target population),2662691.0,2081757,78.2
COUNTRIES,IDN,Indonesia,2010,HEPB3,Hepatitis B - 3rd dose,OFFICIAL,Official country-reported coverage estimate,3442972.0,2735929,79.5
COUNTRIES,IDN,Indonesia,2010,HEPB3,Hepatitis B - 3rd dose,WUENIC,WHO/UNICEF Estimates of National Immunization Coverage,1032183.0,905416,87.7
COUNTRIES,IDN,Indonesia,2010,PCV3,Pneumococcal conjugate vaccine - 3rd dose,ADMIN,Administrative coverage (doses given / target population),693172.0,463408,66.9
COUNTRIES,IDN,Indonesia,2010,PCV3,Pneumococcal conjugate vaccine - 3rd dose,OFFICIAL,Official country-reported coverage estimate,1349569.0,902202,
COUNTRIES,IDN,Indonesia,2010,PCV3,Pneumococcal conjugate vaccine - 3rd dose,WUENIC,WHO/UNICEF Estimates of National Immunization Coverage,286853.0,213880,74.6
COUNTRIES,IDN,Indonesia,2011,BCG,Bacille Calmette-Guerin (Tuberculosis),ADMIN,Administrative coverage (doses given / target population),4206948.0,3389984,80.6
COUNTRIES,IDN,Indonesia,2011,BCG,Bacille Calmette-Guerin (Tuberculosis),OFFICIAL,Official country-reported coverage estimate,2703557.0,2171047,80.3
COUNTRIES,IDN,Indonesia,2011,BCG,Bacille Calmette-Guerin (Tuberculosis),WUENIC,WHO/UNICEF Estimates of National Immunization Coverage,2455549.0,1826187,74.4
COUNTRIES,IDN,Indonesia,2011,DTP1,Diphtheria/Tetanus/Pertussis - 1st dose,ADMIN,Administrative coverage (doses given / target population),2392647.0,1744566,72.9
COUNTRIES,IDN,Indonesia,2011,DTP1,Diphtheria/Tetanus/Pertussis - 1st dose,OFFICIAL,Official country-reported coverage estimate,,2692571,68.1
COUNTRIES,IDN,Indonesia,2011,DTP1,Diphtheria/Tetanus/Pertussis - 1st dose,WUENIC,WHO/UNICEF Estimates of National Immunization Coverage,4824725.0,3606064,74.7
COUNTRIES,IDN,Indonesia,2011,DTP3,Diphtheria/Tetanus/Pertussis - 3rd dose,ADMIN,Administrative coverage (doses given / target population),4949357.0,3919233,79.2
COUNTRIES,IDN,Indonesia,2011,DTP3,Diphtheria/Tetanus/Pertussis - 3rd dose,OFFICIAL,Official country-reported coverage estimate,1478131.0,1020029,69.0
COUNTRIES,IDN,Indonesia,2011,DTP3,Diphtheria/Tetanus/Pertussis - 3rd dose,WUENIC,WHO/UNICEF Estimates of National Immunization Coverage,778461.0,575409,
COUNTRIES,IDN,Indonesia,2011,MCV1,Measles-containing vaccine - 1st dose,ADMIN,Administrative coverage (doses given / target population),441541.0,318771,72.2
COUNTRIES,IDN,Indonesia,2011,MCV1,Measles-containing vaccine - 1st dose,OFFICIAL,Official country-reported coverage estimate,,1040958,70.1
COUNTRIES,IDN,Indonesia,2011,MCV1,Measles-containing vaccine - 1st dose,WUENIC,WHO/UNICEF Estimates of National Immunization Coverage,2625623.0,2056224,78.3
COUNTRIES,IDN,Indonesia,2011,MCV2,Measles-containing vaccine - 2nd dose (booster),ADMIN,Administrative coverage (doses given / target population),210027.0,178894,85.2
COUNTRIES,IDN,Indonesia,2011,MCV2,Measles-containing vaccine - 2nd dose (booster),OFFICIAL,Official country-reported coverage estimate,1416546.0,1121672,79.2
COUNTRIES,IDN,Indonesia,2011,MCV2,Measles-containing vaccine - 2nd dose (booster),WUENIC,WHO/UNICEF Estimates of National Immunization Coverage,819228.0,652394,79.6
COUNTRIES,IDN,Indonesia,2011,POL3,Polio - 3rd dose,ADMIN,Administrative coverage (doses given / target population),,1331406,69.5
COUNTRIES,IDN,Indonesia,2011,POL3,Polio - 3rd dose,OFFICIAL,Official country-reported coverage estimate,1017691.0,700336,68.8
COUNTRIES,IDN,Indonesia,2011,POL3,Polio - 3rd dose,WUENIC,WHO/UNICEF Estimates of National Immunization Coverage,4575298.0,3664465,80.1
COUNTRIES,IDN,Indonesia,2011,HEPB3,Hepatitis B - 3rd dose,ADMIN,Administrative coverage (doses given / target population),1119096.0,862374,77.1
COUNTRIES,IDN,Indonesia,2011,HEPB3,Hepatitis B - 3rd dose,OFFICIAL,Official country-reported coverage estimate,2853369.0,1705268,59.8
COUNTRIES,IDN,Indonesia,2011,HEPB3,Hepatitis B - 3rd dose,WUENIC,WHO/UNICEF Estimates of National Immunization Coverage,2573258.0,2255524,87.7
COUNTRIES,IDN,Indonesia,2011,PCV3,Pneumococcal conjugate vaccine - 3rd dose,ADMIN,Administrative coverage (doses given / target population),817380.0,716274,87.6
COUNTRIES,IDN,Indonesia,2011,PCV3,Pneumococcal conjugate vaccine - 3rd dose,OFFICIAL,Official country-reported coverage estimate,1592415.0,1060933,66.6
COUNTRIES,IDN,Indonesia,2011,PCV3,Pneumococcal conjugate vaccine - 3rd dose,WUENIC,WHO/UNICEF Estimates of National Immunization Coverage,2331988.0,1448223,62.1
COUNTRIES,IDN,Indonesia,2012,BCG,Bacille Calmette-Guerin (Tuberculosis),ADMIN,Administrative coverage (doses given / target population),4544268.0,3539638,77.9
COUNTRIES,IDN,Indonesia,2012,BCG,Bacille Calmette-Guerin (Tuberculosis),OFFICIAL,Official country-reported coverage estimate,4108799.0,2846643,69.3
COUNTRIES,IDN,Indonesia,2012,BCG,Bacille Calmette-Guerin (Tuberculosis),WUENIC,WHO/UNICEF Estimates of National Immunization Coverage,1166979.0,787530,67.5
COUNTRIES,IDN,Indonesia,2012,DTP1,Diphtheria/Tetanus/Pertussis - 1st dose,ADMIN,Administrative coverage (doses given / target population),3131045.0,2504473,80.0
COUNTRIES,IDN,Indonesia,2012,DTP1,Diphtheria/Tetanus/Pertussis - 1st dose,OFFICIAL,Official country-reported coverage estimate,2132701.0,1846745,86.6
COUNTRIES,IDN,Indonesia,2012,DTP1,Diphtheria/Tetanus/Pertussis - 1st dose,WUENIC,WHO/UNICEF Estimates of National Immunization Coverage,2505676.0,1930186,77.0
COUNTRIES,IDN,Indonesia,2012,DTP3,Diphtheria/Tetanus/Pertussis - 3rd dose,ADMIN,Administrative coverage (doses given / target population),2851278.0,1938402,68.0
COUNTRIES,IDN,Indonesia,2012,DTP3,Diphtheria/Tetanus/Pertussis - 3rd dose,OFFICIAL,Official country-reported coverage estimate,2160422.0,1568608,
COUNTRIES,IDN,Indonesia,2012,DTP3,Diphtheria/Tetanus/Pertussis - 3rd dose,WUENIC,WHO/UNICEF Estimates of National Immunization Coverage,234169.0,183837,78.5
COUNTRIES,IDN,Indonesia,2012,MCV1,Measles-containing vaccine - 1st dose,ADMIN,Administrative coverage (doses given / target population),2548175.0,2080993,81.7
COUNTRIES,IDN,Indonesia,2012,MCV1,Measles-containing vaccine - 1st dose,OFFICIAL,Official country-reported coverage estimate,501289.0,354224,70.7
COUNTRIES,IDN,Indonesia,2012,MCV1,Measles-containing vaccine - 1st dose,WUENIC,WHO/UNICEF Estimates of National Immunization Coverage,,1360861,75.5
COUNTRIES,IDN,Indonesia,2012,MCV2,Measles-containing vaccine - 2nd dose (booster),ADMIN,Administrative coverage (doses given / target population),3100473.0,2287282,73.8
COUNTRIES,IDN,Indonesia,2012,MCV2,Measles-containing vaccine - 2nd dose (booster),OFFICIAL,Official country-reported coverage estimate,961030.0,695401,72.4
COUNTRIES,IDN,Indonesia,2012,MCV2,Measles-containing vaccine - 2nd dose (booster),WUENIC,WHO/UNICEF Estimates of National Immunization Coverage,1063363.0,916337,86.2
COUNTRIES,IDN,Indonesia,2012,POL3,Polio - 3rd dose,ADMIN,Administrative coverage (doses given / target population),1510375.0,1159474,76.8
COUNTRIES,IDN,Indonesia,2012,POL3,Polio - 3rd dose,OFFICIAL,Official country-reported coverage estimate,4567864.0,3386895,
COUNTRIES,IDN,Indonesia,2012,POL3,Polio - 3rd dose,WUENIC,WHO/UNICEF Estimates of National Immunization Coverage,4137038.0,3456482,83.5
COUNTRIES,IDN,Indonesia,2012,HEPB3,Hepatitis B - 3rd dose,ADMIN,Administrative coverage (doses given / target population),598163.0,427048,71.4
COUNTRIES,IDN,Indonesia,2012,HEPB3,Hepatitis B - 3rd dose,OFFICIAL,Official country-reported coverage estimate,522730.0,389089,74.4
COUNTRIES,IDN,Indonesia,2012,HEPB3,Hepatitis B - 3rd dose,WUENIC,WHO/UNICEF Estimates of National Immunization Coverage,4430332.0,3393407,76.6
COUNTRIES,IDN,Indonesia,2012,PCV3,Pneumococcal conjugate vaccine - 3rd dose,ADMIN,Administrative coverage (doses given / target population),2279842.0,1786314,78.4
COUNTRIES,IDN,Indonesia,2012,PCV3,Pneumococcal conjugate vaccine - 3rd dose,OFFICIAL,Official country-reported coverage estimate,3536923.0,2986300,84.4
COUNTRIES,IDN,Indonesia,2012,PCV3,Pneumococcal conjugate vaccine - 3rd dose,WUENIC,WHO/UNICEF Estimates of National Immunization Coverage,964446.0,664992,69.0
COUNTRIES,IDN,Indonesia,2013,BCG,Bacille Calmette-Guerin (Tuberculosis),ADMIN,Administrative coverage (doses given / target population),419416.0,307099,73.2
COUNTRIES,IDN,Indonesia,2013,BCG,Bacille Calmette-Guerin (Tuberculosis),OFFICIAL,Official country-reported coverage estimate,885440.0,780165,88.1
COUNTRIES,IDN,Indonesia,2013,BCG,Bacille Calmette-Guerin (Tuberculosis),WUENIC,WHO/UNICEF Estimates of National Immunization Coverage,188946.0,155181,82.1
COUNTRIES,IDN,Indonesia,2013,DTP1,Diphtheria/Tetanus/Pertussis - 1st dose,ADMIN,Administrative coverage (doses given / target population),3101452.0,2311618,74.5
COUNTRIES,IDN,Indonesia,2013,DTP1,Diphtheria/Tetanus/Pertussis - 1st dose,OFFICIAL,Official country-reported coverage estimate,2988907.0,2223799,74.4
COUNTRIES,IDN,Indonesia,2013,DTP1,Diphtheria/Tetanus/Pertussis - 1st dose,WUENIC,WHO/UNICEF Estimates of National Immunization Coverage,2000624.0,1616705,80.8
COUNTRIES,IDN,Indonesia,2013,DTP3,Diphtheria/Tetanus/Pertussis - 3rd dose,ADMIN,Administrative coverage (doses given / target population),3649385.0,2885421,79.1
COUNTRIES,IDN,Indonesia,2013,DTP3,Diphtheria/Tetanus/Pertussis - 3rd dose,OFFICIAL,Official country-reported coverage estimate,,783732,78.6
COUNTRIES,IDN,Indonesia,2013,DTP3,Diphtheria/Tetanus/Pertussis - 3rd dose,WUENIC,WHO/UNICEF Estimates of National Immunization Coverage,3762114.0,2816117,74.9
COUNTRIES,IDN,Indonesia,2013,MCV1,Measles-containing vaccine - 1st dose,ADMIN,Administrative coverage (doses given / target population),,2697002,77.1
COUNTRIES,IDN,Indonesia,2013,MCV1,Measles-containing vaccine - 1st dose,OFFICIAL,Official country-reported coverage estimate,1378685.0,1123228,81.5
COUNTRIES,IDN,Indonesia,2013,MCV1,Measles-containing vaccine - 1st dose,WUENIC,WHO/UNICEF Estimates of National Immunization Coverage,4985479.0,4015104,80.5
COUNTRIES,IDN,Indonesia,2013,MCV2,Measles-containing vaccine - 2nd dose (booster),ADMIN,Administrative coverage (doses given / target population),4201218.0,3192785,76.0
COUNTRIES,IDN,Indonesia,2013,MCV2,Measles-containing vaccine - 2nd dose (booster),OFFICIAL,Official country-reported coverage estimate,1093459.0,695571,63.6
COUNTRIES,IDN,Indonesia,2013,MCV2,Measles-containing vaccine - 2nd dose (booster),WUENIC,WHO/UNICEF Estimates of National Immunization Coverage,4844346.0,3647831,75.3
COUNTRIES,IDN,Indonesia,2013,POL3,Polio - 3rd dose,ADMIN,Administrative coverage (doses given / target population),2525064.0,2175790,86.2
COUNTRIES,IDN,Indonesia,2013,POL3,Polio - 3rd dose,OFFICIAL,Official country-reported coverage estimate,3612455.0,2826814,78.3
COUNTRIES,IDN,Indonesia,2013,POL3,Polio - 3rd dose,WUENIC,WHO/UNICEF Estimates of National Immunization Coverage,4743716.0,3598677,75.9
COUNTRIES,IDN,Indonesia,2013,HEPB3,Hepatitis B - 3rd dose,ADMIN,Administrative coverage (doses given / target population),4955597.0,4055633,81.8
COUNTRIES,IDN,Indonesia,2013,HEPB3,Hepatitis B - 3rd dose,OFFICIAL,Official country-reported coverage estimate,1614905.0,1179398,73.0
COUNTRIES,IDN,Indonesia,2013,HEPB3,Hepatitis B - 3rd dose,WUENIC,WHO/UNICEF Estimates of National Immunization Coverage,4032247.0,2905418,72.1
COUNTRIES,IDN,Indonesia,2013,PCV3,Pneumococcal conjugate vaccine - 3rd dose,ADMIN,Administrative coverage (doses given / target population),2200964.0,1845336,83.8
COUNTRIES,IDN,Indonesia,2013,PCV3,Pneumococcal conjugate vaccine - 3rd dose,OFFICIAL,Official country-reported coverage estimate,4827483.0,3488814,72.3
COUNTRIES,IDN,Indonesia,2013,PCV3,Pneumococcal conjugate vaccine - 3rd dose,WUENIC,WHO/UNICEF Estimates of National Immunization Coverage,1726388.0,1191894,69.0
COUNTRIES,IDN,Indonesia,2014,BCG,Bacille Calmette-Guerin (Tuberculosis),ADMIN,Administrative coverage (doses given / target population),3626517.0,2730530,75.3
COUNTRIES,IDN,Indonesia,2014,BCG,Bacille Calmette-Guerin (Tuberculosis),OFFICIAL,Official country-reported coverage estimate,2263121.0,2016040,89.1
COUNTRIES,IDN,Indonesia,2014,BCG,Bacille Calmette-Guerin (Tuberculosis),WUENIC,WHO/UNICEF Estimates of National Immunization Coverage,4250646.0,2828993,66.6
COUNTRIES,IDN,Indonesia,2014,DTP1,Diphtheria/Tetanus/Pertussis - 1st dose,ADMIN,Administrative coverage (doses given / target population),4296371.0,3020928,70.3
COUNTRIES,IDN,Indonesia,2014,DTP1,Diphtheria/Tetanus/Pertussis - 1st dose,OFFICIAL,Official country-reported coverage estimate,826031.0,681059,82.4
COUNTRIES,IDN,Indonesia,2014,DTP1,Diphtheria/Tetanus/Pertussis - 1st dose,WUENIC,WHO/UNICEF Estimates of National Immunization Coverage,4440599.0,3228325,72.7
COUNTRIES,IDN,Indonesia,2014,DTP3,Diphtheria/Tetanus/Pertussis - 3rd dose,ADMIN,Administrative coverage (doses given / target population),805833.0,620129,77.0
COUNTRIES,IDN,Indonesia,2014,DTP3,Diphtheria/Tetanus/Pertussis - 3rd dose,OFFICIAL,Official country-reported coverage estimate,376294.0,324384,86.2
COUNTRIES,IDN,Indonesia,2014,DTP3,Diphtheria/Tetanus/Pertussis - 3rd dose,WUENIC,WHO/UNICEF Estimates of National Immunization Coverage,2680921.0,2139412,79.8
COUNTRIES,IDN,Indonesia,2014,MCV1,Measles-containing vaccine - 1st dose,ADMIN,Administrative coverage (doses given / target population),,1952772,60.5
COUNTRIES,IDN,Indonesia,2014,MCV1,Measles-containing vaccine - 1st dose,OFFICIAL,Official country-reported coverage estimate,3021615.0,2300020,76.1
COUNTRIES,IDN,Indonesia,2014,MCV1,Measles-containing vaccine - 1st dose,WUENIC,WHO/UNICEF Estimates of National Immunization Coverage,3696628.0,3122778,84.5
COUNTRIES,IDN,Indonesia,2014,MCV2,Measles-containing vaccine - 2nd dose (booster),ADMIN,Administrative coverage (doses given / target population),4332939.0,2835349,65.4
COUNTRIES,IDN,Indonesia,2014,MCV2,Measles-containing vaccine - 2nd dose (booster),OFFICIAL,Official country-reported coverage estimate,1905113.0,1320443,69.3
COUNTRIES,IDN,Indonesia,2014,MCV2,Measles-containing vaccine - 2nd dose (booster),WUENIC,WHO/UNICEF Estimates of National Immunization Coverage,962220.0,835074,86.8
COUNTRIES,IDN,Indonesia,2014,POL3,Polio - 3rd dose,ADMIN,Administrative coverage (doses given / target population),1344060.0,966552,71.9
COUNTRIES,IDN,Indonesia,2014,POL3,Polio - 3rd dose,OFFICIAL,Official country-reported coverage estimate,2045091.0,1569087,76.7
COUNTRIES,IDN,Indonesia,2014,POL3,Polio - 3rd dose,WUENIC,WHO/UNICEF Estimates of National Immunization Coverage,2353013.0,1647341,70.0
COUNTRIES,IDN,Indonesia,2014,HEPB3,Hepatitis B - 3rd dose,ADMIN,Administrative coverage (doses given / target population),2373973.0,1821746,76.7
COUNTRIES,IDN,Indonesia,2014,HEPB3,Hepatitis B - 3rd dose,OFFICIAL,Official country-reported coverage estimate,1362511.0,883884,64.9
COUNTRIES,IDN,Indonesia,2014,HEPB3,Hepatitis B - 3rd dose,WUENIC,WHO/UNICEF Estimates of National Immunization Coverage,2165748.0,1607693,74.2
COUNTRIES,IDN,Indonesia,2014,PCV3,Pneumococcal conjugate vaccine - 3rd dose,ADMIN,Administrative coverage (doses given / target population),2940025.0,1993657,67.8
COUNTRIES,IDN,Indonesia,2014,PCV3,Pneumococcal conjugate vaccine - 3rd dose,OFFICIAL,Official country-reported coverage estimate,3583355.0,2791244,77.9
COUNTRIES,IDN,Indonesia,2014,PCV3,Pneumococcal conjugate vaccine - 3rd dose,WUENIC,WHO/UNICEF Estimates of National Immunization Coverage,510241.0,442919,86.8
COUNTRIES,IDN,Indonesia,2015,BCG,Bacille Calmette-Guerin (Tuberculosis),ADMIN,Administrative coverage (doses given / target population),4409974.0,3331242,75.5
COUNTRIES,IDN,Indonesia,2015,BCG,Bacille Calmette-Guerin (Tuberculosis),OFFICIAL,Official country-reported coverage estimate,4392287.0,3603844,82.0
COUNTRIES,IDN,Indonesia,2015,BCG,Bacille Calmette-Guerin (Tuberculosis),WUENIC,WHO/UNICEF Estimates of National Immunization Coverage,3207722.0,2212094,69.0
COUNTRIES,IDN,Indonesia,2015,DTP1,Diphtheria/Tetanus/Pertussis - 1st dose,ADMIN,Administrative coverage (doses given / target population),2536703.0,2032245,80.1
COUNTRIES,IDN,Indonesia,2015,DTP1,Diphtheria/Tetanus/Pertussis - 1st dose,OFFICIAL,Official country-reported coverage estimate,2499500.0,1889480,75.6
COUNTRIES,IDN,Indonesia,2015,DTP1,Diphtheria/Tetanus/Pertussis - 1st dose,WUENIC,WHO/UNICEF Estimates of National Immunization Coverage,3129600.0,2381192,76.1
COUNTRIES,IDN,Indonesia,2015,DTP3,Diphtheria/Tetanus/Pertussis - 3rd dose,ADMIN,Administrative coverage (doses given / target population),4600382.0,3772776,82.0
COUNTRIES,IDN,Indonesia,2015,DTP3,Diphtheria/Tetanus/Pertussis - 3rd dose,OFFICIAL,Official country-reported coverage estimate,3919290.0,2838645,72.4
COUNTRIES,IDN,Indonesia,2015,DTP3,Diphtheria/Tetanus/Pertussis - 3rd dose,WUENIC,WHO/UNICEF Estimates of National Immunization Coverage,1404352.0,1091740,77.7
COUNTRIES,IDN,Indonesia,2015,MCV1,Measles-containing vaccine - 1st dose,ADMIN,Administrative coverage (doses given / target population),4183272.0,3009087,71.9
COUNTRIES,IDN,Indonesia,2015,MCV1,Measles-containing vaccine - 1st dose,OFFICIAL,Official country-reported coverage estimate,2386678.0,1856612,77.8
COUNTRIES,IDN,Indonesia,2015,MCV1,Measles-containing vaccine - 1st dose,WUENIC,WHO/UNICEF Estimates of National Immunization Coverage,4603777.0,3523804,76.5
COUNTRIES,IDN,Indonesia,2015,MCV2,Measles-containing vaccine - 2nd dose (booster),ADMIN,Administrative coverage (doses given / target population),2624253.0,1761810,67.1
COUNTRIES,IDN,Indonesia,2015,MCV2,Measles-containing vaccine - 2nd dose (booster),OFFICIAL,Official country-reported coverage estimate,4514662.0,3262905,72.3
COUNTRIES,IDN,Indonesia,2015,MCV2,Measles-containing vaccine - 2nd dose (booster),WUENIC,WHO/UNICEF Estimates of National Immunization Coverage,1827113.0,1517893,83.1
COUNTRIES,IDN,Indonesia,2015,POL3,Polio - 3rd dose,ADMIN,Administrative coverage (doses given / target population),1950069.0,1426799,73.2
COUNTRIES,IDN,Indonesia,2015,POL3,Polio - 3rd dose,OFFICIAL,Official country-reported coverage estimate,2789321.0,2348563,84.2
COUNTRIES,IDN,Indonesia,2015,POL3,Polio - 3rd dose,WUENIC,WHO/UNICEF Estimates of National Immunization Coverage,1643887.0,1285053,78.2
COUNTRIES,IDN,Indonesia,2015,HEPB3,Hepatitis B - 3rd dose,ADMIN,Administrative coverage (doses given / target population),3533897.0,2879650,81.5
COUNTRIES,IDN,Indonesia,2015,HEPB3,Hepatitis B - 3rd dose,OFFICIAL,Official country-reported coverage estimate,1842922.0,1416643,76.9
COUNTRIES,IDN,Indonesia,2015,HEPB3,Hepatitis B - 3rd dose,WUENIC,WHO/UNICEF Estimates of National Immunization Coverage,1515635.0,1105654,72.9
COUNTRIES,IDN,Indonesia,2015,PCV3,Pneumococcal conjugate vaccine - 3rd dose,ADMIN,Administrative coverage (doses given / target population),4113669.0,2993070,72.8
COUNTRIES,IDN,Indonesia,2015,PCV3,Pneumococcal conjugate vaccine - 3rd dose,OFFICIAL,Official country-reported coverage estimate,2340964.0,2009262,85.8
COUNTRIES,IDN,Indonesia,2015,PCV3,Pneumococcal conjugate vaccine - 3rd dose,WUENIC,WHO/UNICEF Estimates of National Immunization Coverage,1857858.0,1431343,77.0
COUNTRIES,IDN,Indonesia,2016,BCG,Bacille Calmette-Guerin (Tuberculosis),ADMIN,Administrative coverage (doses given / target population),3309927.0,2709903,81.9
COUNTRIES,IDN,Indonesia,2016,BCG,Bacille Calmette-Guerin (Tuberculosis),OFFICIAL,Official country-reported coverage estimate,979829.0,740086,75.5
COUNTRIES,IDN,Indonesia,2016,BCG,Bacille Calmette-Guerin (Tuberculosis),WUENIC,WHO/UNICEF Estimates of National Immunization Coverage,4393168.0,3388867,77.1
COUNTRIES,IDN,Indonesia,2016,DTP1,Diphtheria/Tetanus/Pertussis - 1st dose,ADMIN,Administrative coverage (doses given / target population),4603521.0,3376338,73.3
COUNTRIES,IDN,Indonesia,2016,DTP1,Diphtheria/Tetanus/Pertussis - 1st dose,OFFICIAL,Official country-reported coverage estimate,4882409.0,3738080,76.6
COUNTRIES,IDN,Indonesia,2016,DTP1,Diphtheria/Tetanus/Pertussis - 1st dose,WUENIC,WHO/UNICEF Estimates of National Immunization Coverage,2770800.0,2286108,82.5
COUNTRIES,IDN,Indonesia,2016,DTP3,Diphtheria/Tetanus/Pertussis - 3rd dose,ADMIN,Administrative coverage (doses given / target population),3148803.0,2415779,76.7
COUNTRIES,IDN,Indonesia,2016,DTP3,Diphtheria/Tetanus/Pertussis - 3rd dose,OFFICIAL,Official country-reported coverage estimate,1916993.0,1464207,76.4
COUNTRIES,IDN,Indonesia,2016,DTP3,Diphtheria/Tetanus/Pertussis - 3rd dose,WUENIC,WHO/UNICEF Estimates of National Immunization Coverage,3025549.0,2296196,75.9
COUNTRIES,IDN,Indonesia,2016,MCV1,Measles-containing vaccine - 1st dose,ADMIN,Administrative coverage (doses given / target population),2344853.0,1627792,69.4
COUNTRIES,IDN,Indonesia,2016,MCV1,Measles-containing vaccine - 1st dose,OFFICIAL,Official country-reported coverage estimate,819787.0,582862,71.1
COUNTRIES,IDN,Indonesia,2016,MCV1,Measles-containing vaccine - 1st dose,WUENIC,WHO/UNICEF Estimates of National Immunization Coverage,4392409.0,3695536,84.1
COUNTRIES,IDN,Indonesia,2016,MCV2,Measles-containing vaccine - 2nd dose (booster),ADMIN,Administrative coverage (doses given / target population),847380.0,653506,77.1
COUNTRIES,IDN,Indonesia,2016,MCV2,Measles-containing vaccine - 2nd dose (booster),OFFICIAL,Official country-reported coverage estimate,457443.0,387357,84.7
COUNTRIES,IDN,Indonesia,2016,MCV2,Measles-containing vaccine - 2nd dose (booster),WUENIC,WHO/UNICEF Estimates of National Immunization Coverage,2646939.0,2292955,86.6
COUNTRIES,IDN,Indonesia,2016,POL3,Polio - 3rd dose,ADMIN,Administrative coverage (doses given / target population),,2308001,72.2
COUNTRIES,IDN,Indonesia,2016,POL3,Polio - 3rd dose,OFFICIAL,Official country-reported coverage estimate,4812958.0,3578345,74.3
COUNTRIES,IDN,Indonesia,2016,POL3,Polio - 3rd dose,WUENIC,WHO/UNICEF Estimates of National Immunization Coverage,693892.0,546554,78.8
COUNTRIES,IDN,Indonesia,2016,HEPB3,Hepatitis B - 3rd dose,ADMIN,Administrative coverage (doses given / target population),1098580.0,831777,75.7
COUNTRIES,IDN,Indonesia,2016,HEPB3,Hepatitis B - 3rd dose,OFFICIAL,Official country-reported coverage estimate,2656866.0,2214854,83.4
COUNTRIES,IDN,Indonesia,2016,HEPB3,Hepatitis B - 3rd dose,WUENIC,WHO/UNICEF Estimates of National Immunization Coverage,2198323.0,1624361,73.9
COUNTRIES,IDN,Indonesia,2016,PCV3,Pneumococcal conjugate vaccine - 3rd dose,ADMIN,Administrative coverage (doses given / target population),4657538.0,3860120,82.9
COUNTRIES,IDN,Indonesia,2016,PCV3,Pneumococcal conjugate vaccine - 3rd dose,OFFICIAL,Official country-reported coverage estimate,829540.0,583647,70.4
COUNTRIES,IDN,Indonesia,2016,PCV3,Pneumococcal conjugate vaccine - 3rd dose,WUENIC,WHO/UNICEF Estimates of National Immunization Coverage,641543.0,453142,70.6
COUNTRIES,IDN,Indonesia,2017,BCG,Bacille Calmette-Guerin (Tuberculosis),ADMIN,Administrative coverage (doses given / target population),4396244.0,3157301,71.8
COUNTRIES,IDN,Indonesia,2017,BCG,Bacille Calmette-Guerin (Tuberculosis),OFFICIAL,Official country-reported coverage estimate,3123115.0,2516679,80.6
COUNTRIES,IDN,Indonesia,2017,BCG,Bacille Calmette-Guerin (Tuberculosis),WUENIC,WHO/UNICEF Estimates of National Immunization Coverage,2662710.0,2018001,75.8
COUNTRIES,IDN,Indonesia,2017,DTP1,Diphtheria/Tetanus/Pertussis - 1st dose,ADMIN,Administrative coverage (doses given / target population),1335144.0,1041799,78.0
COUNTRIES,IDN,Indonesia,2017,DTP1,Diphtheria/Tetanus/Pertussis - 1st dose,OFFICIAL,Official country-reported coverage estimate,446728.0,316452,70.8
COUNTRIES,IDN,Indonesia,2017,DTP1,Diphtheria/Tetanus/Pertussis - 1st dose,WUENIC,WHO/UNICEF Estimates of National Immunization Coverage,1197559.0,1012032,84.5
COUNTRIES,IDN,Indonesia,2017,DTP3,Diphtheria/Tetanus/Pertussis - 3rd dose,ADMIN,Administrative coverage (doses given / target population),2005231.0,1548928,77.2
COUNTRIES,IDN,Indonesia,2017,DTP3,Diphtheria/Tetanus/Pertussis - 3rd dose,OFFICIAL,Official country-reported coverage estimate,4636587.0,3707427,80.0
COUNTRIES,IDN,Indonesia,2017,DTP3,Diphtheria/Tetanus/Pertussis - 3rd dose,WUENIC,WHO/UNICEF Estimates of National Immunization Coverage,2085208.0,1366829,
COUNTRIES,IDN,Indonesia,2017,MCV1,Measles-containing vaccine - 1st dose,ADMIN,Administrative coverage (doses given / target population),2987032.0,2877436,
COUNTRIES,IDN,Indonesia,2017,MCV1,Measles-containing vaccine - 1st dose,OFFICIAL,Official country-reported coverage estimate,4587466.0,3531595,77.0
COUNTRIES,IDN,Indonesia,2017,MCV1,Measles-containing vaccine - 1st dose,WUENIC,WHO/UNICEF Estimates of National Immunization Coverage,646968.0,531686,82.2
COUNTRIES,IDN,Indonesia,2017,MCV2,Measles-containing vaccine - 2nd dose (booster),ADMIN,Administrative coverage (doses given / target population),2559190.0,2241636,87.6
COUNTRIES,IDN,Indonesia,2017,MCV2,Measles-containing vaccine - 2nd dose (booster),OFFICIAL,Official country-reported coverage estimate,1261781.0,817457,64.8
COUNTRIES,IDN,Indonesia,2017,MCV2,Measles-containing vaccine - 2nd dose (booster),WUENIC,WHO/UNICEF Estimates of National Immunization Coverage,2896324.0,2348919,81.1
COUNTRIES,IDN,Indonesia,2017,POL3,Polio - 3rd dose,ADMIN,Administrative coverage (doses given / target population),3154985.0,2569870,81.5
COUNTRIES,IDN,Indonesia,2017,POL3,Polio - 3rd dose,OFFICIAL,Official country-reported coverage estimate,4197999.0,2971848,70.8
COUNTRIES,IDN,Indonesia,2017,POL3,Polio - 3rd dose,WUENIC,WHO/UNICEF Estimates of National Immunization Coverage,140857.0,98649,70.0
COUNTRIES,IDN,Indonesia,2017,HEPB3,Hepatitis B - 3rd dose,ADMIN,Administrative coverage (doses given / target population),807959.0,687706,85.1
COUNTRIES,IDN,Indonesia,2017,HEPB3,Hepatitis B - 3rd dose,OFFICIAL,Official country-reported coverage estimate,94940.0,74209,78.2
COUNTRIES,IDN,Indonesia,2017,HEPB3,Hepatitis B - 3rd dose,WUENIC,WHO/UNICEF Estimates of National Immunization Coverage,3434377.0,2492428,72.6
COUNTRIES,IDN,Indonesia,2017,PCV3,Pneumococcal conjugate vaccine - 3rd dose,ADMIN,Administrative coverage (doses given / target population),320757.0,277892,86.6
COUNTRIES,IDN,Indonesia,2017,PCV3,Pneumococcal conjugate vaccine - 3rd dose,OFFICIAL,Official country-reported coverage estimate,,1143001,78.3
COUNTRIES,IDN,Indonesia,2017,PCV3,Pneumococcal conjugate vaccine - 3rd dose,WUENIC,WHO/UNICEF Estimates of National Immunization Coverage,1361108.0,964321,70.8
COUNTRIES,IDN,Indonesia,2018,BCG,Bacille Calmette-Guerin (Tuberculosis),ADMIN,Administrative coverage (doses given / target population),3353111.0,2242876,66.9
COUNTRIES,IDN,Indonesia,2018,BCG,Bacille Calmette-Guerin (Tuberculosis),OFFICIAL,Official country-reported coverage estimate,538261.0,424103,78.8
COUNTRIES,IDN,Indonesia,2018,BCG,Bacille Calmette-Guerin (Tuberculosis),WUENIC,WHO/UNICEF Estimates of National Immunization Coverage,3632808.0,3051596,84.0
COUNTRIES,IDN,Indonesia,2018,DTP1,Diphtheria/Tetanus/Pertussis - 1st dose,ADMIN,Administrative coverage (doses given / target population),4609268.0,4035086,87.5
COUNTRIES,IDN,Indonesia,2018,DTP1,Diphtheria/Tetanus/Pertussis - 1st dose,OFFICIAL,Official country-reported coverage estimate,1163592.0,858901,
COUNTRIES,IDN,Indonesia,2018,DTP1,Diphtheria/Tetanus/Pertussis - 1st dose,WUENIC,WHO/UNICEF Estimates of National Immunization Coverage,3530715.0,2529481,71.6
COUNTRIES,IDN,Indonesia,2018,DTP3,Diphtheria/Tetanus/Pertussis - 3rd dose,ADMIN,Administrative coverage (doses given / target population),1369698.0,1151425,84.1
COUNTRIES,IDN,Indonesia,2018,DTP3,Diphtheria/Tetanus/Pertussis - 3rd dose,OFFICIAL,Official country-reported coverage estimate,1821996.0,1246450,68.4
COUNTRIES,IDN,Indonesia,2018,DTP3,Diphtheria/Tetanus/Pertussis - 3rd dose,WUENIC,WHO/UNICEF Estimates of National Immunization Coverage,1285137.0,1165679,90.7
COUNTRIES,IDN,Indonesia,2018,MCV1,Measles-containing vaccine - 1st dose,ADMIN,Administrative coverage (doses given / target population),3925839.0,2985312,76.0
COUNTRIES,IDN,Indonesia,2018,MCV1,Measles-containing vaccine - 1st dose,OFFICIAL,Official country-reported coverage estimate,4337897.0,3717938,85.7
COUNTRIES,IDN,Indonesia,2018,MCV1,Measles-containing vaccine - 1st dose,WUENIC,WHO/UNICEF Estimates of National Immunization Coverage,3836220.0,3127276,
COUNTRIES,IDN,Indonesia,2018,MCV2,Measles-containing vaccine - 2nd dose (booster),ADMIN,Administrative coverage (doses given / target population),4959262.0,4237613,85.4
COUNTRIES,IDN,Indonesia,2018,MCV2,Measles-containing vaccine - 2nd dose (booster),OFFICIAL,Official country-reported coverage estimate,86500.0,69111,79.9
COUNTRIES,IDN,Indonesia,2018,MCV2,Measles-containing vaccine - 2nd dose (booster),WUENIC,WHO/UNICEF Estimates of National Immunization Coverage,274882.0,223812,81.4
COUNTRIES,IDN,Indonesia,2018,POL3,Polio - 3rd dose,ADMIN,Administrative coverage (doses given / target population),2443895.0,2194866,89.8
COUNTRIES,IDN,Indonesia,2018,POL3,Polio - 3rd dose,OFFICIAL,Official country-reported coverage estimate,,988737,77.7
COUNTRIES,IDN,Indonesia,2018,POL3,Polio - 3rd dose,WUENIC,WHO/UNICEF Estimates of National Immunization Coverage,537236.0,390032,72.6
COUNTRIES,IDN,Indonesia,2018,HEPB3,Hepatitis B - 3rd dose,ADMIN,Administrative coverage (doses given / target population),2352974.0,1976061,84.0
COUNTRIES,IDN,Indonesia,2018,HEPB3,Hepatitis B - 3rd dose,OFFICIAL,Official country-reported coverage estimate,71408.0,54701,76.6
COUNTRIES,IDN,Indonesia,2018,HEPB3,Hepatitis B - 3rd dose,WUENIC,WHO/UNICEF Estimates of National Immunization Coverage,4871370.0,3835510,78.7
COUNTRIES,IDN,Indonesia,2018,PCV3,Pneumococcal conjugate vaccine - 3rd dose,ADMIN,Administrative coverage (doses given / target population),118394.0,94476,
COUNTRIES,IDN,Indonesia,2018,PCV3,Pneumococcal conjugate vaccine - 3rd dose,OFFICIAL,Official country-reported coverage estimate,3312343.0,3097263,93.5
COUNTRIES,IDN,Indonesia,2018,PCV3,Pneumococcal conjugate vaccine - 3rd dose,WUENIC,WHO/UNICEF Estimates of National Immunization Coverage,1848682.0,1395888,75.5
COUNTRIES,IDN,Indonesia,2019,BCG,Bacille Calmette-Guerin (Tuberculosis),ADMIN,Administrative coverage (doses given / target population),1341980.0,1135471,84.6
COUNTRIES,IDN,Indonesia,2019,BCG,Bacille Calmette-Guerin (Tuberculosis),OFFICIAL,Official country-reported coverage estimate,2922523.0,2547143,87.2
COUNTRIES,IDN,Indonesia,2019,BCG,Bacille Calmette-Guerin (Tuberculosis),WUENIC,WHO/UNICEF Estimates of National Immunization Coverage,844300.0,671284,79.5
COUNTRIES,IDN,Indonesia,2019,DTP1,Diphtheria/Tetanus/Pertussis - 1st dose,ADMIN,Administrative coverage (doses given / target population),3299679.0,2237752,67.8
COUNTRIES,IDN,Indonesia,2019,DTP1,Diphtheria/Tetanus/Pertussis - 1st dose,OFFICIAL,Official country-reported coverage estimate,2237786.0,1539624,68.8
COUNTRIES,IDN,Indonesia,2019,DTP1,Diphtheria/Tetanus/Pertussis - 1st dose,WUENIC,WHO/UNICEF Estimates of National Immunization Coverage,1207823.0,975868,80.8
COUNTRIES,IDN,Indonesia,2019,DTP3,Diphtheria/Tetanus/Pertussis - 3rd dose,ADMIN,Administrative coverage (doses given / target population),2952604.0,2077042,70.3
COUNTRIES,IDN,Indonesia,2019,DTP3,Diphtheria/Tetanus/Pertussis - 3rd dose,OFFICIAL,Official country-reported coverage estimate,1358989.0,1069539,78.7
COUNTRIES,IDN,Indonesia,2019,DTP3,Diphtheria/Tetanus/Pertussis - 3rd dose,WUENIC,WHO/UNICEF Estimates of National Immunization Coverage,2917336.0,2247939,77.1
COUNTRIES,IDN,Indonesia,2019,MCV1,Measles-containing vaccine - 1st dose,ADMIN,Administrative coverage (doses given / target population),1034620.0,851007,82.3
COUNTRIES,IDN,Indonesia,2019,MCV1,Measles-containing vaccine - 1st dose,OFFICIAL,Official country-reported coverage estimate,251629.0,185432,73.7
COUNTRIES,IDN,Indonesia,2019,MCV1,Measles-containing vaccine - 1st dose,WUENIC,WHO/UNICEF Estimates of National Immunization Coverage,3418968.0,2928337,85.6
COUNTRIES,IDN,Indonesia,2019,MCV2,Measles-containing vaccine - 2nd dose (booster),ADMIN,Administrative coverage (doses given / target population),,2390673,80.6
COUNTRIES,IDN,Indonesia,2019,MCV2,Measles-containing vaccine - 2nd dose (booster),OFFICIAL,Official country-reported coverage estimate,98469.0,81107,82.4
COUNTRIES,IDN,Indonesia,2019,MCV2,Measles-containing vaccine - 2nd dose (booster),WUENIC,WHO/UNICEF Estimates of National Immunization Coverage,,616637,78.6
COUNTRIES,IDN,Indonesia,2019,POL3,Polio - 3rd dose,ADMIN,Administrative coverage (doses given / target population),1062311.0,782057,
COUNTRIES,IDN,Indonesia,2019,POL3,Polio - 3rd dose,OFFICIAL,Official country-reported coverage estimate,790048.0,718485,90.9
COUNTRIES,IDN,Indonesia,2019,POL3,Polio - 3rd dose,WUENIC,WHO/UNICEF Estimates of National Immunization Coverage,4532607.0,3982155,87.9
COUNTRIES,IDN,Indonesia,2019,HEPB3,Hepatitis B - 3rd dose,ADMIN,Administrative coverage (doses given / target population),3273647.0,2533358,77.4
COUNTRIES,IDN,Indonesia,2019,HEPB3,Hepatitis B - 3rd dose,OFFICIAL,Official country-reported coverage estimate,371925.0,308418,82.9
COUNTRIES,IDN,Indonesia,2019,HEPB3,Hepatitis B - 3rd dose,WUENIC,WHO/UNICEF Estimates of National Immunization Coverage,4846425.0,4138883,85.4
COUNTRIES,IDN,Indonesia,2019,PCV3,Pneumococcal conjugate vaccine - 3rd dose,ADMIN,Administrative coverage (doses given / target population),4521567.0,3842131,85.0
COUNTRIES,IDN,Indonesia,2019,PCV3,Pneumococcal conjugate vaccine - 3rd dose,OFFICIAL,Official country-reported coverage estimate,1136945.0,1018683,89.6
COUNTRIES,IDN,Indonesia,2019,PCV3,Pneumococcal conjugate vaccine - 3rd dose,WUENIC,WHO/UNICEF Estimates of National Immunization Coverage,1392401.0,1096207,78.7
COUNTRIES,IDN,Indonesia,2020,BCG,Bacille Calmette-Guerin (Tuberculosis),ADMIN,Administrative coverage (doses given / target population),180659.0,136901,75.8
COUNTRIES,IDN,Indonesia,2020,BCG,Bacille Calmette-Guerin (Tuberculosis),OFFICIAL,Official country-reported coverage estimate,1492321.0,1330973,89.2
COUNTRIES,IDN,Indonesia,2020,BCG,Bacille Calmette-Guerin (Tuberculosis),WUENIC,WHO/UNICEF Estimates of National Immunization Coverage,1406634.0,1025355,72.9
COUNTRIES,IDN,Indonesia,2020,DTP1,Diphtheria/Tetanus/Pertussis - 1st dose,ADMIN,Administrative coverage (doses given / target population),3853996.0,3414064,88.6
COUNTRIES,IDN,Indonesia,2020,DTP1,Diphtheria/Tetanus/Pertussis - 1st dose,OFFICIAL,Official country-reported coverage estimate,300799.0,248661,82.7
COUNTRIES,IDN,Indonesia,2020,DTP1,Diphtheria/Tetanus/Pertussis - 1st dose,WUENIC,WHO/UNICEF Estimates of National Immunization Coverage,2352086.0,1792689,76.2
COUNTRIES,IDN,Indonesia,2020,DTP3,Diphtheria/Tetanus/Pertussis - 3rd dose,ADMIN,Administrative coverage (doses given / target population),658576.0,524735,79.7
COUNTRIES,IDN,Indonesia,2020,DTP3,Diphtheria/Tetanus/Pertussis - 3rd dose,OFFICIAL,Official country-reported coverage estimate,4635355.0,3698060,79.8
COUNTRIES,IDN,Indonesia,2020,DTP3,Diphtheria/Tetanus/Pertussis - 3rd dose,WUENIC,WHO/UNICEF Estimates of National Immunization Coverage,3727189.0,2544740,
COUNTRIES,IDN,Indonesia,2020,MCV1,Measles-containing vaccine - 1st dose,ADMIN,Administrative coverage (doses given / target population),817244.0,660827,80.9
COUNTRIES,IDN,Indonesia,2020,MCV1,Measles-containing vaccine - 1st dose,OFFICIAL,Official country-reported coverage estimate,4618810.0,3629198,
COUNTRIES,IDN,Indonesia,2020,MCV1,Measles-containing vaccine - 1st dose,WUENIC,WHO/UNICEF Estimates of National Immunization Coverage,399756.0,294024,73.6
COUNTRIES,IDN,Indonesia,2020,MCV2,Measles-containing vaccine - 2nd dose (booster),ADMIN,Administrative coverage (doses given / target population),4236639.0,3528523,83.3
COUNTRIES,IDN,Indonesia,2020,MCV2,Measles-containing vaccine - 2nd dose (booster),OFFICIAL,Official country-reported coverage estimate,262976.0,215616,82.0
COUNTRIES,IDN,Indonesia,2020,MCV2,Measles-containing vaccine - 2nd dose (booster),WUENIC,WHO/UNICEF Estimates of National Immunization Coverage,3622026.0,3309312,91.4
COUNTRIES,IDN,Indonesia,2020,POL3,Polio - 3rd dose,ADMIN,Administrative coverage (doses given / target population),1813116.0,1267166,69.9
COUNTRIES,IDN,Indonesia,2020,POL3,Polio - 3rd dose,OFFICIAL,Official country-reported coverage estimate,1239408.0,938222,75.7
COUNTRIES,IDN,Indonesia,2020,POL3,Polio - 3rd dose,WUENIC,WHO/UNICEF Estimates of National Immunization Coverage,4024594.0,3159223,78.5
COUNTRIES,IDN,Indonesia,2020,HEPB3,Hepatitis B - 3rd dose,ADMIN,Administrative coverage (doses given / target population),841641.0,593552,70.5
COUNTRIES,IDN,Indonesia,2020,HEPB3,Hepatitis B - 3rd dose,OFFICIAL,Official country-reported coverage estimate,3513761.0,2770935,78.9
COUNTRIES,IDN,Indonesia,2020,HEPB3,Hepatitis B - 3rd dose,WUENIC,WHO/UNICEF Estimates of National Immunization Coverage,765697.0,692232,90.4
COUNTRIES,IDN,Indonesia,2020,PCV3,Pneumococcal conjugate vaccine - 3rd dose,ADMIN,Administrative coverage (doses given / target population),687726.0,590946,85.9
COUNTRIES,IDN,Indonesia,2020,PCV3,Pneumococcal conjugate vaccine - 3rd dose,OFFICIAL,Official country-reported coverage estimate,2289916.0,1633101,71.3
COUNTRIES,IDN,Indonesia,2020,PCV3,Pneumococcal conjugate vaccine - 3rd dose,WUENIC,WHO/UNICEF Estimates of National Immunization Coverage,2668478.0,2221497,83.2
COUNTRIES,IDN,Indonesia,2021,BCG,Bacille Calmette-Guerin (Tuberculosis),ADMIN,Administrative coverage (doses given / target population),4724333.0,4054518,85.8
COUNTRIES,IDN,Indonesia,2021,BCG,Bacille Calmette-Guerin (Tuberculosis),OFFICIAL,Official country-reported coverage estimate,3603685.0,2863635,79.5
COUNTRIES,IDN,Indonesia,2021,BCG,Bacille Calmette-Guerin (Tuberculosis),WUENIC,WHO/UNICEF Estimates of National Immunization Coverage,2897574.0,2058151,71.0
COUNTRIES,IDN,Indonesia,2021,DTP1,Diphtheria/Tetanus/Pertussis - 1st dose,ADMIN,Administrative coverage (doses given / target population),3775619.0,3184401,84.3
COUNTRIES,IDN,Indonesia,2021,DTP1,Diphtheria/Tetanus/Pertussis - 1st dose,OFFICIAL,Official country-reported coverage estimate,4496794.0,3449485,76.7
COUNTRIES,IDN,Indonesia,2021,DTP1,Diphtheria/Tetanus/Pertussis - 1st dose,WUENIC,WHO/UNICEF Estimates of National Immunization Coverage,4498618.0,3263336,72.5
COUNTRIES,IDN,Indonesia,2021,DTP3,Diphtheria/Tetanus/Pertussis - 3rd dose,ADMIN,Administrative coverage (doses given / target population),3243670.0,2446683,75.4
COUNTRIES,IDN,Indonesia,2021,DTP3,Diphtheria/Tetanus/Pertussis - 3rd dose,OFFICIAL,Official country-reported coverage estimate,1179081.0,999105,84.7
COUNTRIES,IDN,Indonesia,2021,DTP3,Diphtheria/Tetanus/Pertussis - 3rd dose,WUENIC,WHO/UNICEF Estimates of National Immunization Coverage,3142581.0,2506434,79.8
COUNTRIES,IDN,Indonesia,2021,MCV1,Measles-containing vaccine - 1st dose,ADMIN,Administrative coverage (doses given / target population),2101060.0,1626871,77.4
COUNTRIES,IDN,Indonesia,2021,MCV1,Measles-containing vaccine - 1st dose,OFFICIAL,Official country-reported coverage estimate,4846116.0,3379442,69.7
COUNTRIES,IDN,Indonesia,2021,MCV1,Measles-containing vaccine - 1st dose,WUENIC,WHO/UNICEF Estimates of National Immunization Coverage,4740220.0,4146823,87.5
COUNTRIES,IDN,Indonesia,2021,MCV2,Measles-containing vaccine - 2nd dose (booster),ADMIN,Administrative coverage (doses given / target population),3028706.0,2376466,78.5
COUNTRIES,IDN,Indonesia,2021,MCV2,Measles-containing vaccine - 2nd dose (booster),OFFICIAL,Official country-reported coverage estimate,1751165.0,1378999,78.7
COUNTRIES,IDN,Indonesia,2021,MCV2,Measles-containing vaccine - 2nd dose (booster),WUENIC,WHO/UNICEF Estimates of National Immunization Coverage,2421141.0,1915213,79.1
COUNTRIES,IDN,Indonesia,2021,POL3,Polio - 3rd dose,ADMIN,Administrative coverage (doses given / target population),203077.0,128515,63.3
COUNTRIES,IDN,Indonesia,2021,POL3,Polio - 3rd dose,OFFICIAL,Official country-reported coverage estimate,4835350.0,3894839,80.5
COUNTRIES,IDN,Indonesia,2021,POL3,Polio - 3rd dose,WUENIC,WHO/UNICEF Estimates of National Immunization Coverage,3389783.0,2991004,88.2
COUNTRIES,IDN,Indonesia,2021,HEPB3,Hepatitis B - 3rd dose,ADMIN,Administrative coverage (doses given / target population),1308053.0,1113254,85.1
COUNTRIES,IDN,Indonesia,2021,HEPB3,Hepatitis B - 3rd dose,OFFICIAL,Official country-reported coverage estimate,1571398.0,1363540,86.8
COUNTRIES,IDN,Indonesia,2021,HEPB3,Hepatitis B - 3rd dose,WUENIC,WHO/UNICEF Estimates of National Immunization Coverage,4026580.0,3130494,77.7
COUNTRIES,IDN,Indonesia,2021,PCV3,Pneumococcal conjugate vaccine - 3rd dose,ADMIN,Administrative coverage (doses given / target population),2044194.0,1645622,80.5
COUNTRIES,IDN,Indonesia,2021,PCV3,Pneumococcal conjugate vaccine - 3rd dose,OFFICIAL,Official country-reported coverage estimate,512063.0,399936,78.1
COUNTRIES,IDN,Indonesia,2021,PCV3,Pneumococcal conjugate vaccine - 3rd dose,WUENIC,WHO/UNICEF Estimates of National Immunization Coverage,4238539.0,3448618,81.4
COUNTRIES,IDN,Indonesia,2022,BCG,Bacille Calmette-Guerin (Tuberculosis),ADMIN,Administrative coverage (doses given / target population),616258.0,498882,81.0
COUNTRIES,IDN,Indonesia,2022,BCG,Bacille Calmette-Guerin (Tuberculosis),OFFICIAL,Official country-reported coverage estimate,4130903.0,3564013,86.3
COUNTRIES,IDN,Indonesia,2022,BCG,Bacille Calmette-Guerin (Tuberculosis),WUENIC,WHO/UNICEF Estimates of National Immunization Coverage,3674187.0,3101795,84.4
COUNTRIES,IDN,Indonesia,2022,DTP1,Diphtheria/Tetanus/Pertussis - 1st dose,ADMIN,Administrative coverage (doses given / target population),593576.0,494874,83.4
COUNTRIES,IDN,Indonesia,2022,DTP1,Diphtheria/Tetanus/Pertussis - 1st dose,OFFICIAL,Official country-reported coverage estimate,1144516.0,923916,80.7
COUNTRIES,IDN,Indonesia,2022,DTP1,Diphtheria/Tetanus/Pertussis - 1st dose,WUENIC,WHO/UNICEF Estimates of National Immunization Coverage,2520830.0,1995848,79.2
COUNTRIES,IDN,Indonesia,2022,DTP3,Diphtheria/Tetanus/Pertussis - 3rd dose,ADMIN,Administrative coverage (doses given / target population),3590264.0,2869307,79.9
COUNTRIES,IDN,Indonesia,2022,DTP3,Diphtheria/Tetanus/Pertussis - 3rd dose,OFFICIAL,Official country-reported coverage estimate,870307.0,778499,89.5
COUNTRIES,IDN,Indonesia,2022,DTP3,Diphtheria/Tetanus/Pertussis - 3rd dose,WUENIC,WHO/UNICEF Estimates of National Immunization Coverage,602499.0,480014,79.7
COUNTRIES,IDN,Indonesia,2022,MCV1,Measles-containing vaccine - 1st dose,ADMIN,Administrative coverage (doses given / target population),1541743.0,1364422,88.5
COUNTRIES,IDN,Indonesia,2022,MCV1,Measles-containing vaccine - 1st dose,OFFICIAL,Official country-reported coverage estimate,2089033.0,1765695,84.5
COUNTRIES,IDN,Indonesia,2022,MCV1,Measles-containing vaccine - 1st dose,WUENIC,WHO/UNICEF Estimates of National Immunization Coverage,131906.0,102607,77.8
COUNTRIES,IDN,Indonesia,2022,MCV2,Measles-containing vaccine - 2nd dose (booster),ADMIN,Administrative coverage (doses given / target population),1371510.0,1120658,81.7
COUNTRIES,IDN,Indonesia,2022,MCV2,Measles-containing vaccine - 2nd dose (booster),OFFICIAL,Official country-reported coverage estimate,1281876.0,970810,75.7
COUNTRIES,IDN,Indonesia,2022,MCV2,Measles-containing vaccine - 2nd dose (booster),WUENIC,WHO/UNICEF Estimates of National Immunization Coverage,64212.0,51686,80.5
COUNTRIES,IDN,Indonesia,2022,POL3,Polio - 3rd dose,ADMIN,Administrative coverage (doses given / target population),1041386.0,806733,77.5
COUNTRIES,IDN,Indonesia,2022,POL3,Polio - 3rd dose,OFFICIAL,Official country-reported coverage estimate,4553471.0,3876943,85.1
COUNTRIES,IDN,Indonesia,2022,POL3,Polio - 3rd dose,WUENIC,WHO/UNICEF Estimates of National Immunization Coverage,1883908.0,1611476,85.5
COUNTRIES,IDN,Indonesia,2022,HEPB3,Hepatitis B - 3rd dose,ADMIN,Administrative coverage (doses given / target population),1047868.0,817988,78.1
COUNTRIES,IDN,Indonesia,2022,HEPB3,Hepatitis B - 3rd dose,OFFICIAL,Official country-reported coverage estimate,3063168.0,2456274,80.2
COUNTRIES,IDN,Indonesia,2022,HEPB3,Hepatitis B - 3rd dose,WUENIC,WHO/UNICEF Estimates of National Immunization Coverage,349294.0,252557,72.3
COUNTRIES,IDN,Indonesia,2022,PCV3,Pneumococcal conjugate vaccine - 3rd dose,ADMIN,Administrative coverage (doses given / target population),1158569.0,933765,80.6
COUNTRIES,IDN,Indonesia,2022,PCV3,Pneumococcal conjugate vaccine - 3rd dose,OFFICIAL,Official country-reported coverage estimate,,3785235,95.3
COUNTRIES,IDN,Indonesia,2022,PCV3,Pneumococcal conjugate vaccine - 3rd dose,WUENIC,WHO/UNICEF Estimates of National Immunization Coverage,4635672.0,3893340,84.0
COUNTRIES,IDN,Indonesia,2023,BCG,Bacille Calmette-Guerin (Tuberculosis),ADMIN,Administrative coverage (doses given / target population),3527125.0,2878651,81.6
COUNTRIES,IDN,Indonesia,2023,BCG,Bacille Calmette-Guerin (Tuberculosis),OFFICIAL,Official country-reported coverage estimate,3274355.0,2426215,74.1
COUNTRIES,IDN,Indonesia,2023,BCG,Bacille Calmette-Guerin (Tuberculosis),WUENIC,WHO/UNICEF Estimates of National Immunization Coverage,167276.0,116567,69.7
COUNTRIES,IDN,Indonesia,2023,DTP1,Diphtheria/Tetanus/Pertussis - 1st dose,ADMIN,Administrative coverage (doses given / target population),3757967.0,3000110,79.8
COUNTRIES,IDN,Indonesia,2023,DTP1,Diphtheria/Tetanus/Pertussis - 1st dose,OFFICIAL,Official country-reported coverage estimate,1728208.0,1166305,67.5
COUNTRIES,IDN,Indonesia,2023,DTP1,Diphtheria/Tetanus/Pertussis - 1st dose,WUENIC,WHO/UNICEF Estimates of National Immunization Coverage,125059.0,98338,78.6
COUNTRIES,IDN,Indonesia,2023,DTP3,Diphtheria/Tetanus/Pertussis - 3rd dose,ADMIN,Administrative coverage (doses given / target population),406379.0,320336,78.8
COUNTRIES,IDN,Indonesia,2023,DTP3,Diphtheria/Tetanus/Pertussis - 3rd dose,OFFICIAL,Official country-reported coverage estimate,904407.0,706075,78.1
COUNTRIES,IDN,Indonesia,2023,DTP3,Diphtheria/Tetanus/Pertussis - 3rd dose,WUENIC,WHO/UNICEF Estimates of National Immunization Coverage,1591344.0,1439577,90.5
COUNTRIES,IDN,Indonesia,2023,MCV1,Measles-containing vaccine - 1st dose,ADMIN,Administrative coverage (doses given / target population),3167484.0,2431292,76.8
COUNTRIES,IDN,Indonesia,2023,MCV1,Measles-containing vaccine - 1st dose,OFFICIAL,Official country-reported coverage estimate,3363781.0,2681254,79.7
COUNTRIES,IDN,Indonesia,2023,MCV1,Measles-containing vaccine - 1st dose,WUENIC,WHO/UNICEF Estimates of National Immunization Coverage,4594949.0,3469733,75.5
COUNTRIES,IDN,Indonesia,2023,MCV2,Measles-containing vaccine - 2nd dose (booster),ADMIN,Administrative coverage (doses given / target population),1915739.0,1446475,75.5
COUNTRIES,IDN,Indonesia,2023,MCV2,Measles-containing vaccine - 2nd dose (booster),OFFICIAL,Official country-reported coverage estimate,2733711.0,2121385,77.6
COUNTRIES,IDN,Indonesia,2023,MCV2,Measles-containing vaccine - 2nd dose (booster),WUENIC,WHO/UNICEF Estimates of National Immunization Coverage,3950817.0,2905883,73.6
COUNTRIES,IDN,Indonesia,2023,POL3,Polio - 3rd dose,ADMIN,Administrative coverage (doses given / target population),3595002.0,2905757,80.8
COUNTRIES,IDN,Indonesia,2023,POL3,Polio - 3rd dose,OFFICIAL,Official country-reported coverage estimate,4423481.0,3020503,68.3
COUNTRIES,IDN,Indonesia,2023,POL3,Polio - 3rd dose,WUENIC,WHO/UNICEF Estimates of National Immunization Coverage,4677827.0,3991473,85.3
COUNTRIES,IDN,Indonesia,2023,HEPB3,Hepatitis B - 3rd dose,ADMIN,Administrative coverage (doses given / target population),1312629.0,1087211,82.8
COUNTRIES,IDN,Indonesia,2023,HEPB3,Hepatitis B - 3rd dose,OFFICIAL,Official country-reported coverage estimate,4764946.0,4175345,87.6
COUNTRIES,IDN,Indonesia,2023,HEPB3,Hepatitis B - 3rd dose,WUENIC,WHO/UNICEF Estimates of National Immunization Coverage,2411132.0,2141404,88.8
COUNTRIES,IDN,Indonesia,2023,PCV3,Pneumococcal conjugate vaccine - 3rd dose,ADMIN,Administrative coverage (doses given / target population),104798.0,88730,84.7
COUNTRIES,IDN,Indonesia,2023,PCV3,Pneumococcal conjugate vaccine - 3rd dose,OFFICIAL,Official country-reported coverage estimate,1869166.0,1515857,81.1
COUNTRIES,IDN,Indonesia,2023,PCV3,Pneumococcal conjugate vaccine - 3rd dose,WUENIC,WHO/UNICEF Estimates of National Immunization Coverage,2430442.0,1865709,76.8
COUNTRIES,EGY,Egypt,2010,BCG,Bacille Calmette-Guerin (Tuberculosis),ADMIN,Administrative coverage (doses given / target population),2203676.0,1909646,86.7
COUNTRIES,EGY,Egypt,2010,BCG,Bacille Calmette-Guerin (Tuberculosis),OFFICIAL,Official country-reported coverage estimate,,1537069,88.4
COUNTRIES,EGY,Egypt,2010,BCG,Bacille Calmette-Guerin (Tuberculosis),WUENIC,WHO/UNICEF Estimates of National Immunization Coverage,2206663.0,1811665,82.1
COUNTRIES,EGY,Egypt,2010,DTP1,Diphtheria/Tetanus/Pertussis - 1st dose,ADMIN,Administrative coverage (doses given / target population),548412.0,485301,88.5
COUNTRIES,EGY,Egypt,2010,DTP1,Diphtheria/Tetanus/Pertussis - 1st dose,OFFICIAL,Official country-reported coverage estimate,2313824.0,1971029,85.2
COUNTRIES,EGY,Egypt,2010,DTP1,Diphtheria/Tetanus/Pertussis - 1st dose,WUENIC,WHO/UNICEF Estimates of National Immunization Coverage,2491461.0,1925348,77.3
COUNTRIES,EGY,Egypt,2010,DTP3,Diphtheria/Tetanus/Pertussis - 3rd dose,ADMIN,Administrative coverage (doses given / target population),2989241.0,2365315,79.1
COUNTRIES,EGY,Egypt,2010,DTP3,Diphtheria/Tetanus/Pertussis - 3rd dose,OFFICIAL,Official country-reported coverage estimate,1628330.0,1441035,88.5
COUNTRIES,EGY,Egypt,2010,DTP3,Diphtheria/Tetanus/Pertussis - 3rd dose,WUENIC,WHO/UNICEF Estimates of National Immunization Coverage,1796406.0,1568708,87.3
COUNTRIES,EGY,Egypt,2010,MCV1,Measles-containing vaccine - 1st dose,ADMIN,Administrative coverage (doses given / target population),1800519.0,1629974,90.5
COUNTRIES,EGY,Egypt,2010,MCV1,Measles-containing vaccine - 1st dose,OFFICIAL,Official country-reported coverage estimate,2811867.0,2599364,92.4
COUNTRIES,EGY,Egypt,2010,MCV1,Measles-containing vaccine - 1st dose,WUENIC,WHO/UNICEF Estimates of National Immunization Coverage,3877547.0,3383907,87.3
COUNTRIES,EGY,Egypt,2010,MCV2,Measles-containing vaccine - 2nd dose (booster),ADMIN,Administrative coverage (doses given / target population),341008.0,315798,92.6
COUNTRIES,EGY,Egypt,2010,MCV2,Measles-containing vaccine - 2nd dose (booster),OFFICIAL,Official country-reported coverage estimate,1875324.0,1655307,88.3
COUNTRIES,EGY,Egypt,2010,MCV2,Measles-containing vaccine - 2nd dose (booster),WUENIC,WHO/UNICEF Estimates of National Immunization Coverage,2308443.0,2161571,93.6
COUNTRIES,EGY,Egypt,2010,POL3,Polio - 3rd dose,ADMIN,Administrative coverage (doses given / target population),2427288.0,2045437,84.3
COUNTRIES,EGY,Egypt,2010,POL3,Polio - 3rd dose,OFFICIAL,Official country-reported coverage estimate,659644.0,555265,84.2
COUNTRIES,EGY,Egypt,2010,POL3,Polio - 3rd dose,WUENIC,WHO/UNICEF Estimates of National Immunization Coverage,4577190.0,4368451,95.4
COUNTRIES,EGY,Egypt,2010,HEPB3,Hepatitis B - 3rd dose,ADMIN,Administrative coverage (doses given / target population),1208811.0,934533,77.3
COUNTRIES,EGY,Egypt,2010,HEPB3,Hepatitis B - 3rd dose,OFFICIAL,Official country-reported coverage estimate,345411.0,272814,79.0
COUNTRIES,EGY,Egypt,2010,HEPB3,Hepatitis B - 3rd dose,WUENIC,WHO/UNICEF Estimates of National Immunization Coverage,655855.0,519200,79.2
COUNTRIES,EGY,Egypt,2010,PCV3,Pneumococcal conjugate vaccine - 3rd dose,ADMIN,Administrative coverage (doses given / target population),2213895.0,1861929,84.1
COUNTRIES,EGY,Egypt,2010,PCV3,Pneumococcal conjugate vaccine - 3rd dose,OFFICIAL,Official country-reported coverage estimate,875646.0,671276,76.7
COUNTRIES,EGY,Egypt,2010,PCV3,Pneumococcal conjugate vaccine - 3rd dose,WUENIC,WHO/UNICEF Estimates of National Immunization Coverage,2176718.0,1960953,90.1
COUNTRIES,EGY,Egypt,2011,BCG,Bacille Calmette-Guerin (Tuberculosis),ADMIN,Administrative coverage (doses given / target population),828855.0,768642,92.7
COUNTRIES,EGY,Egypt,2011,BCG,Bacille Calmette-Guerin (Tuberculosis),OFFICIAL,Official country-reported coverage estimate,4421414.0,3810097,86.2
COUNTRIES,EGY,Egypt,2011,BCG,Bacille Calmette-Guerin (Tuberculosis),WUENIC,WHO/UNICEF Estimates of National Immunization Coverage,1591367.0,1372214,86.2
COUNTRIES,EGY,Egypt,2011,DTP1,Diphtheria/Tetanus/Pertussis - 1st dose,ADMIN,Administrative coverage (doses given / target population),1946357.0,1350883,69.4
COUNTRIES,EGY,Egypt,2011,DTP1,Diphtheria/Tetanus/Pertussis - 1st dose,OFFICIAL,Official country-reported coverage estimate,4203895.0,3391263,80.7
COUNTRIES,EGY,Egypt,2011,DTP1,Diphtheria/Tetanus/Pertussis - 1st dose,WUENIC,WHO/UNICEF Estimates of National Immunization Coverage,2649386.0,2116801,79.9
COUNTRIES,EGY,Egypt,2011,DTP3,Diphtheria/Tetanus/Pertussis - 3rd dose,ADMIN,Administrative coverage (doses given / target population),3144813.0,2668729,84.9
COUNTRIES,EGY,Egypt,2011,DTP3,Diphtheria/Tetanus/Pertussis - 3rd dose,OFFICIAL,Official country-reported coverage estimate,155823.0,128499,82.5
COUNTRIES,EGY,Egypt,2011,DTP3,Diphtheria/Tetanus/Pertussis - 3rd dose,WUENIC,WHO/UNICEF Estimates of National Immunization Coverage,1926197.0,1671901,86.8
COUNTRIES,EGY,Egypt,2011,MCV1,Measles-containing vaccine - 1st dose,ADMIN,Administrative coverage (doses given / target population),1653984.0,1405780,85.0
COUNTRIES,EGY,Egypt,2011,MCV1,Measles-containing vaccine - 1st dose,OFFICIAL,Official country-reported coverage estimate,2148593.0,1798201,83.7
COUNTRIES,EGY,Egypt,2011,MCV1,Measles-containing vaccine - 1st dose,WUENIC,WHO/UNICEF Estimates of National Immunization Coverage,1289520.0,1113714,86.4
COUNTRIES,EGY,Egypt,2011,MCV2,Measles-containing vaccine - 2nd dose (booster),ADMIN,Administrative coverage (doses given / target population),,1072608,76.0
COUNTRIES,EGY,Egypt,2011,MCV2,Measles-containing vaccine - 2nd dose (booster),OFFICIAL,Official country-reported coverage estimate,3343412.0,2798610,83.7
COUNTRIES,EGY,Egypt,2011,MCV2,Measles-containing vaccine - 2nd dose (booster),WUENIC,WHO/UNICEF Estimates of National Immunization Coverage,4040529.0,3797306,94.0
COUNTRIES,EGY,Egypt,2011,POL3,Polio - 3rd dose,ADMIN,Administrative coverage (doses given / target population),1094193.0,1022322,93.4
COUNTRIES,EGY,Egypt,2011,POL3,Polio - 3rd dose,OFFICIAL,Official country-reported coverage estimate,3990532.0,3206200,80.3
COUNTRIES,EGY,Egypt,2011,POL3,Polio - 3rd dose,WUENIC,WHO/UNICEF Estimates of National Immunization Coverage,746483.0,589396,79.0
COUNTRIES,EGY,Egypt,2011,HEPB3,Hepatitis B - 3rd dose,ADMIN,Administrative coverage (doses given / target population),122999.0,101080,82.2
COUNTRIES,EGY,Egypt,2011,HEPB3,Hepatitis B - 3rd dose,OFFICIAL,Official country-reported coverage estimate,1998719.0,1905502,95.3
COUNTRIES,EGY,Egypt,2011,HEPB3,Hepatitis B - 3rd dose,WUENIC,WHO/UNICEF Estimates of National Immunization Coverage,1692875.0,1346215,79.5
COUNTRIES,EGY,Egypt,2011,PCV3,Pneumococcal conjugate vaccine - 3rd dose,ADMIN,Administrative coverage (doses given / target population),1560136.0,1341000,86.0
COUNTRIES,EGY,Egypt,2011,PCV3,Pneumococcal conjugate vaccine - 3rd dose,OFFICIAL,Official country-reported coverage estimate,350044.0,314776,89.9
COUNTRIES,EGY,Egypt,2011,PCV3,Pneumococcal conjugate vaccine - 3rd dose,WUENIC,WHO/UNICEF Estimates of National Immunization Coverage,1823264.0,1400143,76.8
COUNTRIES,EGY,Egypt,2012,BCG,Bacille Calmette-Guerin (Tuberculosis),ADMIN,Administrative coverage (doses given / target population),537127.0,482065,89.7
COUNTRIES,EGY,Egypt,2012,BCG,Bacille Calmette-Guerin (Tuberculosis),OFFICIAL,Official country-reported coverage estimate,3870789.0,3256511,84.1
COUNTRIES,EGY,Egypt,2012,BCG,Bacille Calmette-Guerin (Tuberculosis),WUENIC,WHO/UNICEF Estimates of National Immunization Coverage,,2023014,87.8
COUNTRIES,EGY,Egypt,2012,DTP1,Diphtheria/Tetanus/Pertussis - 1st dose,ADMIN,Administrative coverage (doses given / target population),2212101.0,1901542,86.0
COUNTRIES,EGY,Egypt,2012,DTP1,Diphtheria/Tetanus/Pertussis - 1st dose,OFFICIAL,Official country-reported coverage estimate,1391368.0,1177329,84.6
COUNTRIES,EGY,Egypt,2012,DTP1,Diphtheria/Tetanus/Pertussis - 1st dose,WUENIC,WHO/UNICEF Estimates of National Immunization Coverage,2427829.0,2149173,88.5
COUNTRIES,EGY,Egypt,2012,DTP3,Diphtheria/Tetanus/Pertussis - 3rd dose,ADMIN,Administrative coverage (doses given / target population),2219766.0,1840832,82.9
COUNTRIES,EGY,Egypt,2012,DTP3,Diphtheria/Tetanus/Pertussis - 3rd dose,OFFICIAL,Official country-reported coverage estimate,1498079.0,1334941,89.1
COUNTRIES,EGY,Egypt,2012,DTP3,Diphtheria/Tetanus/Pertussis - 3rd dose,WUENIC,WHO/UNICEF Estimates of National Immunization Coverage,4431593.0,4303991,97.1
COUNTRIES,EGY,Egypt,2012,MCV1,Measles-containing vaccine - 1st dose,ADMIN,Administrative coverage (doses given / target population),4842158.0,4556401,94.1
COUNTRIES,EGY,Egypt,2012,MCV1,Measles-containing vaccine - 1st dose,OFFICIAL,Official country-reported coverage estimate,267659.0,222551,83.1
COUNTRIES,EGY,Egypt,2012,MCV1,Measles-containing vaccine - 1st dose,WUENIC,WHO/UNICEF Estimates of National Immunization Coverage,4801072.0,4100064,85.4
COUNTRIES,EGY,Egypt,2012,MCV2,Measles-containing vaccine - 2nd dose (booster),ADMIN,Administrative coverage (doses given / target population),3405545.0,2927058,85.9
COUNTRIES,EGY,Egypt,2012,MCV2,Measles-containing vaccine - 2nd dose (booster),OFFICIAL,Official country-reported coverage estimate,,159695,94.4
COUNTRIES,EGY,Egypt,2012,MCV2,Measles-containing vaccine - 2nd dose (booster),WUENIC,WHO/UNICEF Estimates of National Immunization Coverage,4168738.0,3839880,92.1
COUNTRIES,EGY,Egypt,2012,POL3,Polio - 3rd dose,ADMIN,Administrative coverage (doses given / target population),1376230.0,1247710,90.7
COUNTRIES,EGY,Egypt,2012,POL3,Polio - 3rd dose,OFFICIAL,Official country-reported coverage estimate,1989952.0,1754115,88.1
COUNTRIES,EGY,Egypt,2012,POL3,Polio - 3rd dose,WUENIC,WHO/UNICEF Estimates of National Immunization Coverage,4471304.0,3520945,78.7
COUNTRIES,EGY,Egypt,2012,HEPB3,Hepatitis B - 3rd dose,ADMIN,Administrative coverage (doses given / target population),2350197.0,2019694,85.9
COUNTRIES,EGY,Egypt,2012,HEPB3,Hepatitis B - 3rd dose,OFFICIAL,Official country-reported coverage estimate,2664981.0,2413222,90.6
COUNTRIES,EGY,Egypt,2012,HEPB3,Hepatitis B - 3rd dose,WUENIC,WHO/UNICEF Estimates of National Immunization Coverage,1956601.0,1624773,83.0
COUNTRIES,EGY,Egypt,2012,PCV3,Pneumococcal conjugate vaccine - 3rd dose,ADMIN,Administrative coverage (doses given / target population),1049446.0,842925,80.3
COUNTRIES,EGY,Egypt,2012,PCV3,Pneumococcal conjugate vaccine - 3rd dose,OFFICIAL,Official country-reported coverage estimate,1806814.0,1561899,86.4
COUNTRIES,EGY,Egypt,2012,PCV3,Pneumococcal conjugate vaccine - 3rd dose,WUENIC,WHO/UNICEF Estimates of National Immunization Coverage,386116.0,374199,96.9
COUNTRIES,EGY,Egypt,2013,BCG,Bacille Calmette-Guerin (Tuberculosis),ADMIN,Administrative coverage (doses given / target population),1951514.0,1770173,90.7
COUNTRIES,EGY,Egypt,2013,BCG,Bacille Calmette-Guerin (Tuberculosis),OFFICIAL,Official country-reported coverage estimate,2907688.0,2530179,87.0
COUNTRIES,EGY,Egypt,2013,BCG,Bacille Calmette-Guerin (Tuberculosis),WUENIC,WHO/UNICEF Estimates of National Immunization Coverage,3294006.0,3090974,93.8
COUNTRIES,EGY,Egypt,2013,DTP1,Diphtheria/Tetanus/Pertussis - 1st dose,ADMIN,Administrative coverage (doses given / target population),3222174.0,2782976,86.4
COUNTRIES,EGY,Egypt,2013,DTP1,Diphtheria/Tetanus/Pertussis - 1st dose,OFFICIAL,Official country-reported coverage estimate,3610302.0,2912635,80.7
COUNTRIES,EGY,Egypt,2013,DTP1,Diphtheria/Tetanus/Pertussis - 1st dose,WUENIC,WHO/UNICEF Estimates of National Immunization Coverage,1780881.0,1780881,100.0
COUNTRIES,EGY,Egypt,2013,DTP3,Diphtheria/Tetanus/Pertussis - 3rd dose,ADMIN,Administrative coverage (doses given / target population),1905275.0,1706482,89.6
COUNTRIES,EGY,Egypt,2013,DTP3,Diphtheria/Tetanus/Pertussis - 3rd dose,OFFICIAL,Official country-reported coverage estimate,3327404.0,2879019,86.5
COUNTRIES,EGY,Egypt,2013,DTP3,Diphtheria/Tetanus/Pertussis - 3rd dose,WUENIC,WHO/UNICEF Estimates of National Immunization Coverage,2929934.0,2644825,90.3
COUNTRIES,EGY,Egypt,2013,MCV1,Measles-containing vaccine - 1st dose,ADMIN,Administrative coverage (doses given / target population),2564224.0,2154060,84.0
COUNTRIES,EGY,Egypt,2013,MCV1,Measles-containing vaccine - 1st dose,OFFICIAL,Official country-reported coverage estimate,3874830.0,3227174,83.3
COUNTRIES,EGY,Egypt,2013,MCV1,Measles-containing vaccine - 1st dose,WUENIC,WHO/UNICEF Estimates of National Immunization Coverage,4762323.0,4050969,85.1
COUNTRIES,EGY,Egypt,2013,MCV2,Measles-containing vaccine - 2nd dose (booster),ADMIN,Administrative coverage (doses given / target population),832603.0,703455,84.5
COUNTRIES,EGY,Egypt,2013,MCV2,Measles-containing vaccine - 2nd dose (booster),OFFICIAL,Official country-reported coverage estimate,1512644.0,1326241,87.7
COUNTRIES,EGY,Egypt,2013,MCV2,Measles-containing vaccine - 2nd dose (booster),WUENIC,WHO/UNICEF Estimates of National Immunization Coverage,2490704.0,2145090,86.1
COUNTRIES,EGY,Egypt,2013,POL3,Polio - 3rd dose,ADMIN,Administrative coverage (doses given / target population),1408790.0,1245424,88.4
COUNTRIES,EGY,Egypt,2013,POL3,Polio - 3rd dose,OFFICIAL,Official country-reported coverage estimate,3875487.0,3553791,91.7
COUNTRIES,EGY,Egypt,2013,POL3,Polio - 3rd dose,WUENIC,WHO/UNICEF Estimates of National Immunization Coverage,3420322.0,3096335,90.5
COUNTRIES,EGY,Egypt,2013,HEPB3,Hepatitis B - 3rd dose,ADMIN,Administrative coverage (doses given / target population),2150608.0,1844516,85.8
COUNTRIES,EGY,Egypt,2013,HEPB3,Hepatitis B - 3rd dose,OFFICIAL,Official country-reported coverage estimate,3182571.0,2576218,80.9
COUNTRIES,EGY,Egypt,2013,HEPB3,Hepatitis B - 3rd dose,WUENIC,WHO/UNICEF Estimates of National Immunization Coverage,1464672.0,1225231,
COUNTRIES,EGY,Egypt,2013,PCV3,Pneumococcal conjugate vaccine - 3rd dose,ADMIN,Administrative coverage (doses given / target population),3648845.0,3010060,82.5
COUNTRIES,EGY,Egypt,2013,PCV3,Pneumococcal conjugate vaccine - 3rd dose,OFFICIAL,Official country-reported coverage estimate,2533933.0,2224478,87.8
COUNTRIES,EGY,Egypt,2013,PCV3,Pneumococcal conjugate vaccine - 3rd dose,WUENIC,WHO/UNICEF Estimates of National Immunization Coverage,2948652.0,2277694,77.2
COUNTRIES,EGY,Egypt,2014,BCG,Bacille Calmette-Guerin (Tuberculosis),ADMIN,Administrative coverage (doses given / target population),990957.0,916909,92.5
COUNTRIES,EGY,Egypt,2014,BCG,Bacille Calmette-Guerin (Tuberculosis),OFFICIAL,Official country-reported coverage estimate,1870315.0,1544674,82.6
COUNTRIES,EGY,Egypt,2014,BCG,Bacille Calmette-Guerin (Tuberculosis),WUENIC,WHO/UNICEF Estimates of National Immunization Coverage,3308289.0,2681306,81.0
COUNTRIES,EGY,Egypt,2014,DTP1,Diphtheria/Tetanus/Pertussis - 1st dose,ADMIN,Administrative coverage (doses given / target population),2342051.0,2245105,95.9
COUNTRIES,EGY,Egypt,2014,DTP1,Diphtheria/Tetanus/Pertussis - 1st dose,OFFICIAL,Official country-reported coverage estimate,215342.0,183455,85.2
COUNTRIES,EGY,Egypt,2014,DTP1,Diphtheria/Tetanus/Pertussis - 1st dose,WUENIC,WHO/UNICEF Estimates of National Immunization Coverage,3690501.0,3470584,94.0
COUNTRIES,EGY,Egypt,2014,DTP3,Diphtheria/Tetanus/Pertussis - 3rd dose,ADMIN,Administrative coverage (doses given / target population),124129.0,95267,76.7
COUNTRIES,EGY,Egypt,2014,DTP3,Diphtheria/Tetanus/Pertussis - 3rd dose,OFFICIAL,Official country-reported coverage estimate,498194.0,498194,100.0
COUNTRIES,EGY,Egypt,2014,DTP3,Diphtheria/Tetanus/Pertussis - 3rd dose,WUENIC,WHO/UNICEF Estimates of National Immunization Coverage,3736221.0,2666660,71.4
COUNTRIES,EGY,Egypt,2014,MCV1,Measles-containing vaccine - 1st dose,ADMIN,Administrative coverage (doses given / target population),649562.0,541069,83.3
COUNTRIES,EGY,Egypt,2014,MCV1,Measles-containing vaccine - 1st dose,OFFICIAL,Official country-reported coverage estimate,1324475.0,1139347,86.0
COUNTRIES,EGY,Egypt,2014,MCV1,Measles-containing vaccine - 1st dose,WUENIC,WHO/UNICEF Estimates of National Immunization Coverage,4580701.0,4236313,92.5
COUNTRIES,EGY,Egypt,2014,MCV2,Measles-containing vaccine - 2nd dose (booster),ADMIN,Administrative coverage (doses given / target population),853516.0,742010,86.9
COUNTRIES,EGY,Egypt,2014,MCV2,Measles-containing vaccine - 2nd dose (booster),OFFICIAL,Official country-reported coverage estimate,1773712.0,1535646,86.6
COUNTRIES,EGY,Egypt,2014,MCV2,Measles-containing vaccine - 2nd dose (booster),WUENIC,WHO/UNICEF Estimates of National Immunization Coverage,,4460377,90.7
COUNTRIES,EGY,Egypt,2014,POL3,Polio - 3rd dose,ADMIN,Administrative coverage (doses given / target population),2572854.0,1999977,77.7
COUNTRIES,EGY,Egypt,2014,POL3,Polio - 3rd dose,OFFICIAL,Official country-reported coverage estimate,4953459.0,4932044,99.6
COUNTRIES,EGY,Egypt,2014,POL3,Polio - 3rd dose,WUENIC,WHO/UNICEF Estimates of National Immunization Coverage,1315321.0,1141528,86.8
COUNTRIES,EGY,Egypt,2014,HEPB3,Hepatitis B - 3rd dose,ADMIN,Administrative coverage (doses given / target population),3026029.0,2578916,85.2
COUNTRIES,EGY,Egypt,2014,HEPB3,Hepatitis B - 3rd dose,OFFICIAL,Official country-reported coverage estimate,2927267.0,2875980,98.2
COUNTRIES,EGY,Egypt,2014,HEPB3,Hepatitis B - 3rd dose,WUENIC,WHO/UNICEF Estimates of National Immunization Coverage,,955543,91.1
COUNTRIES,EGY,Egypt,2014,PCV3,Pneumococcal conjugate vaccine - 3rd dose,ADMIN,Administrative coverage (doses given / target population),4179397.0,3314532,79.3
COUNTRIES,EGY,Egypt,2014,PCV3,Pneumococcal conjugate vaccine - 3rd dose,OFFICIAL,Official country-reported coverage estimate,1886132.0,1607313,85.2
COUNTRIES,EGY,Egypt,2014,PCV3,Pneumococcal conjugate vaccine - 3rd dose,WUENIC,WHO/UNICEF Estimates of National Immunization Coverage,1682195.0,1299992,77.3
COUNTRIES,EGY,Egypt,2015,BCG,Bacille Calmette-Guerin (Tuberculosis),ADMIN,Administrative coverage (doses given / target population),,688191,92.9
COUNTRIES,EGY,Egypt,2015,BCG,Bacille Calmette-Guerin (Tuberculosis),OFFICIAL,Official country-reported coverage estimate,939752.0,911287,97.0
COUNTRIES,EGY,Egypt,2015,BCG,Bacille Calmette-Guerin (Tuberculosis),WUENIC,WHO/UNICEF Estimates of National Immunization Coverage,1673987.0,1656159,98.9
COUNTRIES,EGY,Egypt,2015,DTP1,Diphtheria/Tetanus/Pertussis - 1st dose,ADMIN,Administrative coverage (doses given / target population),1694437.0,1535923,90.6
COUNTRIES,EGY,Egypt,2015,DTP1,Diphtheria/Tetanus/Pertussis - 1st dose,OFFICIAL,Official country-reported coverage estimate,1126270.0,907993,80.6
COUNTRIES,EGY,Egypt,2015,DTP1,Diphtheria/Tetanus/Pertussis - 1st dose,WUENIC,WHO/UNICEF Estimates of National Immunization Coverage,482901.0,410572,85.0
COUNTRIES,EGY,Egypt,2015,DTP3,Diphtheria/Tetanus/Pertussis - 3rd dose,ADMIN,Administrative coverage (doses given / target population),1657545.0,1350697,81.5
COUNTRIES,EGY,Egypt,2015,DTP3,Diphtheria/Tetanus/Pertussis - 3rd dose,OFFICIAL,Official country-reported coverage estimate,1454242.0,1239257,85.2
COUNTRIES,EGY,Egypt,2015,DTP3,Diphtheria/Tetanus/Pertussis - 3rd dose,WUENIC,WHO/UNICEF Estimates of National Immunization Coverage,2612155.0,2248027,86.1
COUNTRIES,EGY,Egypt,2015,MCV1,Measles-containing vaccine - 1st dose,ADMIN,Administrative coverage (doses given / target population),3379135.0,2814798,83.3
COUNTRIES,EGY,Egypt,2015,MCV1,Measles-containing vaccine - 1st dose,OFFICIAL,Official country-reported coverage estimate,2839220.0,2794398,98.4
COUNTRIES,EGY,Egypt,2015,MCV1,Measles-containing vaccine - 1st dose,WUENIC,WHO/UNICEF Estimates of National Immunization Coverage,1631346.0,1593887,97.7
COUNTRIES,EGY,Egypt,2015,MCV2,Measles-containing vaccine - 2nd dose (booster),ADMIN,Administrative coverage (doses given / target population),2217622.0,1816501,81.9
COUNTRIES,EGY,Egypt,2015,MCV2,Measles-containing vaccine - 2nd dose (booster),OFFICIAL,Official country-reported coverage estimate,2126346.0,1808883,85.1
COUNTRIES,EGY,Egypt,2015,MCV2,Measles-containing vaccine - 2nd dose (booster),WUENIC,WHO/UNICEF Estimates of National Immunization Coverage,2525335.0,2170496,85.9
COUNTRIES,EGY,Egypt,2015,POL3,Polio - 3rd dose,ADMIN,Administrative coverage (doses given / target population),3634617.0,3525948,97.0
COUNTRIES,EGY,Egypt,2015,POL3,Polio - 3rd dose,OFFICIAL,Official country-reported coverage estimate,3405467.0,3240450,95.2
COUNTRIES,EGY,Egypt,2015,POL3,Polio - 3rd dose,WUENIC,WHO/UNICEF Estimates of National Immunization Coverage,4392668.0,3914603,89.1
COUNTRIES,EGY,Egypt,2015,HEPB3,Hepatitis B - 3rd dose,ADMIN,Administrative coverage (doses given / target population),3278284.0,2731425,83.3
COUNTRIES,EGY,Egypt,2015,HEPB3,Hepatitis B - 3rd dose,OFFICIAL,Official country-reported coverage estimate,3653359.0,2964094,81.1
COUNTRIES,EGY,Egypt,2015,HEPB3,Hepatitis B - 3rd dose,WUENIC,WHO/UNICEF Estimates of National Immunization Coverage,4689690.0,4004328,85.4
COUNTRIES,EGY,Egypt,2015,PCV3,Pneumococcal conjugate vaccine - 3rd dose,ADMIN,Administrative coverage (doses given / target population),3533420.0,2704491,76.5
COUNTRIES,EGY,Egypt,2015,PCV3,Pneumococcal conjugate vaccine - 3rd dose,OFFICIAL,Official country-reported coverage estimate,1358419.0,1191783,87.7
COUNTRIES,EGY,Egypt,2015,PCV3,Pneumococcal conjugate vaccine - 3rd dose,WUENIC,WHO/UNICEF Estimates of National Immunization Coverage,1422075.0,1347312,94.7
COUNTRIES,EGY,Egypt,2016,BCG,Bacille Calmette-Guerin (Tuberculosis),ADMIN,Administrative coverage (doses given / target population),3130607.0,2657888,84.9
COUNTRIES,EGY,Egypt,2016,BCG,Bacille Calmette-Guerin (Tuberculosis),OFFICIAL,Official country-reported coverage estimate,3800610.0,3465023,91.2
COUNTRIES,EGY,Egypt,2016,BCG,Bacille Calmette-Guerin (Tuberculosis),WUENIC,WHO/UNICEF Estimates of National Immunization Coverage,1089523.0,811767,
COUNTRIES,EGY,Egypt,2016,DTP1,Diphtheria/Tetanus/Pertussis - 1st dose,ADMIN,Administrative coverage (doses given / target population),4171737.0,3634821,87.1
COUNTRIES,EGY,Egypt,2016,DTP1,Diphtheria/Tetanus/Pertussis - 1st dose,OFFICIAL,Official country-reported coverage estimate,4635102.0,4607246,99.4
COUNTRIES,EGY,Egypt,2016,DTP1,Diphtheria/Tetanus/Pertussis - 1st dose,WUENIC,WHO/UNICEF Estimates of National Immunization Coverage,2628315.0,2468516,93.9
COUNTRIES,EGY,Egypt,2016,DTP3,Diphtheria/Tetanus/Pertussis - 3rd dose,ADMIN,Administrative coverage (doses given / target population),4739995.0,4162102,87.8
COUNTRIES,EGY,Egypt,2016,DTP3,Diphtheria/Tetanus/Pertussis - 3rd dose,OFFICIAL,Official country-reported coverage estimate,3598559.0,2885762,80.2
COUNTRIES,EGY,Egypt,2016,DTP3,Diphtheria/Tetanus/Pertussis - 3rd dose,WUENIC,WHO/UNICEF Estimates of National Immunization Coverage,3494129.0,3214099,92.0
COUNTRIES,EGY,Egypt,2016,MCV1,Measles-containing vaccine - 1st dose,ADMIN,Administrative coverage (doses given / target population),3255384.0,3226801,99.1
COUNTRIES,EGY,Egypt,2016,MCV1,Measles-containing vaccine - 1st dose,OFFICIAL,Official country-reported coverage estimate,4094659.0,3867795,94.5
COUNTRIES,EGY,Egypt,2016,MCV1,Measles-containing vaccine - 1st dose,WUENIC,WHO/UNICEF Estimates of National Immunization Coverage,4049952.0,3336676,82.4
COUNTRIES,EGY,Egypt,2016,MCV2,Measles-containing vaccine - 2nd dose (booster),ADMIN,Administrative coverage (doses given / target population),4937333.0,3959754,80.2
COUNTRIES,EGY,Egypt,2016,MCV2,Measles-containing vaccine - 2nd dose (booster),OFFICIAL,Official country-reported coverage estimate,1220845.0,1022362,83.7
COUNTRIES,EGY,Egypt,2016,MCV2,Measles-containing vaccine - 2nd dose (booster),WUENIC,WHO/UNICEF Estimates of National Immunization Coverage,3033783.0,2951646,97.3
COUNTRIES,EGY,Egypt,2016,POL3,Polio - 3rd dose,ADMIN,Administrative coverage (doses given / target population),403592.0,353778,87.7
COUNTRIES,EGY,Egypt,2016,POL3,Polio - 3rd dose,OFFICIAL,Official country-reported coverage estimate,3761170.0,3443789,91.6
COUNTRIES,EGY,Egypt,2016,POL3,Polio - 3rd dose,WUENIC,WHO/UNICEF Estimates of National Immunization Coverage,279610.0,242058,86.6
COUNTRIES,EGY,Egypt,2016,HEPB3,Hepatitis B - 3rd dose,ADMIN,Administrative coverage (doses given / target population),3284732.0,3034279,
COUNTRIES,EGY,Egypt,2016,HEPB3,Hepatitis B - 3rd dose,OFFICIAL,Official country-reported coverage estimate,3052899.0,2631474,86.2
COUNTRIES,EGY,Egypt,2016,HEPB3,Hepatitis B - 3rd dose,WUENIC,WHO/UNICEF Estimates of National Immunization Coverage,3768316.0,3488980,92.6
COUNTRIES,EGY,Egypt,2016,PCV3,Pneumococcal conjugate vaccine - 3rd dose,ADMIN,Administrative coverage (doses given / target population),2345121.0,1961018,83.6
COUNTRIES,EGY,Egypt,2016,PCV3,Pneumococcal conjugate vaccine - 3rd dose,OFFICIAL,Official country-reported coverage estimate,2568165.0,2362973,92.0
COUNTRIES,EGY,Egypt,2016,PCV3,Pneumococcal conjugate vaccine - 3rd dose,WUENIC,WHO/UNICEF Estimates of National Immunization Coverage,1736496.0,1586196,91.3
COUNTRIES,EGY,Egypt,2017,BCG,Bacille Calmette-Guerin (Tuberculosis),ADMIN,Administrative coverage (doses given / target population),1339561.0,1153202,86.1
COUNTRIES,EGY,Egypt,2017,BCG,Bacille Calmette-Guerin (Tuberculosis),OFFICIAL,Official country-reported coverage estimate,293301.0,291018,
COUNTRIES,EGY,Egypt,2017,BCG,Bacille Calmette-Guerin (Tuberculosis),WUENIC,WHO/UNICEF Estimates of National Immunization Coverage,4875058.0,4781987,98.1
COUNTRIES,EGY,Egypt,2017,DTP1,Diphtheria/Tetanus/Pertussis - 1st dose,ADMIN,Administrative coverage (doses given / target population),4790721.0,4143224,86.5
COUNTRIES,EGY,Egypt,2017,DTP1,Diphtheria/Tetanus/Pertussis - 1st dose,OFFICIAL,Official country-reported coverage estimate,2890821.0,2515283,87.0
COUNTRIES,EGY,Egypt,2017,DTP1,Diphtheria/Tetanus/Pertussis - 1st dose,WUENIC,WHO/UNICEF Estimates of National Immunization Coverage,277541.0,240595,86.7
COUNTRIES,EGY,Egypt,2017,DTP3,Diphtheria/Tetanus/Pertussis - 3rd dose,ADMIN,Administrative coverage (doses given / target population),3548405.0,3016707,85.0
COUNTRIES,EGY,Egypt,2017,DTP3,Diphtheria/Tetanus/Pertussis - 3rd dose,OFFICIAL,Official country-reported coverage estimate,3248014.0,2875309,88.5
COUNTRIES,EGY,Egypt,2017,DTP3,Diphtheria/Tetanus/Pertussis - 3rd dose,WUENIC,WHO/UNICEF Estimates of National Immunization Coverage,385851.0,383619,99.4
COUNTRIES,EGY,Egypt,2017,MCV1,Measles-containing vaccine - 1st dose,ADMIN,Administrative coverage (doses given / target population),4697475.0,4317934,91.9
COUNTRIES,EGY,Egypt,2017,MCV1,Measles-containing vaccine - 1st dose,OFFICIAL,Official country-reported coverage estimate,2495669.0,2495669,100.0
COUNTRIES,EGY,Egypt,2017,MCV1,Measles-containing vaccine - 1st dose,WUENIC,WHO/UNICEF Estimates of National Immunization Coverage,4806873.0,4192900,87.2
COUNTRIES,EGY,Egypt,2017,MCV2,Measles-containing vaccine - 2nd dose (booster),ADMIN,Administrative coverage (doses given / target population),1944014.0,1590294,81.8
COUNTRIES,EGY,Egypt,2017,MCV2,Measles-containing vaccine - 2nd dose (booster),OFFICIAL,Official country-reported coverage estimate,4611167.0,3882162,84.2
COUNTRIES,EGY,Egypt,2017,MCV2,Measles-containing vaccine - 2nd dose (booster),WUENIC,WHO/UNICEF Estimates of National Immunization Coverage,3585782.0,3164178,
COUNTRIES,EGY,Egypt,2017,POL3,Polio - 3rd dose,ADMIN,Administrative coverage (doses given / target population),4917855.0,4827001,98.2
COUNTRIES,EGY,Egypt,2017,POL3,Polio - 3rd dose,OFFICIAL,Official country-reported coverage estimate,2997194.0,2869529,95.7
COUNTRIES,EGY,Egypt,2017,POL3,Polio - 3rd dose,WUENIC,WHO/UNICEF Estimates of National Immunization Coverage,4427172.0,3625248,81.9
COUNTRIES,EGY,Egypt,2017,HEPB3,Hepatitis B - 3rd dose,ADMIN,Administrative coverage (doses given / target population),3178196.0,3115479,98.0
COUNTRIES,EGY,Egypt,2017,HEPB3,Hepatitis B - 3rd dose,OFFICIAL,Official country-reported coverage estimate,1364084.0,1121004,82.2
COUNTRIES,EGY,Egypt,2017,HEPB3,Hepatitis B - 3rd dose,WUENIC,WHO/UNICEF Estimates of National Immunization Coverage,1476631.0,1155294,78.2
COUNTRIES,EGY,Egypt,2017,PCV3,Pneumococcal conjugate vaccine - 3rd dose,ADMIN,Administrative coverage (doses given / target population),1251127.0,1001944,80.1
COUNTRIES,EGY,Egypt,2017,PCV3,Pneumococcal conjugate vaccine - 3rd dose,OFFICIAL,Official country-reported coverage estimate,4550164.0,3871019,85.1
COUNTRIES,EGY,Egypt,2017,PCV3,Pneumococcal conjugate vaccine - 3rd dose,WUENIC,WHO/UNICEF Estimates of National Immunization Coverage,3911892.0,3386087,86.6
COUNTRIES,EGY,Egypt,2018,BCG,Bacille Calmette-Guerin (Tuberculosis),ADMIN,Administrative coverage (doses given / target population),2903126.0,2651871,91.3
COUNTRIES,EGY,Egypt,2018,BCG,Bacille Calmette-Guerin (Tuberculosis),OFFICIAL,Official country-reported coverage estimate,4662260.0,4177489,89.6
COUNTRIES,EGY,Egypt,2018,BCG,Bacille Calmette-Guerin (Tuberculosis),WUENIC,WHO/UNICEF Estimates of National Immunization Coverage,2845969.0,2845969,100.0
COUNTRIES,EGY,Egypt,2018,DTP1,Diphtheria/Tetanus/Pertussis - 1st dose,ADMIN,Administrative coverage (doses given / target population),4059671.0,3715321,91.5
COUNTRIES,EGY,Egypt,2018,DTP1,Diphtheria/Tetanus/Pertussis - 1st dose,OFFICIAL,Official country-reported coverage estimate,2858426.0,2281540,79.8
COUNTRIES,EGY,Egypt,2018,DTP1,Diphtheria/Tetanus/Pertussis - 1st dose,WUENIC,WHO/UNICEF Estimates of National Immunization Coverage,3534151.0,3051668,86.3
COUNTRIES,EGY,Egypt,2018,DTP3,Diphtheria/Tetanus/Pertussis - 3rd dose,ADMIN,Administrative coverage (doses given / target population),1281359.0,1223882,95.5
COUNTRIES,EGY,Egypt,2018,DTP3,Diphtheria/Tetanus/Pertussis - 3rd dose,OFFICIAL,Official country-reported coverage estimate,4120579.0,3827222,92.9
COUNTRIES,EGY,Egypt,2018,DTP3,Diphtheria/Tetanus/Pertussis - 3rd dose,WUENIC,WHO/UNICEF Estimates of National Immunization Coverage,184342.0,171875,93.2
COUNTRIES,EGY,Egypt,2018,MCV1,Measles-containing vaccine - 1st dose,ADMIN,Administrative coverage (doses given / target population),3797969.0,3637036,95.8
COUNTRIES,EGY,Egypt,2018,MCV1,Measles-containing vaccine - 1st dose,OFFICIAL,Official country-reported coverage estimate,3940879.0,3336242,
COUNTRIES,EGY,Egypt,2018,MCV1,Measles-containing vaccine - 1st dose,WUENIC,WHO/UNICEF Estimates of National Immunization Coverage,262903.0,228383,86.9
COUNTRIES,EGY,Egypt,2018,MCV2,Measles-containing vaccine - 2nd dose (booster),ADMIN,Administrative coverage (doses given / target population),4829617.0,4409854,91.3
COUNTRIES,EGY,Egypt,2018,MCV2,Measles-containing vaccine - 2nd dose (booster),OFFICIAL,Official country-reported coverage estimate,4980437.0,4458042,89.5
COUNTRIES,EGY,Egypt,2018,MCV2,Measles-containing vaccine - 2nd dose (booster),WUENIC,WHO/UNICEF Estimates of National Immunization Coverage,1618432.0,1339463,82.8
COUNTRIES,EGY,Egypt,2018,POL3,Polio - 3rd dose,ADMIN,Administrative coverage (doses given / target population),4018748.0,3595828,89.5
COUNTRIES,EGY,Egypt,2018,POL3,Polio - 3rd dose,OFFICIAL,Official country-reported coverage estimate,319990.0,275096,86.0
COUNTRIES,EGY,Egypt,2018,POL3,Polio - 3rd dose,WUENIC,WHO/UNICEF Estimates of National Immunization Coverage,4663922.0,4198240,90.0
COUNTRIES,EGY,Egypt,2018,HEPB3,Hepatitis B - 3rd dose,ADMIN,Administrative coverage (doses given / target population),,584321,85.5
COUNTRIES,EGY,Egypt,2018,HEPB3,Hepatitis B - 3rd dose,OFFICIAL,Official country-reported coverage estimate,1292467.0,1075047,83.2
COUNTRIES,EGY,Egypt,2018,HEPB3,Hepatitis B - 3rd dose,WUENIC,WHO/UNICEF Estimates of National Immunization Coverage,2617231.0,2617231,100.0
COUNTRIES,EGY,Egypt,2018,PCV3,Pneumococcal conjugate vaccine - 3rd dose,ADMIN,Administrative coverage (doses given / target population),4343026.0,3945629,90.8
COUNTRIES,EGY,Egypt,2018,PCV3,Pneumococcal conjugate vaccine - 3rd dose,OFFICIAL,Official country-reported coverage estimate,3687968.0,3549444,96.2
COUNTRIES,EGY,Egypt,2018,PCV3,Pneumococcal conjugate vaccine - 3rd dose,WUENIC,WHO/UNICEF Estimates of National Immunization Coverage,2615196.0,1931718,73.9
COUNTRIES,EGY,Egypt,2019,BCG,Bacille Calmette-Guerin (Tuberculosis),ADMIN,Administrative coverage (doses given / target population),3723146.0,3247159,87.2
COUNTRIES,EGY,Egypt,2019,BCG,Bacille Calmette-Guerin (Tuberculosis),OFFICIAL,Official country-reported coverage estimate,2601964.0,2294713,88.2
COUNTRIES,EGY,Egypt,2019,BCG,Bacille Calmette-Guerin (Tuberculosis),WUENIC,WHO/UNICEF Estimates of National Immunization Coverage,3013384.0,2737513,90.8
COUNTRIES,EGY,Egypt,2019,DTP1,Diphtheria/Tetanus/Pertussis - 1st dose,ADMIN,Administrative coverage (doses given / target population),3756896.0,3110019,82.8
COUNTRIES,EGY,Egypt,2019,DTP1,Diphtheria/Tetanus/Pertussis - 1st dose,OFFICIAL,Official country-reported coverage estimate,2299585.0,2115825,92.0
COUNTRIES,EGY,Egypt,2019,DTP1,Diphtheria/Tetanus/Pertussis - 1st dose,WUENIC,WHO/UNICEF Estimates of National Immunization Coverage,1305122.0,1196748,91.7
COUNTRIES,EGY,Egypt,2019,DTP3,Diphtheria/Tetanus/Pertussis - 3rd dose,ADMIN,Administrative coverage (doses given / target population),56385.0,48768,86.5
COUNTRIES,EGY,Egypt,2019,DTP3,Diphtheria/Tetanus/Pertussis - 3rd dose,OFFICIAL,Official country-reported coverage estimate,4595071.0,4089161,89.0
COUNTRIES,EGY,Egypt,2019,DTP3,Diphtheria/Tetanus/Pertussis - 3rd dose,WUENIC,WHO/UNICEF Estimates of National Immunization Coverage,4883887.0,4883887,100.0
COUNTRIES,EGY,Egypt,2019,MCV1,Measles-containing vaccine - 1st dose,ADMIN,Administrative coverage (doses given / target population),3756198.0,3533387,94.1
COUNTRIES,EGY,Egypt,2019,MCV1,Measles-containing vaccine - 1st dose,OFFICIAL,Official country-reported coverage estimate,1254754.0,1119908,89.3
COUNTRIES,EGY,Egypt,2019,MCV1,Measles-containing vaccine - 1st dose,WUENIC,WHO/UNICEF Estimates of National Immunization Coverage,2654336.0,2479285,93.4
COUNTRIES,EGY,Egypt,2019,MCV2,Measles-containing vaccine - 2nd dose (booster),ADMIN,Administrative coverage (doses given / target population),185052.0,162505,87.8
COUNTRIES,EGY,Egypt,2019,MCV2,Measles-containing vaccine - 2nd dose (booster),OFFICIAL,Official country-reported coverage estimate,2578414.0,1836707,71.2
COUNTRIES,EGY,Egypt,2019,MCV2,Measles-containing vaccine - 2nd dose (booster),WUENIC,WHO/UNICEF Estimates of National Immunization Coverage,4934224.0,4798323,97.2
COUNTRIES,EGY,Egypt,2019,POL3,Polio - 3rd dose,ADMIN,Administrative coverage (doses given / target population),4634539.0,4634539,100.0
COUNTRIES,EGY,Egypt,2019,POL3,Polio - 3rd dose,OFFICIAL,Official country-reported coverage estimate,2439383.0,2183395,89.5
COUNTRIES,EGY,Egypt,2019,POL3,Polio - 3rd dose,WUENIC,WHO/UNICEF Estimates of National Immunization Coverage,3342540.0,2911142,87.1
COUNTRIES,EGY,Egypt,2019,HEPB3,Hepatitis B - 3rd dose,ADMIN,Administrative coverage (doses given / target population),3079966.0,2762106,89.7
COUNTRIES,EGY,Egypt,2019,HEPB3,Hepatitis B - 3rd dose,OFFICIAL,Official country-reported coverage estimate,3032211.0,3017130,99.5
COUNTRIES,EGY,Egypt,2019,HEPB3,Hepatitis B - 3rd dose,WUENIC,WHO/UNICEF Estimates of National Immunization Coverage,1183222.0,1183222,100.0
COUNTRIES,EGY,Egypt,2019,PCV3,Pneumococcal conjugate vaccine - 3rd dose,ADMIN,Administrative coverage (doses given / target population),2682368.0,2401954,89.5
COUNTRIES,EGY,Egypt,2019,PCV3,Pneumococcal conjugate vaccine - 3rd dose,OFFICIAL,Official country-reported coverage estimate,872201.0,713821,81.8
COUNTRIES,EGY,Egypt,2019,PCV3,Pneumococcal conjugate vaccine - 3rd dose,WUENIC,WHO/UNICEF Estimates of National Immunization Coverage,4040979.0,3639671,90.1
COUNTRIES,EGY,Egypt,2020,BCG,Bacille Calmette-Guerin (Tuberculosis),ADMIN,Administrative coverage (doses given / target population),3705731.0,3271279,88.3
COUNTRIES,EGY,Egypt,2020,BCG,Bacille Calmette-Guerin (Tuberculosis),OFFICIAL,Official country-reported coverage estimate,610755.0,528284,86.5
COUNTRIES,EGY,Egypt,2020,BCG,Bacille Calmette-Guerin (Tuberculosis),WUENIC,WHO/UNICEF Estimates of National Immunization Coverage,3317870.0,3015694,90.9
COUNTRIES,EGY,Egypt,2020,DTP1,Diphtheria/Tetanus/Pertussis - 1st dose,ADMIN,Administrative coverage (doses given / target population),539821.0,521109,96.5
COUNTRIES,EGY,Egypt,2020,DTP1,Diphtheria/Tetanus/Pertussis - 1st dose,OFFICIAL,Official country-reported coverage estimate,4811688.0,4300915,89.4
COUNTRIES,EGY,Egypt,2020,DTP1,Diphtheria/Tetanus/Pertussis - 1st dose,WUENIC,WHO/UNICEF Estimates of National Immunization Coverage,1670729.0,1483680,
COUNTRIES,EGY,Egypt,2020,DTP3,Diphtheria/Tetanus/Pertussis - 3rd dose,ADMIN,Administrative coverage (doses given / target population),1662668.0,1483000,89.2
COUNTRIES,EGY,Egypt,2020,DTP3,Diphtheria/Tetanus/Pertussis - 3rd dose,OFFICIAL,Official country-reported coverage estimate,4900137.0,4634047,94.6
COUNTRIES,EGY,Egypt,2020,DTP3,Diphtheria/Tetanus/Pertussis - 3rd dose,WUENIC,WHO/UNICEF Estimates of National Immunization Coverage,4899329.0,4152484,84.8
COUNTRIES,EGY,Egypt,2020,MCV1,Measles-containing vaccine - 1st dose,ADMIN,Administrative coverage (doses given / target population),4936378.0,4443604,90.0
COUNTRIES,EGY,Egypt,2020,MCV1,Measles-containing vaccine - 1st dose,OFFICIAL,Official country-reported coverage estimate,2175385.0,1973913,90.7
COUNTRIES,EGY,Egypt,2020,MCV1,Measles-containing vaccine - 1st dose,WUENIC,WHO/UNICEF Estimates of National Immunization Coverage,1616702.0,1432824,88.6
COUNTRIES,EGY,Egypt,2020,MCV2,Measles-containing vaccine - 2nd dose (booster),ADMIN,Administrative coverage (doses given / target population),4290817.0,4066947,94.8
COUNTRIES,EGY,Egypt,2020,MCV2,Measles-containing vaccine - 2nd dose (booster),OFFICIAL,Official country-reported coverage estimate,1568705.0,1390858,88.7
COUNTRIES,EGY,Egypt,2020,MCV2,Measles-containing vaccine - 2nd dose (booster),WUENIC,WHO/UNICEF Estimates of National Immunization Coverage,2062853.0,1876900,91.0
COUNTRIES,EGY,Egypt,2020,POL3,Polio - 3rd dose,ADMIN,Administrative coverage (doses given / target population),395135.0,331234,83.8
COUNTRIES,EGY,Egypt,2020,POL3,Polio - 3rd dose,OFFICIAL,Official country-reported coverage estimate,1403049.0,1259841,89.8
COUNTRIES,EGY,Egypt,2020,POL3,Polio - 3rd dose,WUENIC,WHO/UNICEF Estimates of National Immunization Coverage,671567.0,562129,83.7
COUNTRIES,EGY,Egypt,2020,HEPB3,Hepatitis B - 3rd dose,ADMIN,Administrative coverage (doses given / target population),4060538.0,3563703,87.8
COUNTRIES,EGY,Egypt,2020,HEPB3,Hepatitis B - 3rd dose,OFFICIAL,Official country-reported coverage estimate,1784992.0,1707514,95.7
COUNTRIES,EGY,Egypt,2020,HEPB3,Hepatitis B - 3rd dose,WUENIC,WHO/UNICEF Estimates of National Immunization Coverage,2163726.0,1935605,89.5
COUNTRIES,EGY,Egypt,2020,PCV3,Pneumococcal conjugate vaccine - 3rd dose,ADMIN,Administrative coverage (doses given / target population),3923011.0,3552867,90.6
COUNTRIES,EGY,Egypt,2020,PCV3,Pneumococcal conjugate vaccine - 3rd dose,OFFICIAL,Official country-reported coverage estimate,1124379.0,930869,82.8
COUNTRIES,EGY,Egypt,2020,PCV3,Pneumococcal conjugate vaccine - 3rd dose,WUENIC,WHO/UNICEF Estimates of National Immunization Coverage,2003406.0,1627775,81.3
COUNTRIES,EGY,Egypt,2021,BCG,Bacille Calmette-Guerin (Tuberculosis),ADMIN,Administrative coverage (doses given / target population),,1962463,84.0
COUNTRIES,EGY,Egypt,2021,BCG,Bacille Calmette-Guerin (Tuberculosis),OFFICIAL,Official country-reported coverage estimate,2028630.0,1744875,86.0
COUNTRIES,EGY,Egypt,2021,BCG,Bacille Calmette-Guerin (Tuberculosis),WUENIC,WHO/UNICEF Estimates of National Immunization Coverage,622115.0,579864,93.2
COUNTRIES,EGY,Egypt,2021,DTP1,Diphtheria/Tetanus/Pertussis - 1st dose,ADMIN,Administrative coverage (doses given / target population),1305164.0,1239493,95.0
COUNTRIES,EGY,Egypt,2021,DTP1,Diphtheria/Tetanus/Pertussis - 1st dose,OFFICIAL,Official country-reported coverage estimate,4202522.0,3540823,84.3
COUNTRIES,EGY,Egypt,2021,DTP1,Diphtheria/Tetanus/Pertussis - 1st dose,WUENIC,WHO/UNICEF Estimates of National Immunization Coverage,4695542.0,4260186,90.7
COUNTRIES,EGY,Egypt,2021,DTP3,Diphtheria/Tetanus/Pertussis - 3rd dose,ADMIN,Administrative coverage (doses given / target population),3181282.0,3181282,100.0
COUNTRIES,EGY,Egypt,2021,DTP3,Diphtheria/Tetanus/Pertussis - 3rd dose,OFFICIAL,Official country-reported coverage estimate,1104029.0,958891,86.9
COUNTRIES,EGY,Egypt,2021,DTP3,Diphtheria/Tetanus/Pertussis - 3rd dose,WUENIC,WHO/UNICEF Estimates of National Immunization Coverage,1394248.0,1317864,94.5
COUNTRIES,EGY,Egypt,2021,MCV1,Measles-containing vaccine - 1st dose,ADMIN,Administrative coverage (doses given / target population),1965707.0,1585016,80.6
COUNTRIES,EGY,Egypt,2021,MCV1,Measles-containing vaccine - 1st dose,OFFICIAL,Official country-reported coverage estimate,2425230.0,2070087,85.4
COUNTRIES,EGY,Egypt,2021,MCV1,Measles-containing vaccine - 1st dose,WUENIC,WHO/UNICEF Estimates of National Immunization Coverage,2504919.0,2202041,87.9
COUNTRIES,EGY,Egypt,2021,MCV2,Measles-containing vaccine - 2nd dose (booster),ADMIN,Administrative coverage (doses given / target population),3856719.0,3409905,88.4
COUNTRIES,EGY,Egypt,2021,MCV2,Measles-containing vaccine - 2nd dose (booster),OFFICIAL,Official country-reported coverage estimate,3107837.0,3071629,98.8
COUNTRIES,EGY,Egypt,2021,MCV2,Measles-containing vaccine - 2nd dose (booster),WUENIC,WHO/UNICEF Estimates of National Immunization Coverage,2420458.0,1981763,81.9
COUNTRIES,EGY,Egypt,2021,POL3,Polio - 3rd dose,ADMIN,Administrative coverage (doses given / target population),3924754.0,3794695,96.7
COUNTRIES,EGY,Egypt,2021,POL3,Polio - 3rd dose,OFFICIAL,Official country-reported coverage estimate,100714.0,90874,90.2
COUNTRIES,EGY,Egypt,2021,POL3,Polio - 3rd dose,WUENIC,WHO/UNICEF Estimates of National Immunization Coverage,4152444.0,3418257,82.3
COUNTRIES,EGY,Egypt,2021,HEPB3,Hepatitis B - 3rd dose,ADMIN,Administrative coverage (doses given / target population),,2564914,89.0
COUNTRIES,EGY,Egypt,2021,HEPB3,Hepatitis B - 3rd dose,OFFICIAL,Official country-reported coverage estimate,1826275.0,1673646,91.6
COUNTRIES,EGY,Egypt,2021,HEPB3,Hepatitis B - 3rd dose,WUENIC,WHO/UNICEF Estimates of National Immunization Coverage,271608.0,222725,82.0
COUNTRIES,EGY,Egypt,2021,PCV3,Pneumococcal conjugate vaccine - 3rd dose,ADMIN,Administrative coverage (doses given / target population),833030.0,758927,91.1
COUNTRIES,EGY,Egypt,2021,PCV3,Pneumococcal conjugate vaccine - 3rd dose,OFFICIAL,Official country-reported coverage estimate,1720526.0,1575145,91.6
COUNTRIES,EGY,Egypt,2021,PCV3,Pneumococcal conjugate vaccine - 3rd dose,WUENIC,WHO/UNICEF Estimates of National Immunization Coverage,2839301.0,2492464,87.8
COUNTRIES,EGY,Egypt,2022,BCG,Bacille Calmette-Guerin (Tuberculosis),ADMIN,Administrative coverage (doses given / target population),2942742.0,2544186,86.5
COUNTRIES,EGY,Egypt,2022,BCG,Bacille Calmette-Guerin (Tuberculosis),OFFICIAL,Official country-reported coverage estimate,3896744.0,3493667,89.7
COUNTRIES,EGY,Egypt,2022,BCG,Bacille Calmette-Guerin (Tuberculosis),WUENIC,WHO/UNICEF Estimates of National Immunization Coverage,4042339.0,3648834,90.3
COUNTRIES,EGY,Egypt,2022,DTP1,Diphtheria/Tetanus/Pertussis - 1st dose,ADMIN,Administrative coverage (doses given / target population),2241173.0,1763191,78.7
COUNTRIES,EGY,Egypt,2022,DTP1,Diphtheria/Tetanus/Pertussis - 1st dose,OFFICIAL,Official country-reported coverage estimate,3465625.0,3030538,87.4
COUNTRIES,EGY,Egypt,2022,DTP1,Diphtheria/Tetanus/Pertussis - 1st dose,WUENIC,WHO/UNICEF Estimates of National Immunization Coverage,3829676.0,3509085,91.6
COUNTRIES,EGY,Egypt,2022,DTP3,Diphtheria/Tetanus/Pertussis - 3rd dose,ADMIN,Administrative coverage (doses given / target population),2025820.0,1985476,98.0
COUNTRIES,EGY,Egypt,2022,DTP3,Diphtheria/Tetanus/Pertussis - 3rd dose,OFFICIAL,Official country-reported coverage estimate,2903638.0,2769118,95.4
COUNTRIES,EGY,Egypt,2022,DTP3,Diphtheria/Tetanus/Pertussis - 3rd dose,WUENIC,WHO/UNICEF Estimates of National Immunization Coverage,4348785.0,4309921,99.1
COUNTRIES,EGY,Egypt,2022,MCV1,Measles-containing vaccine - 1st dose,ADMIN,Administrative coverage (doses given / target population),4390386.0,4390386,100.0
COUNTRIES,EGY,Egypt,2022,MCV1,Measles-containing vaccine - 1st dose,OFFICIAL,Official country-reported coverage estimate,1619781.0,1619781,100.0
COUNTRIES,EGY,Egypt,2022,MCV1,Measles-containing vaccine - 1st dose,WUENIC,WHO/UNICEF Estimates of National Immunization Coverage,2202566.0,2093527,95.0
COUNTRIES,EGY,Egypt,2022,MCV2,Measles-containing vaccine - 2nd dose (booster),ADMIN,Administrative coverage (doses given / target population),1557751.0,1395430,89.6
COUNTRIES,EGY,Egypt,2022,MCV2,Measles-containing vaccine - 2nd dose (booster),OFFICIAL,Official country-reported coverage estimate,4686508.0,4160878,88.8
COUNTRIES,EGY,Egypt,2022,MCV2,Measles-containing vaccine - 2nd dose (booster),WUENIC,WHO/UNICEF Estimates of National Immunization Coverage,695814.0,657813,94.5
COUNTRIES,EGY,Egypt,2022,POL3,Polio - 3rd dose,ADMIN,Administrative coverage (doses given / target population),,2097567,89.7
COUNTRIES,EGY,Egypt,2022,POL3,Polio - 3rd dose,OFFICIAL,Official country-reported coverage estimate,3400032.0,2607151,76.7
COUNTRIES,EGY,Egypt,2022,POL3,Polio - 3rd dose,WUENIC,WHO/UNICEF Estimates of National Immunization Coverage,1384253.0,1238745,89.5
COUNTRIES,EGY,Egypt,2022,HEPB3,Hepatitis B - 3rd dose,ADMIN,Administrative coverage (doses given / target population),3571312.0,3340773,93.5
COUNTRIES,EGY,Egypt,2022,HEPB3,Hepatitis B - 3rd dose,OFFICIAL,Official country-reported coverage estimate,1716479.0,1589682,92.6
COUNTRIES,EGY,Egypt,2022,HEPB3,Hepatitis B - 3rd dose,WUENIC,WHO/UNICEF Estimates of National Immunization Coverage,3578759.0,3560052,99.5
COUNTRIES,EGY,Egypt,2022,PCV3,Pneumococcal conjugate vaccine - 3rd dose,ADMIN,Administrative coverage (doses given / target population),3971631.0,3971631,100.0
COUNTRIES,EGY,Egypt,2022,PCV3,Pneumococcal conjugate vaccine - 3rd dose,OFFICIAL,Official country-reported coverage estimate,,4153604,97.3
COUNTRIES,EGY,Egypt,2022,PCV3,Pneumococcal conjugate vaccine - 3rd dose,WUENIC,WHO/UNICEF Estimates of National Immunization Coverage,1781998.0,1770623,99.4
COUNTRIES,EGY,Egypt,2023,BCG,Bacille Calmette-Guerin (Tuberculosis),ADMIN,Administrative coverage (doses given / target population),3830824.0,3225531,84.2
COUNTRIES,EGY,Egypt,2023,BCG,Bacille Calmette-Guerin (Tuberculosis),OFFICIAL,Official country-reported coverage estimate,1088542.0,1087200,99.9
COUNTRIES,EGY,Egypt,2023,BCG,Bacille Calmette-Guerin (Tuberculosis),WUENIC,WHO/UNICEF Estimates of National Immunization Coverage,2814481.0,2251834,80.0
COUNTRIES,EGY,Egypt,2023,DTP1,Diphtheria/Tetanus/Pertussis - 1st dose,ADMIN,Administrative coverage (doses given / target population),4202882.0,3967700,94.4
COUNTRIES,EGY,Egypt,2023,DTP1,Diphtheria/Tetanus/Pertussis - 1st dose,OFFICIAL,Official country-reported coverage estimate,2913833.0,2913833,100.0
COUNTRIES,EGY,Egypt,2023,DTP1,Diphtheria/Tetanus/Pertussis - 1st dose,WUENIC,WHO/UNICEF Estimates of National Immunization Coverage,1917642.0,1917642,100.0
COUNTRIES,EGY,Egypt,2023,DTP3,Diphtheria/Tetanus/Pertussis - 3rd dose,ADMIN,Administrative coverage (doses given / target population),,3765659,87.9
COUNTRIES,EGY,Egypt,2023,DTP3,Diphtheria/Tetanus/Pertussis - 3rd dose,OFFICIAL,Official country-reported coverage estimate,669126.0,561257,83.9
COUNTRIES,EGY,Egypt,2023,DTP3,Diphtheria/Tetanus/Pertussis - 3rd dose,WUENIC,WHO/UNICEF Estimates of National Immunization Coverage,869025.0,735926,84.7
COUNTRIES,EGY,Egypt,2023,MCV1,Measles-containing vaccine - 1st dose,ADMIN,Administrative coverage (doses given / target population),905769.0,765712,84.5
COUNTRIES,EGY,Egypt,2023,MCV1,Measles-containing vaccine - 1st dose,OFFICIAL,Official country-reported coverage estimate,2875077.0,2750095,95.7
COUNTRIES,EGY,Egypt,2023,MCV1,Measles-containing vaccine - 1st dose,WUENIC,WHO/UNICEF Estimates of National Immunization Coverage,350267.0,293989,83.9
COUNTRIES,EGY,Egypt,2023,MCV2,Measles-containing vaccine - 2nd dose (booster),ADMIN,Administrative coverage (doses given / target population),2116208.0,1863201,88.0
COUNTRIES,EGY,Egypt,2023,MCV2,Measles-containing vaccine - 2nd dose (booster),OFFICIAL,Official country-reported coverage estimate,2479099.0,2219961,89.5
COUNTRIES,EGY,Egypt,2023,MCV2,Measles-containing vaccine - 2nd dose (booster),WUENIC,WHO/UNICEF Estimates of National Immunization Coverage,2696032.0,2464617,91.4
COUNTRIES,EGY,Egypt,2023,POL3,Polio - 3rd dose,ADMIN,Administrative coverage (doses given / target population),1339290.0,1308563,97.7
COUNTRIES,EGY,Egypt,2023,POL3,Polio - 3rd dose,OFFICIAL,Official country-reported coverage estimate,2749415.0,2456620,89.4
COUNTRIES,EGY,Egypt,2023,POL3,Polio - 3rd dose,WUENIC,WHO/UNICEF Estimates of National Immunization Coverage,4191265.0,3842039,
COUNTRIES,EGY,Egypt,2023,HEPB3,Hepatitis B - 3rd dose,ADMIN,Administrative coverage (doses given / target population),1824063.0,1715259,94.0
COUNTRIES,EGY,Egypt,2023,HEPB3,Hepatitis B - 3rd dose,OFFICIAL,Official country-reported coverage estimate,,3791168,85.9
COUNTRIES,EGY,Egypt,2023,HEPB3,Hepatitis B - 3rd dose,WUENIC,WHO/UNICEF Estimates of National Immunization Coverage,4866650.0,4228928,
COUNTRIES,EGY,Egypt,2023,PCV3,Pneumococcal conjugate vaccine - 3rd dose,ADMIN,Administrative coverage (doses given / target population),2260426.0,1958546,86.6
COUNTRIES,EGY,Egypt,2023,PCV3,Pneumococcal conjugate vaccine - 3rd dose,OFFICIAL,Official country-reported coverage estimate,,1270792,95.5
COUNTRIES,EGY,Egypt,2023,PCV3,Pneumococcal conjugate vaccine - 3rd dose,WUENIC,WHO/UNICEF Estimates of National Immunization Coverage,1900264.0,1553141,81.7
COUNTRIES,AUS,Australia,2010,BCG,Bacille Calmette-Guerin (Tuberculosis),ADMIN,Administrative coverage (doses given / target population),1816296.0,1098647,60.5
COUNTRIES,AUS,Australia,2010,BCG,Bacille Calmette-Guerin (Tuberculosis),OFFICIAL,Official country-reported coverage estimate,4976610.0,2675615,53.8
COUNTRIES,AUS,Australia,2010,BCG,Bacille Calmette-Guerin (Tuberculosis),WUENIC,WHO/UNICEF Estimates of National Immunization Coverage,1339915.0,788555,58.9
COUNTRIES,AUS,Australia,2010,DTP1,Diphtheria/Tetanus/Pertussis - 1st dose,ADMIN,Administrative coverage (doses given / target population),2838953.0,1707116,60.1
COUNTRIES,AUS,Australia,2010,DTP1,Diphtheria/Tetanus/Pertussis - 1st dose,OFFICIAL,Official country-reported coverage estimate,3311258.0,2099435,63.4
COUNTRIES,AUS,Australia,2010,DTP1,Diphtheria/Tetanus/Pertussis - 1st dose,WUENIC,WHO/UNICEF Estimates of National Immunization Coverage,3474006.0,2479005,71.4
COUNTRIES,AUS,Australia,2010,DTP3,Diphtheria/Tetanus/Pertussis - 3rd dose,ADMIN,Administrative coverage (doses given / target population),2791619.0,1826302,65.4
COUNTRIES,AUS,Australia,2010,DTP3,Diphtheria/Tetanus/Pertussis - 3rd dose,OFFICIAL,Official country-reported coverage estimate,1567777.0,988620,63.1
COUNTRIES,AUS,Australia,2010,DTP3,Diphtheria/Tetanus/Pertussis - 3rd dose,WUENIC,WHO/UNICEF Estimates of National Immunization Coverage,4782122.0,3024011,63.2
COUNTRIES,AUS,Australia,2010,MCV1,Measles-containing vaccine - 1st dose,ADMIN,Administrative coverage (doses given / target population),1310195.0,771565,58.9
COUNTRIES,AUS,Australia,2010,MCV1,Measles-containing vaccine - 1st dose,OFFICIAL,Official country-reported coverage estimate,3538744.0,2374345,67.1
COUNTRIES,AUS,Australia,2010,MCV1,Measles-containing vaccine - 1st dose,WUENIC,WHO/UNICEF Estimates of National Immunization Coverage,4401043.0,3144152,71.4
COUNTRIES,AUS,Australia,2010,MCV2,Measles-containing vaccine - 2nd dose (booster),ADMIN,Administrative coverage (doses given / target population),77915.0,54725,70.2
COUNTRIES,AUS,Australia,2010,MCV2,Measles-containing vaccine - 2nd dose (booster),OFFICIAL,Official country-reported coverage estimate,4989818.0,3039696,60.9
COUNTRIES,AUS,Australia,2010,MCV2,Measles-containing vaccine - 2nd dose (booster),WUENIC,WHO/UNICEF Estimates of National Immunization Coverage,2041526.0,1337838,65.5
COUNTRIES,AUS,Australia,2010,POL3,Polio - 3rd dose,ADMIN,Administrative coverage (doses given / target population),4489537.0,3258215,72.6
COUNTRIES,AUS,Australia,2010,POL3,Polio - 3rd dose,OFFICIAL,Official country-reported coverage estimate,909572.0,572689,63.0
COUNTRIES,AUS,Australia,2010,POL3,Polio - 3rd dose,WUENIC,WHO/UNICEF Estimates of National Immunization Coverage,4896917.0,2925123,59.7
COUNTRIES,AUS,Australia,2010,HEPB3,Hepatitis B - 3rd dose,ADMIN,Administrative coverage (doses given / target population),3946020.0,2178734,55.2
COUNTRIES,AUS,Australia,2010,HEPB3,Hepatitis B - 3rd dose,OFFICIAL,Official country-reported coverage estimate,2731551.0,1572597,57.6
COUNTRIES,AUS,Australia,2010,HEPB3,Hepatitis B - 3rd dose,WUENIC,WHO/UNICEF Estimates of National Immunization Coverage,4085565.0,2822331,69.1
COUNTRIES,AUS,Australia,2010,PCV3,Pneumococcal conjugate vaccine - 3rd dose,ADMIN,Administrative coverage (doses given / target population),4493290.0,2842236,63.3
COUNTRIES,AUS,Australia,2010,PCV3,Pneumococcal conjugate vaccine - 3rd dose,OFFICIAL,Official country-reported coverage estimate,3592174.0,2492718,69.4
COUNTRIES,AUS,Australia,2010,PCV3,Pneumococcal conjugate vaccine - 3rd dose,WUENIC,WHO/UNICEF Estimates of National Immunization Coverage,,968464,
COUNTRIES,AUS,Australia,2011,BCG,Bacille Calmette-Guerin (Tuberculosis),ADMIN,Administrative coverage (doses given / target population),1108569.0,668910,60.3
COUNTRIES,AUS,Australia,2011,BCG,Bacille Calmette-Guerin (Tuberculosis),OFFICIAL,Official country-reported coverage estimate,,2637603,66.3
COUNTRIES,AUS,Australia,2011,BCG,Bacille Calmette-Guerin (Tuberculosis),WUENIC,WHO/UNICEF Estimates of National Immunization Coverage,721350.0,485096,67.2
COUNTRIES,AUS,Australia,2011,DTP1,Diphtheria/Tetanus/Pertussis - 1st dose,ADMIN,Administrative coverage (doses given / target population),3682080.0,2536068,68.9
COUNTRIES,AUS,Australia,2011,DTP1,Diphtheria/Tetanus/Pertussis - 1st dose,OFFICIAL,Official country-reported coverage estimate,183103.0,120859,66.0
COUNTRIES,AUS,Australia,2011,DTP1,Diphtheria/Tetanus/Pertussis - 1st dose,WUENIC,WHO/UNICEF Estimates of National Immunization Coverage,3923096.0,2590249,66.0
COUNTRIES,AUS,Australia,2011,DTP3,Diphtheria/Tetanus/Pertussis - 3rd dose,ADMIN,Administrative coverage (doses given / target population),4943877.0,3692062,74.7
COUNTRIES,AUS,Australia,2011,DTP3,Diphtheria/Tetanus/Pertussis - 3rd dose,OFFICIAL,Official country-reported coverage estimate,3855654.0,2007144,52.1
COUNTRIES,AUS,Australia,2011,DTP3,Diphtheria/Tetanus/Pertussis - 3rd dose,WUENIC,WHO/UNICEF Estimates of National Immunization Coverage,,804444,78.6
COUNTRIES,AUS,Australia,2011,MCV1,Measles-containing vaccine - 1st dose,ADMIN,Administrative coverage (doses given / target population),2948264.0,2118768,71.9
COUNTRIES,AUS,Australia,2011,MCV1,Measles-containing vaccine - 1st dose,OFFICIAL,Official country-reported coverage estimate,3920629.0,2472052,63.1
COUNTRIES,AUS,Australia,2011,MCV1,Measles-containing vaccine - 1st dose,WUENIC,WHO/UNICEF Estimates of National Immunization Coverage,4124126.0,2423369,58.8
COUNTRIES,AUS,Australia,2011,MCV2,Measles-containing vaccine - 2nd dose (booster),ADMIN,Administrative coverage (doses given / target population),2436196.0,1623630,
COUNTRIES,AUS,Australia,2011,MCV2,Measles-containing vaccine - 2nd dose (booster),OFFICIAL,Official country-reported coverage estimate,562317.0,406924,72.4
COUNTRIES,AUS,Australia,2011,MCV2,Measles-containing vaccine - 2nd dose (booster),WUENIC,WHO/UNICEF Estimates of National Immunization Coverage,1484963.0,973002,65.5
COUNTRIES,AUS,Australia,2011,POL3,Polio - 3rd dose,ADMIN,Administrative coverage (doses given / target population),198458.0,99044,49.9
COUNTRIES,AUS,Australia,2011,POL3,Polio - 3rd dose,OFFICIAL,Official country-reported coverage estimate,2353931.0,1468340,62.4
COUNTRIES,AUS,Australia,2011,POL3,Polio - 3rd dose,WUENIC,WHO/UNICEF Estimates of National Immunization Coverage,88458.0,56819,64.2
COUNTRIES,AUS,Australia,2011,HEPB3,Hepatitis B - 3rd dose,ADMIN,Administrative coverage (doses given / target population),1024925.0,703699,68.7
COUNTRIES,AUS,Australia,2011,HEPB3,Hepatitis B - 3rd dose,OFFICIAL,Official country-reported coverage estimate,3099033.0,1958105,63.2
COUNTRIES,AUS,Australia,2011,HEPB3,Hepatitis B - 3rd dose,WUENIC,WHO/UNICEF Estimates of National Immunization Coverage,2697315.0,1887555,70.0
COUNTRIES,AUS,Australia,2011,PCV3,Pneumococcal conjugate vaccine - 3rd dose,ADMIN,Administrative coverage (doses given / target population),1815287.0,1205854,66.4
COUNTRIES,AUS,Australia,2011,PCV3,Pneumococcal conjugate vaccine - 3rd dose,OFFICIAL,Official country-reported coverage estimate,3073820.0,1871598,60.9
COUNTRIES,AUS,Australia,2011,PCV3,Pneumococcal conjugate vaccine - 3rd dose,WUENIC,WHO/UNICEF Estimates of National Immunization Coverage,1613959.0,1047636,64.9
COUNTRIES,AUS,Australia,2012,BCG,Bacille Calmette-Guerin (Tuberculosis),ADMIN,Administrative coverage (doses given / target population),2269099.0,1603263,70.7
COUNTRIES,AUS,Australia,2012,BCG,Bacille Calmette-Guerin (Tuberculosis),OFFICIAL,Official country-reported coverage estimate,1793791.0,1120778,62.5
COUNTRIES,AUS,Australia,2012,BCG,Bacille Calmette-Guerin (Tuberculosis),WUENIC,WHO/UNICEF Estimates of National Immunization Coverage,302222.0,207161,68.5
COUNTRIES,AUS,Australia,2012,DTP1,Diphtheria/Tetanus/Pertussis - 1st dose,ADMIN,Administrative coverage (doses given / target population),4656805.0,2922957,62.8
COUNTRIES,AUS,Australia,2012,DTP1,Diphtheria/Tetanus/Pertussis - 1st dose,OFFICIAL,Official country-reported coverage estimate,2756086.0,1629761,59.1
COUNTRIES,AUS,Australia,2012,DTP1,Diphtheria/Tetanus/Pertussis - 1st dose,WUENIC,WHO/UNICEF Estimates of National Immunization Coverage,,553977,68.3
COUNTRIES,AUS,Australia,2012,DTP3,Diphtheria/Tetanus/Pertussis - 3rd dose,ADMIN,Administrative coverage (doses given / target population),320215.0,201859,63.0
COUNTRIES,AUS,Australia,2012,DTP3,Diphtheria/Tetanus/Pertussis - 3rd dose,OFFICIAL,Official country-reported coverage estimate,1853998.0,986002,53.2
COUNTRIES,AUS,Australia,2012,DTP3,Diphtheria/Tetanus/Pertussis - 3rd dose,WUENIC,WHO/UNICEF Estimates of National Immunization Coverage,4568919.0,3119779,68.3
COUNTRIES,AUS,Australia,2012,MCV1,Measles-containing vaccine - 1st dose,ADMIN,Administrative coverage (doses given / target population),2979081.0,1944565,65.3
COUNTRIES,AUS,Australia,2012,MCV1,Measles-containing vaccine - 1st dose,OFFICIAL,Official country-reported coverage estimate,4595887.0,3250667,70.7
COUNTRIES,AUS,Australia,2012,MCV1,Measles-containing vaccine - 1st dose,WUENIC,WHO/UNICEF Estimates of National Immunization Coverage,4235093.0,2668991,63.0
COUNTRIES,AUS,Australia,2012,MCV2,Measles-containing vaccine - 2nd dose (booster),ADMIN,Administrative coverage (doses given / target population),3563818.0,2219100,62.3
COUNTRIES,AUS,Australia,2012,MCV2,Measles-containing vaccine - 2nd dose (booster),OFFICIAL,Official country-reported coverage estimate,1814953.0,1283655,70.7
COUNTRIES,AUS,Australia,2012,MCV2,Measles-containing vaccine - 2nd dose (booster),WUENIC,WHO/UNICEF Estimates of National Immunization Coverage,3300935.0,1825911,55.3
COUNTRIES,AUS,Australia,2012,POL3,Polio - 3rd dose,ADMIN,Administrative coverage (doses given / target population),842382.0,585293,69.5
COUNTRIES,AUS,Australia,2012,POL3,Polio - 3rd dose,OFFICIAL,Official country-reported coverage estimate,3607359.0,2242818,62.2
COUNTRIES,AUS,Australia,2012,POL3,Polio - 3rd dose,WUENIC,WHO/UNICEF Estimates of National Immunization Coverage,3862186.0,2541410,65.8
COUNTRIES,AUS,Australia,2012,HEPB3,Hepatitis B - 3rd dose,ADMIN,Administrative coverage (doses given / target population),706999.0,462098,65.4
COUNTRIES,AUS,Australia,2012,HEPB3,Hepatitis B - 3rd dose,OFFICIAL,Official country-reported coverage estimate,1773201.0,1182004,66.7
COUNTRIES,AUS,Australia,2012,HEPB3,Hepatitis B - 3rd dose,WUENIC,WHO/UNICEF Estimates of National Immunization Coverage,3997190.0,2294380,57.4
COUNTRIES,AUS,Australia,2012,PCV3,Pneumococcal conjugate vaccine - 3rd dose,ADMIN,Administrative coverage (doses given / target population),4334305.0,3046686,70.3
COUNTRIES,AUS,Australia,2012,PCV3,Pneumococcal conjugate vaccine - 3rd dose,OFFICIAL,Official country-reported coverage estimate,976791.0,629133,64.4
COUNTRIES,AUS,Australia,2012,PCV3,Pneumococcal conjugate vaccine - 3rd dose,WUENIC,WHO/UNICEF Estimates of National Immunization Coverage,692746.0,433681,62.6
COUNTRIES,AUS,Australia,2013,BCG,Bacille Calmette-Guerin (Tuberculosis),ADMIN,Administrative coverage (doses given / target population),4153208.0,2693692,64.9
COUNTRIES,AUS,Australia,2013,BCG,Bacille Calmette-Guerin (Tuberculosis),OFFICIAL,Official country-reported coverage estimate,3156385.0,1942150,61.5
COUNTRIES,AUS,Australia,2013,BCG,Bacille Calmette-Guerin (Tuberculosis),WUENIC,WHO/UNICEF Estimates of National Immunization Coverage,4920278.0,2717738,55.2
COUNTRIES,AUS,Australia,2013,DTP1,Diphtheria/Tetanus/Pertussis - 1st dose,ADMIN,Administrative coverage (doses given / target population),3113714.0,2014181,64.7
COUNTRIES,AUS,Australia,2013,DTP1,Diphtheria/Tetanus/Pertussis - 1st dose,OFFICIAL,Official country-reported coverage estimate,4543855.0,2445365,53.8
COUNTRIES,AUS,Australia,2013,DTP1,Diphtheria/Tetanus/Pertussis - 1st dose,WUENIC,WHO/UNICEF Estimates of National Immunization Coverage,3768865.0,2387674,63.4
COUNTRIES,AUS,Australia,2013,DTP3,Diphtheria/Tetanus/Pertussis - 3rd dose,ADMIN,Administrative coverage (doses given / target population),3315477.0,2214412,66.8
COUNTRIES,AUS,Australia,2013,DTP3,Diphtheria/Tetanus/Pertussis - 3rd dose,OFFICIAL,Official country-reported coverage estimate,1736716.0,1022627,58.9
COUNTRIES,AUS,Australia,2013,DTP3,Diphtheria/Tetanus/Pertussis - 3rd dose,WUENIC,WHO/UNICEF Estimates of National Immunization Coverage,2680041.0,1583009,59.1
COUNTRIES,AUS,Australia,2013,MCV1,Measles-containing vaccine - 1st dose,ADMIN,Administrative coverage (doses given / target population),4067289.0,2595118,63.8
COUNTRIES,AUS,Australia,2013,MCV1,Measles-containing vaccine - 1st dose,OFFICIAL,Official country-reported coverage estimate,3945997.0,2548302,64.6
COUNTRIES,AUS,Australia,2013,MCV1,Measles-containing vaccine - 1st dose,WUENIC,WHO/UNICEF Estimates of National Immunization Coverage,1192729.0,729374,61.2
COUNTRIES,AUS,Australia,2013,MCV2,Measles-containing vaccine - 2nd dose (booster),ADMIN,Administrative coverage (doses given / target population),1964773.0,1209971,61.6
COUNTRIES,AUS,Australia,2013,MCV2,Measles-containing vaccine - 2nd dose (booster),OFFICIAL,Official country-reported coverage estimate,3626795.0,2142250,59.1
COUNTRIES,AUS,Australia,2013,MCV2,Measles-containing vaccine - 2nd dose (booster),WUENIC,WHO/UNICEF Estimates of National Immunization Coverage,3109145.0,1876177,60.3
COUNTRIES,AUS,Australia,2013,POL3,Polio - 3rd dose,ADMIN,Administrative coverage (doses given / target population),4176551.0,2765618,66.2
COUNTRIES,AUS,Australia,2013,POL3,Polio - 3rd dose,OFFICIAL,Official country-reported coverage estimate,4353369.0,2412279,55.4
COUNTRIES,AUS,Australia,2013,POL3,Polio - 3rd dose,WUENIC,WHO/UNICEF Estimates of National Immunization Coverage,3353253.0,1952647,58.2
COUNTRIES,AUS,Australia,2013,HEPB3,Hepatitis B - 3rd dose,ADMIN,Administrative coverage (doses given / target population),1668747.0,1153872,69.1
COUNTRIES,AUS,Australia,2013,HEPB3,Hepatitis B - 3rd dose,OFFICIAL,Official country-reported coverage estimate,2446872.0,1493886,61.1
COUNTRIES,AUS,Australia,2013,HEPB3,Hepatitis B - 3rd dose,WUENIC,WHO/UNICEF Estimates of National Immunization Coverage,1994765.0,1463093,73.3
COUNTRIES,AUS,Australia,2013,PCV3,Pneumococcal conjugate vaccine - 3rd dose,ADMIN,Administrative coverage (doses given / target population),2737375.0,1903286,69.5
COUNTRIES,AUS,Australia,2013,PCV3,Pneumococcal conjugate vaccine - 3rd dose,OFFICIAL,Official country-reported coverage estimate,1778883.0,1179420,66.3
COUNTRIES,AUS,Australia,2013,PCV3,Pneumococcal conjugate vaccine - 3rd dose,WUENIC,WHO/UNICEF Estimates of National Immunization Coverage,748962.0,504499,67.4
COUNTRIES,AUS,Australia,2014,BCG,Bacille Calmette-Guerin (Tuberculosis),ADMIN,Administrative coverage (doses given / target population),1420124.0,1013215,71.3
COUNTRIES,AUS,Australia,2014,BCG,Bacille Calmette-Guerin (Tuberculosis),OFFICIAL,Official country-reported coverage estimate,456283.0,341762,74.9
COUNTRIES,AUS,Australia,2014,BCG,Bacille Calmette-Guerin (Tuberculosis),WUENIC,WHO/UNICEF Estimates of National Immunization Coverage,4433911.0,3068027,69.2
COUNTRIES,AUS,Australia,2014,DTP1,Diphtheria/Tetanus/Pertussis - 1st dose,ADMIN,Administrative coverage (doses given / target population),2837231.0,1861240,65.6
COUNTRIES,AUS,Australia,2014,DTP1,Diphtheria/Tetanus/Pertussis - 1st dose,OFFICIAL,Official country-reported coverage estimate,1975783.0,1282581,64.9
COUNTRIES,AUS,Australia,2014,DTP1,Diphtheria/Tetanus/Pertussis - 1st dose,WUENIC,WHO/UNICEF Estimates of National Immunization Coverage,4843389.0,3078034,63.6
COUNTRIES,AUS,Australia,2014,DTP3,Diphtheria/Tetanus/Pertussis - 3rd dose,ADMIN,Administrative coverage (doses given / target population),2466846.0,1613781,65.4
COUNTRIES,AUS,Australia,2014,DTP3,Diphtheria/Tetanus/Pertussis - 3rd dose,OFFICIAL,Official country-reported coverage estimate,685560.0,453276,66.1
COUNTRIES,AUS,Australia,2014,DTP3,Diphtheria/Tetanus/Pertussis - 3rd dose,WUENIC,WHO/UNICEF Estimates of National Immunization Coverage,2756743.0,1770367,64.2
COUNTRIES,AUS,Australia,2014,MCV1,Measles-containing vaccine - 1st dose,ADMIN,Administrative coverage (doses given / target population),1234257.0,840163,68.1
COUNTRIES,AUS,Australia,2014,MCV1,Measles-containing vaccine - 1st dose,OFFICIAL,Official country-reported coverage estimate,319480.0,207964,65.1
COUNTRIES,AUS,Australia,2014,MCV1,Measles-containing vaccine - 1st dose,WUENIC,WHO/UNICEF Estimates of National Immunization Coverage,138594.0,103718,74.8
COUNTRIES,AUS,Australia,2014,MCV2,Measles-containing vaccine - 2nd dose (booster),ADMIN,Administrative coverage (doses given / target population),1732080.0,1095373,63.2
COUNTRIES,AUS,Australia,2014,MCV2,Measles-containing vaccine - 2nd dose (booster),OFFICIAL,Official country-reported coverage estimate,1630968.0,1011796,62.0
COUNTRIES,AUS,Australia,2014,MCV2,Measles-containing vaccine - 2nd dose (booster),WUENIC,WHO/UNICEF Estimates of National Immunization Coverage,693911.0,424404,61.2
COUNTRIES,AUS,Australia,2014,POL3,Polio - 3rd dose,ADMIN,Administrative coverage (doses given / target population),2890173.0,2092714,72.4
COUNTRIES,AUS,Australia,2014,POL3,Polio - 3rd dose,OFFICIAL,Official country-reported coverage estimate,4767085.0,3182412,66.8
COUNTRIES,AUS,Australia,2014,POL3,Polio - 3rd dose,WUENIC,WHO/UNICEF Estimates of National Immunization Coverage,4461331.0,3025067,67.8
COUNTRIES,AUS,Australia,2014,HEPB3,Hepatitis B - 3rd dose,ADMIN,Administrative coverage (doses given / target population),1952403.0,1259972,64.5
COUNTRIES,AUS,Australia,2014,HEPB3,Hepatitis B - 3rd dose,OFFICIAL,Official country-reported coverage estimate,134140.0,88693,66.1
COUNTRIES,AUS,Australia,2014,HEPB3,Hepatitis B - 3rd dose,WUENIC,WHO/UNICEF Estimates of National Immunization Coverage,1416842.0,870574,61.4
COUNTRIES,AUS,Australia,2014,PCV3,Pneumococcal conjugate vaccine - 3rd dose,ADMIN,Administrative coverage (doses given / target population),3628316.0,2369907,65.3
COUNTRIES,AUS,Australia,2014,PCV3,Pneumococcal conjugate vaccine - 3rd dose,OFFICIAL,Official country-reported coverage estimate,3861958.0,2614904,67.7
COUNTRIES,AUS,Australia,2014,PCV3,Pneumococcal conjugate vaccine - 3rd dose,WUENIC,WHO/UNICEF Estimates of National Immunization Coverage,2132747.0,1457785,68.4
COUNTRIES,AUS,Australia,2015,BCG,Bacille Calmette-Guerin (Tuberculosis),ADMIN,Administrative coverage (doses given / target population),961828.0,567996,59.1
COUNTRIES,AUS,Australia,2015,BCG,Bacille Calmette-Guerin (Tuberculosis),OFFICIAL,Official country-reported coverage estimate,4184499.0,2565856,61.3
COUNTRIES,AUS,Australia,2015,BCG,Bacille Calmette-Guerin (Tuberculosis),WUENIC,WHO/UNICEF Estimates of National Immunization Coverage,3928476.0,2280848,58.1
COUNTRIES,AUS,Australia,2015,DTP1,Diphtheria/Tetanus/Pertussis - 1st dose,ADMIN,Administrative coverage (doses given / target population),2509598.0,1472565,58.7
COUNTRIES,AUS,Australia,2015,DTP1,Diphtheria/Tetanus/Pertussis - 1st dose,OFFICIAL,Official country-reported coverage estimate,1526168.0,920251,60.3
COUNTRIES,AUS,Australia,2015,DTP1,Diphtheria/Tetanus/Pertussis - 1st dose,WUENIC,WHO/UNICEF Estimates of National Immunization Coverage,401162.0,244982,61.1
COUNTRIES,AUS,Australia,2015,DTP3,Diphtheria/Tetanus/Pertussis - 3rd dose,ADMIN,Administrative coverage (doses given / target population),4122819.0,2612334,63.4
COUNTRIES,AUS,Australia,2015,DTP3,Diphtheria/Tetanus/Pertussis - 3rd dose,OFFICIAL,Official country-reported coverage estimate,360639.0,250605,69.5
COUNTRIES,AUS,Australia,2015,DTP3,Diphtheria/Tetanus/Pertussis - 3rd dose,WUENIC,WHO/UNICEF Estimates of National Immunization Coverage,442136.0,307603,69.6
COUNTRIES,AUS,Australia,2015,MCV1,Measles-containing vaccine - 1st dose,ADMIN,Administrative coverage (doses given / target population),2063707.0,1397477,67.7
COUNTRIES,AUS,Australia,2015,MCV1,Measles-containing vaccine - 1st dose,OFFICIAL,Official country-reported coverage estimate,1785077.0,1159107,64.9
COUNTRIES,AUS,Australia,2015,MCV1,Measles-containing vaccine - 1st dose,WUENIC,WHO/UNICEF Estimates of National Immunization Coverage,3168120.0,1888258,59.6
COUNTRIES,AUS,Australia,2015,MCV2,Measles-containing vaccine - 2nd dose (booster),ADMIN,Administrative coverage (doses given / target population),4727734.0,3414894,72.2
COUNTRIES,AUS,Australia,2015,MCV2,Measles-containing vaccine - 2nd dose (booster),OFFICIAL,Official country-reported coverage estimate,1195331.0,721165,60.3
COUNTRIES,AUS,Australia,2015,MCV2,Measles-containing vaccine - 2nd dose (booster),WUENIC,WHO/UNICEF Estimates of National Immunization Coverage,3958775.0,2562541,64.7
COUNTRIES,AUS,Australia,2015,POL3,Polio - 3rd dose,ADMIN,Administrative coverage (doses given / target population),2419275.0,1396463,57.7
COUNTRIES,AUS,Australia,2015,POL3,Polio - 3rd dose,OFFICIAL,Official country-reported coverage estimate,220577.0,144604,65.6
COUNTRIES,AUS,Australia,2015,POL3,Polio - 3rd dose,WUENIC,WHO/UNICEF Estimates of National Immunization Coverage,1040833.0,611764,58.8
COUNTRIES,AUS,Australia,2015,HEPB3,Hepatitis B - 3rd dose,ADMIN,Administrative coverage (doses given / target population),120354.0,66937,55.6
COUNTRIES,AUS,Australia,2015,HEPB3,Hepatitis B - 3rd dose,OFFICIAL,Official country-reported coverage estimate,,2766567,62.3
COUNTRIES,AUS,Australia,2015,HEPB3,Hepatitis B - 3rd dose,WUENIC,WHO/UNICEF Estimates of National Immunization Coverage,4284396.0,2741204,64.0
COUNTRIES,AUS,Australia,2015,PCV3,Pneumococcal conjugate vaccine - 3rd dose,ADMIN,Administrative coverage (doses given / target population),3263977.0,2232433,68.4
COUNTRIES,AUS,Australia,2015,PCV3,Pneumococcal conjugate vaccine - 3rd dose,OFFICIAL,Official country-reported coverage estimate,1631097.0,1045507,64.1
COUNTRIES,AUS,Australia,2015,PCV3,Pneumococcal conjugate vaccine - 3rd dose,WUENIC,WHO/UNICEF Estimates of National Immunization Coverage,881569.0,558863,63.4
COUNTRIES,AUS,Australia,2016,BCG,Bacille Calmette-Guerin (Tuberculosis),ADMIN,Administrative coverage (doses given / target population),1640461.0,987048,60.2
COUNTRIES,AUS,Australia,2016,BCG,Bacille Calmette-Guerin (Tuberculosis),OFFICIAL,Official country-reported coverage estimate,4054867.0,2324072,57.3
COUNTRIES,AUS,Australia,2016,BCG,Bacille Calmette-Guerin (Tuberculosis),WUENIC,WHO/UNICEF Estimates of National Immunization Coverage,117709.0,80193,68.1
COUNTRIES,AUS,Australia,2016,DTP1,Diphtheria/Tetanus/Pertussis - 1st dose,ADMIN,Administrative coverage (doses given / target population),4534714.0,3192487,70.4
COUNTRIES,AUS,Australia,2016,DTP1,Diphtheria/Tetanus/Pertussis - 1st dose,OFFICIAL,Official country-reported coverage estimate,2966333.0,1864664,62.9
COUNTRIES,AUS,Australia,2016,DTP1,Diphtheria/Tetanus/Pertussis - 1st dose,WUENIC,WHO/UNICEF Estimates of National Immunization Coverage,1513218.0,880026,58.2
COUNTRIES,AUS,Australia,2016,DTP3,Diphtheria/Tetanus/Pertussis - 3rd dose,ADMIN,Administrative coverage (doses given / target population),3699459.0,2250198,
COUNTRIES,AUS,Australia,2016,DTP3,Diphtheria/Tetanus/Pertussis - 3rd dose,OFFICIAL,Official country-reported coverage estimate,3136755.0,2255786,71.9
COUNTRIES,AUS,Australia,2016,DTP3,Diphtheria/Tetanus/Pertussis - 3rd dose,WUENIC,WHO/UNICEF Estimates of National Immunization Coverage,3308059.0,2477449,74.9
COUNTRIES,AUS,Australia,2016,MCV1,Measles-containing vaccine - 1st dose,ADMIN,Administrative coverage (doses given / target population),619836.0,470568,75.9
COUNTRIES,AUS,Australia,2016,MCV1,Measles-containing vaccine - 1st dose,OFFICIAL,Official country-reported coverage estimate,4394292.0,2775157,63.2
COUNTRIES,AUS,Australia,2016,MCV1,Measles-containing vaccine - 1st dose,WUENIC,WHO/UNICEF Estimates of National Immunization Coverage,806280.0,477628,59.2
COUNTRIES,AUS,Australia,2016,MCV2,Measles-containing vaccine - 2nd dose (booster),ADMIN,Administrative coverage (doses given / target population),572825.0,386157,67.4
COUNTRIES,AUS,Australia,2016,MCV2,Measles-containing vaccine - 2nd dose (booster),OFFICIAL,Official country-reported coverage estimate,3512082.0,2042701,58.2
COUNTRIES,AUS,Australia,2016,MCV2,Measles-containing vaccine - 2nd dose (booster),WUENIC,WHO/UNICEF Estimates of National Immunization Coverage,2507208.0,1697172,67.7
COUNTRIES,AUS,Australia,2016,POL3,Polio - 3rd dose,ADMIN,Administrative coverage (doses given / target population),3471551.0,2341678,67.5
COUNTRIES,AUS,Australia,2016,POL3,Polio - 3rd dose,OFFICIAL,Official country-reported coverage estimate,4963626.0,3490939,70.3
COUNTRIES,AUS,Australia,2016,POL3,Polio - 3rd dose,WUENIC,WHO/UNICEF Estimates of National Immunization Coverage,4996981.0,2952114,59.1
COUNTRIES,AUS,Australia,2016,HEPB3,Hepatitis B - 3rd dose,ADMIN,Administrative coverage (doses given / target population),4648255.0,2884082,62.0
COUNTRIES,AUS,Australia,2016,HEPB3,Hepatitis B - 3rd dose,OFFICIAL,Official country-reported coverage estimate,3683014.0,2367603,64.3
COUNTRIES,AUS,Australia,2016,HEPB3,Hepatitis B - 3rd dose,WUENIC,WHO/UNICEF Estimates of National Immunization Coverage,3591690.0,2352708,65.5
COUNTRIES,AUS,Australia,2016,PCV3,Pneumococcal conjugate vaccine - 3rd dose,ADMIN,Administrative coverage (doses given / target population),2158490.0,1617525,74.9
COUNTRIES,AUS,Australia,2016,PCV3,Pneumococcal conjugate vaccine - 3rd dose,OFFICIAL,Official country-reported coverage estimate,2199036.0,1332071,60.6
COUNTRIES,AUS,Australia,2016,PCV3,Pneumococcal conjugate vaccine - 3rd dose,WUENIC,WHO/UNICEF Estimates of National Immunization Coverage,533625.0,312940,58.6
COUNTRIES,AUS,Australia,2017,BCG,Bacille Calmette-Guerin (Tuberculosis),ADMIN,Administrative coverage (doses given / target population),1157526.0,760822,65.7
COUNTRIES,AUS,Australia,2017,BCG,Bacille Calmette-Guerin (Tuberculosis),OFFICIAL,Official country-reported coverage estimate,3682126.0,2654069,72.1
COUNTRIES,AUS,Australia,2017,BCG,Bacille Calmette-Guerin (Tuberculosis),WUENIC,WHO/UNICEF Estimates of National Immunization Coverage,4103767.0,2575940,62.8
COUNTRIES,AUS,Australia,2017,DTP1,Diphtheria/Tetanus/Pertussis - 1st dose,ADMIN,Administrative coverage (doses given / target population),3599395.0,2441064,67.8
COUNTRIES,AUS,Australia,2017,DTP1,Diphtheria/Tetanus/Pertussis - 1st dose,OFFICIAL,Official country-reported coverage estimate,289418.0,179589,62.1
COUNTRIES,AUS,Australia,2017,DTP1,Diphtheria/Tetanus/Pertussis - 1st dose,WUENIC,WHO/UNICEF Estimates of National Immunization Coverage,1875002.0,1156377,61.7
COUNTRIES,AUS,Australia,2017,DTP3,Diphtheria/Tetanus/Pertussis - 3rd dose,ADMIN,Administrative coverage (doses given / target population),,1296031,69.0
COUNTRIES,AUS,Australia,2017,DTP3,Diphtheria/Tetanus/Pertussis - 3rd dose,OFFICIAL,Official country-reported coverage estimate,,1843465,68.1
COUNTRIES,AUS,Australia,2017,DTP3,Diphtheria/Tetanus/Pertussis - 3rd dose,WUENIC,WHO/UNICEF Estimates of National Immunization Coverage,1237644.0,850135,68.7
COUNTRIES,AUS,Australia,2017,MCV1,Measles-containing vaccine - 1st dose,ADMIN,Administrative coverage (doses given / target population),561256.0,317254,56.5
COUNTRIES,AUS,Australia,2017,MCV1,Measles-containing vaccine - 1st dose,OFFICIAL,Official country-reported coverage estimate,3035736.0,2065910,68.1
COUNTRIES,AUS,Australia,2017,MCV1,Measles-containing vaccine - 1st dose,WUENIC,WHO/UNICEF Estimates of National Immunization Coverage,2542589.0,1570108,61.8
COUNTRIES,AUS,Australia,2017,MCV2,Measles-containing vaccine - 2nd dose (booster),ADMIN,Administrative coverage (doses given / target population),,2871685,78.3
COUNTRIES,AUS,Australia,2017,MCV2,Measles-containing vaccine - 2nd dose (booster),OFFICIAL,Official country-reported coverage estimate,1807492.0,1099870,60.9
COUNTRIES,AUS,Australia,2017,MCV2,Measles-containing vaccine - 2nd dose (booster),WUENIC,WHO/UNICEF Estimates of National Immunization Coverage,3282967.0,2370537,72.2
COUNTRIES,AUS,Australia,2017,POL3,Polio - 3rd dose,ADMIN,Administrative coverage (doses given / target population),3715869.0,2326400,62.6
COUNTRIES,AUS,Australia,2017,POL3,Polio - 3rd dose,OFFICIAL,Official country-reported coverage estimate,,174805,72.8
COUNTRIES,AUS,Australia,2017,POL3,Polio - 3rd dose,WUENIC,WHO/UNICEF Estimates of National Immunization Coverage,1795247.0,1003939,55.9
COUNTRIES,AUS,Australia,2017,HEPB3,Hepatitis B - 3rd dose,ADMIN,Administrative coverage (doses given / target population),,46093,68.6
COUNTRIES,AUS,Australia,2017,HEPB3,Hepatitis B - 3rd dose,OFFICIAL,Official country-reported coverage estimate,4673443.0,3483153,74.5
COUNTRIES,AUS,Australia,2017,HEPB3,Hepatitis B - 3rd dose,WUENIC,WHO/UNICEF Estimates of National Immunization Coverage,3917457.0,2415290,61.7
COUNTRIES,AUS,Australia,2017,PCV3,Pneumococcal conjugate vaccine - 3rd dose,ADMIN,Administrative coverage (doses given / target population),4942496.0,3753621,75.9
COUNTRIES,AUS,Australia,2017,PCV3,Pneumococcal conjugate vaccine - 3rd dose,OFFICIAL,Official country-reported coverage estimate,4079156.0,2455081,60.2
COUNTRIES,AUS,Australia,2017,PCV3,Pneumococcal conjugate vaccine - 3rd dose,WUENIC,WHO/UNICEF Estimates of National Immunization Coverage,1915911.0,1295604,67.6
COUNTRIES,AUS,Australia,2018,BCG,Bacille Calmette-Guerin (Tuberculosis),ADMIN,Administrative coverage (doses given / target population),1967167.0,1191072,60.5
COUNTRIES,AUS,Australia,2018,BCG,Bacille Calmette-Guerin (Tuberculosis),OFFICIAL,Official country-reported coverage estimate,2227844.0,1433442,64.3
COUNTRIES,AUS,Australia,2018,BCG,Bacille Calmette-Guerin (Tuberculosis),WUENIC,WHO/UNICEF Estimates of National Immunization Coverage,1409190.0,904999,64.2
COUNTRIES,AUS,Australia,2018,DTP1,Diphtheria/Tetanus/Pertussis - 1st dose,ADMIN,Administrative coverage (doses given / target population),2666166.0,1762849,66.1
COUNTRIES,AUS,Australia,2018,DTP1,Diphtheria/Tetanus/Pertussis - 1st dose,OFFICIAL,Official country-reported coverage estimate,2539325.0,1693094,66.7
COUNTRIES,AUS,Australia,2018,DTP1,Diphtheria/Tetanus/Pertussis - 1st dose,WUENIC,WHO/UNICEF Estimates of National Immunization Coverage,1922467.0,1198862,62.4
COUNTRIES,AUS,Australia,2018,DTP3,Diphtheria/Tetanus/Pertussis - 3rd dose,ADMIN,Administrative coverage (doses given / target population),1503276.0,976831,65.0
COUNTRIES,AUS,Australia,2018,DTP3,Diphtheria/Tetanus/Pertussis - 3rd dose,OFFICIAL,Official country-reported coverage estimate,4229269.0,2666917,63.1
COUNTRIES,AUS,Australia,2018,DTP3,Diphtheria/Tetanus/Pertussis - 3rd dose,WUENIC,WHO/UNICEF Estimates of National Immunization Coverage,146772.0,99269,67.6
COUNTRIES,AUS,Australia,2018,MCV1,Measles-containing vaccine - 1st dose,ADMIN,Administrative coverage (doses given / target population),975877.0,598299,61.3
COUNTRIES,AUS,Australia,2018,MCV1,Measles-containing vaccine - 1st dose,OFFICIAL,Official country-reported coverage estimate,4737960.0,3032868,64.0
COUNTRIES,AUS,Australia,2018,MCV1,Measles-containing vaccine - 1st dose,WUENIC,WHO/UNICEF Estimates of National Immunization Coverage,3374524.0,2546647,75.5
COUNTRIES,AUS,Australia,2018,MCV2,Measles-containing vaccine - 2nd dose (booster),ADMIN,Administrative coverage (doses given / target population),3731692.0,2455634,65.8
COUNTRIES,AUS,Australia,2018,MCV2,Measles-containing vaccine - 2nd dose (booster),OFFICIAL,Official country-reported coverage estimate,2736167.0,1718102,62.8
COUNTRIES,AUS,Australia,2018,MCV2,Measles-containing vaccine - 2nd dose (booster),WUENIC,WHO/UNICEF Estimates of National Immunization Coverage,3325708.0,2181564,65.6
COUNTRIES,AUS,Australia,2018,POL3,Polio - 3rd dose,ADMIN,Administrative coverage (doses given / target population),2871064.0,1856796,64.7
COUNTRIES,AUS,Australia,2018,POL3,Polio - 3rd dose,OFFICIAL,Official country-reported coverage estimate,3675357.0,2207773,60.1
COUNTRIES,AUS,Australia,2018,POL3,Polio - 3rd dose,WUENIC,WHO/UNICEF Estimates of National Immunization Coverage,4920522.0,2476606,50.3
COUNTRIES,AUS,Australia,2018,HEPB3,Hepatitis B - 3rd dose,ADMIN,Administrative coverage (doses given / target population),2686024.0,1582703,58.9
COUNTRIES,AUS,Australia,2018,HEPB3,Hepatitis B - 3rd dose,OFFICIAL,Official country-reported coverage estimate,3390805.0,2396419,70.7
COUNTRIES,AUS,Australia,2018,HEPB3,Hepatitis B - 3rd dose,WUENIC,WHO/UNICEF Estimates of National Immunization Coverage,4248963.0,3127488,73.6
COUNTRIES,AUS,Australia,2018,PCV3,Pneumococcal conjugate vaccine - 3rd dose,ADMIN,Administrative coverage (doses given / target population),691077.0,481885,69.7
COUNTRIES,AUS,Australia,2018,PCV3,Pneumococcal conjugate vaccine - 3rd dose,OFFICIAL,Official country-reported coverage estimate,3035774.0,1911762,63.0
COUNTRIES,AUS,Australia,2018,PCV3,Pneumococcal conjugate vaccine - 3rd dose,WUENIC,WHO/UNICEF Estimates of National Immunization Coverage,3371708.0,2446920,72.6
COUNTRIES,AUS,Australia,2019,BCG,Bacille Calmette-Guerin (Tuberculosis),ADMIN,Administrative coverage (doses given / target population),3506567.0,2331133,
COUNTRIES,AUS,Australia,2019,BCG,Bacille Calmette-Guerin (Tuberculosis),OFFICIAL,Official country-reported coverage estimate,285993.0,182752,63.9
COUNTRIES,AUS,Australia,2019,BCG,Bacille Calmette-Guerin (Tuberculosis),WUENIC,WHO/UNICEF Estimates of National Immunization Coverage,4358418.0,3396473,77.9
COUNTRIES,AUS,Australia,2019,DTP1,Diphtheria/Tetanus/Pertussis - 1st dose,ADMIN,Administrative coverage (doses given / target population),3128870.0,2318742,74.1
COUNTRIES,AUS,Australia,2019,DTP1,Diphtheria/Tetanus/Pertussis - 1st dose,OFFICIAL,Official country-reported coverage estimate,147487.0,112491,76.3
COUNTRIES,AUS,Australia,2019,DTP1,Diphtheria/Tetanus/Pertussis - 1st dose,WUENIC,WHO/UNICEF Estimates of National Immunization Coverage,227149.0,143516,63.2
COUNTRIES,AUS,Australia,2019,DTP3,Diphtheria/Tetanus/Pertussis - 3rd dose,ADMIN,Administrative coverage (doses given / target population),2337421.0,1399970,59.9
COUNTRIES,AUS,Australia,2019,DTP3,Diphtheria/Tetanus/Pertussis - 3rd dose,OFFICIAL,Official country-reported coverage estimate,668612.0,468657,70.1
COUNTRIES,AUS,Australia,2019,DTP3,Diphtheria/Tetanus/Pertussis - 3rd dose,WUENIC,WHO/UNICEF Estimates of National Immunization Coverage,1189546.0,772157,64.9
COUNTRIES,AUS,Australia,2019,MCV1,Measles-containing vaccine - 1st dose,ADMIN,Administrative coverage (doses given / target population),3592226.0,2494050,69.4
COUNTRIES,AUS,Australia,2019,MCV1,Measles-containing vaccine - 1st dose,OFFICIAL,Official country-reported coverage estimate,1945547.0,1069026,54.9
COUNTRIES,AUS,Australia,2019,MCV1,Measles-containing vaccine - 1st dose,WUENIC,WHO/UNICEF Estimates of National Immunization Coverage,3839661.0,2457272,64.0
COUNTRIES,AUS,Australia,2019,MCV2,Measles-containing vaccine - 2nd dose (booster),ADMIN,Administrative coverage (doses given / target population),481290.0,333467,69.3
COUNTRIES,AUS,Australia,2019,MCV2,Measles-containing vaccine - 2nd dose (booster),OFFICIAL,Official country-reported coverage estimate,1323907.0,983880,74.3
COUNTRIES,AUS,Australia,2019,MCV2,Measles-containing vaccine - 2nd dose (booster),WUENIC,WHO/UNICEF Estimates of National Immunization Coverage,1701493.0,1113840,65.5
COUNTRIES,AUS,Australia,2019,POL3,Polio - 3rd dose,ADMIN,Administrative coverage (doses given / target population),1714585.0,1139075,66.4
COUNTRIES,AUS,Australia,2019,POL3,Polio - 3rd dose,OFFICIAL,Official country-reported coverage estimate,4122091.0,2773999,67.3
COUNTRIES,AUS,Australia,2019,POL3,Polio - 3rd dose,WUENIC,WHO/UNICEF Estimates of National Immunization Coverage,2334900.0,1563837,67.0
COUNTRIES,AUS,Australia,2019,HEPB3,Hepatitis B - 3rd dose,ADMIN,Administrative coverage (doses given / target population),4735404.0,3027133,63.9
COUNTRIES,AUS,Australia,2019,HEPB3,Hepatitis B - 3rd dose,OFFICIAL,Official country-reported coverage estimate,1303022.0,913686,70.1
COUNTRIES,AUS,Australia,2019,HEPB3,Hepatitis B - 3rd dose,WUENIC,WHO/UNICEF Estimates of National Immunization Coverage,4881827.0,3061360,62.7
COUNTRIES,AUS,Australia,2019,PCV3,Pneumococcal conjugate vaccine - 3rd dose,ADMIN,Administrative coverage (doses given / target population),2385431.0,1510364,63.3
COUNTRIES,AUS,Australia,2019,PCV3,Pneumococcal conjugate vaccine - 3rd dose,OFFICIAL,Official country-reported coverage estimate,2683144.0,1972232,73.5
COUNTRIES,AUS,Australia,2019,PCV3,Pneumococcal conjugate vaccine - 3rd dose,WUENIC,WHO/UNICEF Estimates of National Immunization Coverage,3394616.0,2259669,66.6
COUNTRIES,AUS,Australia,2020,BCG,Bacille Calmette-Guerin (Tuberculosis),ADMIN,Administrative coverage (doses given / target population),85496.0,54587,63.8
COUNTRIES,AUS,Australia,2020,BCG,Bacille Calmette-Guerin (Tuberculosis),OFFICIAL,Official country-reported coverage estimate,3359147.0,2505506,74.6
COUNTRIES,AUS,Australia,2020,BCG,Bacille Calmette-Guerin (Tuberculosis),WUENIC,WHO/UNICEF Estimates of National Immunization Coverage,,1074496,70.4
COUNTRIES,AUS,Australia,2020,DTP1,Diphtheria/Tetanus/Pertussis - 1st dose,ADMIN,Administrative coverage (doses given / target population),4386900.0,3076491,70.1
COUNTRIES,AUS,Australia,2020,DTP1,Diphtheria/Tetanus/Pertussis - 1st dose,OFFICIAL,Official country-reported coverage estimate,4601683.0,2678650,58.2
COUNTRIES,AUS,Australia,2020,DTP1,Diphtheria/Tetanus/Pertussis - 1st dose,WUENIC,WHO/UNICEF Estimates of National Immunization Coverage,3111961.0,2030920,65.3
COUNTRIES,AUS,Australia,2020,DTP3,Diphtheria/Tetanus/Pertussis - 3rd dose,ADMIN,Administrative coverage (doses given / target population),4278491.0,2658504,62.1
COUNTRIES,AUS,Australia,2020,DTP3,Diphtheria/Tetanus/Pertussis - 3rd dose,OFFICIAL,Official country-reported coverage estimate,414002.0,228771,55.3
COUNTRIES,AUS,Australia,2020,DTP3,Diphtheria/Tetanus/Pertussis - 3rd dose,WUENIC,WHO/UNICEF Estimates of National Immunization Coverage,1501113.0,876837,58.4
COUNTRIES,AUS,Australia,2020,MCV1,Measles-containing vaccine - 1st dose,ADMIN,Administrative coverage (doses given / target population),481756.0,318320,66.1
COUNTRIES,AUS,Australia,2020,MCV1,Measles-containing vaccine - 1st dose,OFFICIAL,Official country-reported coverage estimate,1514036.0,934665,61.7
COUNTRIES,AUS,Australia,2020,MCV1,Measles-containing vaccine - 1st dose,WUENIC,WHO/UNICEF Estimates of National Immunization Coverage,3321507.0,2122066,63.9
COUNTRIES,AUS,Australia,2020,MCV2,Measles-containing vaccine - 2nd dose (booster),ADMIN,Administrative coverage (doses given / target population),3187708.0,2328146,73.0
COUNTRIES,AUS,Australia,2020,MCV2,Measles-containing vaccine - 2nd dose (booster),OFFICIAL,Official country-reported coverage estimate,614182.0,434040,70.7
COUNTRIES,AUS,Australia,2020,MCV2,Measles-containing vaccine - 2nd dose (booster),WUENIC,WHO/UNICEF Estimates of National Immunization Coverage,3268146.0,2212893,67.7
COUNTRIES,AUS,Australia,2020,POL3,Polio - 3rd dose,ADMIN,Administrative coverage (doses given / target population),1113370.0,734242,65.9
COUNTRIES,AUS,Australia,2020,POL3,Polio - 3rd dose,OFFICIAL,Official country-reported coverage estimate,1828427.0,1080196,59.1
COUNTRIES,AUS,Australia,2020,POL3,Polio - 3rd dose,WUENIC,WHO/UNICEF Estimates of National Immunization Coverage,2704247.0,1677198,62.0
COUNTRIES,AUS,Australia,2020,HEPB3,Hepatitis B - 3rd dose,ADMIN,Administrative coverage (doses given / target population),4518496.0,3107977,68.8
COUNTRIES,AUS,Australia,2020,HEPB3,Hepatitis B - 3rd dose,OFFICIAL,Official country-reported coverage estimate,4091711.0,2724256,66.6
COUNTRIES,AUS,Australia,2020,HEPB3,Hepatitis B - 3rd dose,WUENIC,WHO/UNICEF Estimates of National Immunization Coverage,1866498.0,1305170,69.9
COUNTRIES,AUS,Australia,2020,PCV3,Pneumococcal conjugate vaccine - 3rd dose,ADMIN,Administrative coverage (doses given / target population),4505763.0,2789368,61.9
COUNTRIES,AUS,Australia,2020,PCV3,Pneumococcal conjugate vaccine - 3rd dose,OFFICIAL,Official country-reported coverage estimate,3963714.0,2639761,66.6
COUNTRIES,AUS,Australia,2020,PCV3,Pneumococcal conjugate vaccine - 3rd dose,WUENIC,WHO/UNICEF Estimates of National Immunization Coverage,177582.0,134561,75.8
COUNTRIES,AUS,Australia,2021,BCG,Bacille Calmette-Guerin (Tuberculosis),ADMIN,Administrative coverage (doses given / target population),771312.0,447389,58.0
COUNTRIES,AUS,Australia,2021,BCG,Bacille Calmette-Guerin (Tuberculosis),OFFICIAL,Official country-reported coverage estimate,1648859.0,1380399,83.7
COUNTRIES,AUS,Australia,2021,BCG,Bacille Calmette-Guerin (Tuberculosis),WUENIC,WHO/UNICEF Estimates of National Immunization Coverage,2224942.0,1451843,65.3
COUNTRIES,AUS,Australia,2021,DTP1,Diphtheria/Tetanus/Pertussis - 1st dose,ADMIN,Administrative coverage (doses given / target population),4615997.0,2926374,63.4
COUNTRIES,AUS,Australia,2021,DTP1,Diphtheria/Tetanus/Pertussis - 1st dose,OFFICIAL,Official country-reported coverage estimate,4114899.0,2068907,50.3
COUNTRIES,AUS,Australia,2021,DTP1,Diphtheria/Tetanus/Pertussis - 1st dose,WUENIC,WHO/UNICEF Estimates of National Immunization Coverage,4734622.0,3397109,71.8
COUNTRIES,AUS,Australia,2021,DTP3,Diphtheria/Tetanus/Pertussis - 3rd dose,ADMIN,Administrative coverage (doses given / target population),4445385.0,2730431,61.4
COUNTRIES,AUS,Australia,2021,DTP3,Diphtheria/Tetanus/Pertussis - 3rd dose,OFFICIAL,Official country-reported coverage estimate,2595346.0,1879902,72.4
COUNTRIES,AUS,Australia,2021,DTP3,Diphtheria/Tetanus/Pertussis - 3rd dose,WUENIC,WHO/UNICEF Estimates of National Immunization Coverage,2052016.0,1157139,56.4
COUNTRIES,AUS,Australia,2021,MCV1,Measles-containing vaccine - 1st dose,ADMIN,Administrative coverage (doses given / target population),555222.0,363798,65.5
COUNTRIES,AUS,Australia,2021,MCV1,Measles-containing vaccine - 1st dose,OFFICIAL,Official country-reported coverage estimate,4923397.0,3071100,62.4
COUNTRIES,AUS,Australia,2021,MCV1,Measles-containing vaccine - 1st dose,WUENIC,WHO/UNICEF Estimates of National Immunization Coverage,2196171.0,1302530,59.3
COUNTRIES,AUS,Australia,2021,MCV2,Measles-containing vaccine - 2nd dose (booster),ADMIN,Administrative coverage (doses given / target population),4491742.0,3062360,
COUNTRIES,AUS,Australia,2021,MCV2,Measles-containing vaccine - 2nd dose (booster),OFFICIAL,Official country-reported coverage estimate,742038.0,520812,70.2
COUNTRIES,AUS,Australia,2021,MCV2,Measles-containing vaccine - 2nd dose (booster),WUENIC,WHO/UNICEF Estimates of National Immunization Coverage,372663.0,253761,68.1
COUNTRIES,AUS,Australia,2021,POL3,Polio - 3rd dose,ADMIN,Administrative coverage (doses given / target population),2165939.0,1260876,58.2
COUNTRIES,AUS,Australia,2021,POL3,Polio - 3rd dose,OFFICIAL,Official country-reported coverage estimate,3853344.0,2691454,69.8
COUNTRIES,AUS,Australia,2021,POL3,Polio - 3rd dose,WUENIC,WHO/UNICEF Estimates of National Immunization Coverage,1941636.0,1279384,65.9
COUNTRIES,AUS,Australia,2021,HEPB3,Hepatitis B - 3rd dose,ADMIN,Administrative coverage (doses given / target population),2105556.0,1540872,73.2
COUNTRIES,AUS,Australia,2021,HEPB3,Hepatitis B - 3rd dose,OFFICIAL,Official country-reported coverage estimate,1734573.0,1300908,75.0
COUNTRIES,AUS,Australia,2021,HEPB3,Hepatitis B - 3rd dose,WUENIC,WHO/UNICEF Estimates of National Immunization Coverage,1504212.0,1136560,75.6
COUNTRIES,AUS,Australia,2021,PCV3,Pneumococcal conjugate vaccine - 3rd dose,ADMIN,Administrative coverage (doses given / target population),4746015.0,2895446,61.0
COUNTRIES,AUS,Australia,2021,PCV3,Pneumococcal conjugate vaccine - 3rd dose,OFFICIAL,Official country-reported coverage estimate,4230552.0,2274933,53.8
COUNTRIES,AUS,Australia,2021,PCV3,Pneumococcal conjugate vaccine - 3rd dose,WUENIC,WHO/UNICEF Estimates of National Immunization Coverage,,1554897,67.6
COUNTRIES,AUS,Australia,2022,BCG,Bacille Calmette-Guerin (Tuberculosis),ADMIN,Administrative coverage (doses given / target population),577124.0,362552,62.8
COUNTRIES,AUS,Australia,2022,BCG,Bacille Calmette-Guerin (Tuberculosis),OFFICIAL,Official country-reported coverage estimate,1742887.0,1082721,62.1
COUNTRIES,AUS,Australia,2022,BCG,Bacille Calmette-Guerin (Tuberculosis),WUENIC,WHO/UNICEF Estimates of National Immunization Coverage,323367.0,209369,64.7
COUNTRIES,AUS,Australia,2022,DTP1,Diphtheria/Tetanus/Pertussis - 1st dose,ADMIN,Administrative coverage (doses given / target population),4781793.0,2898247,60.6
COUNTRIES,AUS,Australia,2022,DTP1,Diphtheria/Tetanus/Pertussis - 1st dose,OFFICIAL,Official country-reported coverage estimate,292221.0,194720,66.6
COUNTRIES,AUS,Australia,2022,DTP1,Diphtheria/Tetanus/Pertussis - 1st dose,WUENIC,WHO/UNICEF Estimates of National Immunization Coverage,2871974.0,1968977,68.6
COUNTRIES,AUS,Australia,2022,DTP3,Diphtheria/Tetanus/Pertussis - 3rd dose,ADMIN,Administrative coverage (doses given / target population),3524716.0,2635650,74.8
COUNTRIES,AUS,Australia,2022,DTP3,Diphtheria/Tetanus/Pertussis - 3rd dose,OFFICIAL,Official country-reported coverage estimate,1836929.0,1236953,67.3
COUNTRIES,AUS,Australia,2022,DTP3,Diphtheria/Tetanus/Pertussis - 3rd dose,WUENIC,WHO/UNICEF Estimates of National Immunization Coverage,625819.0,333381,53.3
COUNTRIES,AUS,Australia,2022,MCV1,Measles-containing vaccine - 1st dose,ADMIN,Administrative coverage (doses given / target population),3943065.0,2833947,71.9
COUNTRIES,AUS,Australia,2022,MCV1,Measles-containing vaccine - 1st dose,OFFICIAL,Official country-reported coverage estimate,4748699.0,2753778,58.0
COUNTRIES,AUS,Australia,2022,MCV1,Measles-containing vaccine - 1st dose,WUENIC,WHO/UNICEF Estimates of National Immunization Coverage,489937.0,339636,69.3
COUNTRIES,AUS,Australia,2022,MCV2,Measles-containing vaccine - 2nd dose (booster),ADMIN,Administrative coverage (doses given / target population),203063.0,154549,76.1
COUNTRIES,AUS,Australia,2022,MCV2,Measles-containing vaccine - 2nd dose (booster),OFFICIAL,Official country-reported coverage estimate,3060618.0,1941373,63.4
COUNTRIES,AUS,Australia,2022,MCV2,Measles-containing vaccine - 2nd dose (booster),WUENIC,WHO/UNICEF Estimates of National Immunization Coverage,3538648.0,2370080,67.0
COUNTRIES,AUS,Australia,2022,POL3,Polio - 3rd dose,ADMIN,Administrative coverage (doses given / target population),2372757.0,1574708,66.4
COUNTRIES,AUS,Australia,2022,POL3,Polio - 3rd dose,OFFICIAL,Official country-reported coverage estimate,365698.0,269107,73.6
COUNTRIES,AUS,Australia,2022,POL3,Polio - 3rd dose,WUENIC,WHO/UNICEF Estimates of National Immunization Coverage,4858285.0,3304248,68.0
COUNTRIES,AUS,Australia,2022,HEPB3,Hepatitis B - 3rd dose,ADMIN,Administrative coverage (doses given / target population),3516269.0,2460085,70.0
COUNTRIES,AUS,Australia,2022,HEPB3,Hepatitis B - 3rd dose,OFFICIAL,Official country-reported coverage estimate,4884970.0,3533295,72.3
COUNTRIES,AUS,Australia,2022,HEPB3,Hepatitis B - 3rd dose,WUENIC,WHO/UNICEF Estimates of National Immunization Coverage,251011.0,171152,68.2
COUNTRIES,AUS,Australia,2022,PCV3,Pneumococcal conjugate vaccine - 3rd dose,ADMIN,Administrative coverage (doses given / target population),1049371.0,718360,68.5
COUNTRIES,AUS,Australia,2022,PCV3,Pneumococcal conjugate vaccine - 3rd dose,OFFICIAL,Official country-reported coverage estimate,3977321.0,2766231,69.6
COUNTRIES,AUS,Australia,2022,PCV3,Pneumococcal conjugate vaccine - 3rd dose,WUENIC,WHO/UNICEF Estimates of National Immunization Coverage,2213770.0,1405900,63.5
COUNTRIES,AUS,Australia,2023,BCG,Bacille Calmette-Guerin (Tuberculosis),ADMIN,Administrative coverage (doses given / target population),2777621.0,2084272,75.0
COUNTRIES,AUS,Australia,2023,BCG,Bacille Calmette-Guerin (Tuberculosis),OFFICIAL,Official country-reported coverage estimate,4527551.0,2786883,61.6
COUNTRIES,AUS,Australia,2023,BCG,Bacille Calmette-Guerin (Tuberculosis),WUENIC,WHO/UNICEF Estimates of National Immunization Coverage,3287645.0,2261139,68.8
COUNTRIES,AUS,Australia,2023,DTP1,Diphtheria/Tetanus/Pertussis - 1st dose,ADMIN,Administrative coverage (doses given / target population),3049504.0,1959246,64.2
COUNTRIES,AUS,Australia,2023,DTP1,Diphtheria/Tetanus/Pertussis - 1st dose,OFFICIAL,Official country-reported coverage estimate,2281822.0,1676177,73.5
COUNTRIES,AUS,Australia,2023,DTP1,Diphtheria/Tetanus/Pertussis - 1st dose,WUENIC,WHO/UNICEF Estimates of National Immunization Coverage,2139169.0,1463173,68.4
COUNTRIES,AUS,Australia,2023,DTP3,Diphtheria/Tetanus/Pertussis - 3rd dose,ADMIN,Administrative coverage (doses given / target population),3180917.0,1577524,49.6
COUNTRIES,AUS,Australia,2023,DTP3,Diphtheria/Tetanus/Pertussis - 3rd dose,OFFICIAL,Official country-reported coverage estimate,1305991.0,910554,69.7
COUNTRIES,AUS,Australia,2023,DTP3,Diphtheria/Tetanus/Pertussis - 3rd dose,WUENIC,WHO/UNICEF Estimates of National Immunization Coverage,910669.0,641870,70.5
COUNTRIES,AUS,Australia,2023,MCV1,Measles-containing vaccine - 1st dose,ADMIN,Administrative coverage (doses given / target population),1775112.0,1179209,66.4
COUNTRIES,AUS,Australia,2023,MCV1,Measles-containing vaccine - 1st dose,OFFICIAL,Official country-reported coverage estimate,2366565.0,1578445,66.7
COUNTRIES,AUS,Australia,2023,MCV1,Measles-containing vaccine - 1st dose,WUENIC,WHO/UNICEF Estimates of National Immunization Coverage,2823748.0,1876791,66.5
COUNTRIES,AUS,Australia,2023,MCV2,Measles-containing vaccine - 2nd dose (booster),ADMIN,Administrative coverage (doses given / target population),4820104.0,2897954,60.1
COUNTRIES,AUS,Australia,2023,MCV2,Measles-containing vaccine - 2nd dose (booster),OFFICIAL,Official country-reported coverage estimate,1941950.0,1188096,61.2
COUNTRIES,AUS,Australia,2023,MCV2,Measles-containing vaccine - 2nd dose (booster),WUENIC,WHO/UNICEF Estimates of National Immunization Coverage,4984751.0,3825486,
COUNTRIES,AUS,Australia,2023,POL3,Polio - 3rd dose,ADMIN,Administrative coverage (doses given / target population),2649317.0,1828318,69.0
COUNTRIES,AUS,Australia,2023,POL3,Polio - 3rd dose,OFFICIAL,Official country-reported coverage estimate,4261132.0,2753147,64.6
COUNTRIES,AUS,Australia,2023,POL3,Polio - 3rd dose,WUENIC,WHO/UNICEF Estimates of National Immunization Coverage,3733484.0,2736955,73.3
COUNTRIES,AUS,Australia,2023,HEPB3,Hepatitis B - 3rd dose,ADMIN,Administrative coverage (doses given / target population),2511565.0,1372783,54.7
COUNTRIES,AUS,Australia,2023,HEPB3,Hepatitis B - 3rd dose,OFFICIAL,Official country-reported coverage estimate,2061434.0,1388664,67.4
COUNTRIES,AUS,Australia,2023,HEPB3,Hepatitis B - 3rd dose,WUENIC,WHO/UNICEF Estimates of National Immunization Coverage,1874684.0,1294930,69.1
COUNTRIES,AUS,Australia,2023,PCV3,Pneumococcal conjugate vaccine - 3rd dose,ADMIN,Administrative coverage (doses given / target population),4778095.0,2707455,56.7
COUNTRIES,AUS,Australia,2023,PCV3,Pneumococcal conjugate vaccine - 3rd dose,OFFICIAL,Official country-reported coverage estimate,1162715.0,731174,62.9
COUNTRIES,AUS,Australia,2023,PCV3,Pneumococcal conjugate vaccine - 3rd dose,WUENIC,WHO/UNICEF Estimates of National Immunization Coverage,1584049.0,998792,63.1
COUNTRIES,MEX,Mexico,2023,MCV2,Measles-containing vaccine - 2nd dose (booster),ADMIN,Administrative coverage (doses given / target population),1272200.0,1260973,99.1
COUNTRIES,AUS,Australia,2022,POL3,Polio - 3rd dose,WUENIC,WHO/UNICEF Estimates of National Immunization Coverage,4858285.0,3304248,68.0
COUNTRIES,BRA,Brazil,2017,DTP1,Diphtheria/Tetanus/Pertussis - 1st dose,ADMIN,Administrative coverage (doses given / target population),4980636.0,3761889,75.5
COUNTRIES,ETH,Ethiopia,2011,MCV1,Measles-containing vaccine - 1st dose,OFFICIAL,Official country-reported coverage estimate,1180264.0,1065062,90.2
COUNTRIES,IDN,Indonesia,2022,BCG,Bacille Calmette-Guerin (Tuberculosis),WUENIC,WHO/UNICEF Estimates of National Immunization Coverage,3674187.0,3101795,84.4
COUNTRIES,IDN,Indonesia,2021,PCV3,Pneumococcal conjugate vaccine - 3rd dose,ADMIN,Administrative coverage (doses given / target population),2044194.0,1645622,80.5
COUNTRIES,CHN,China,2018,DTP1,Diphtheria/Tetanus/Pertussis - 1st dose,ADMIN,Administrative coverage (doses given / target population),2069226.0,1435628,69.4
COUNTRIES,PAK,Pakistan,2022,PCV3,Pneumococcal conjugate vaccine - 3rd dose,ADMIN,Administrative coverage (doses given / target population),295229.0,118662,40.2
COUNTRIES,USA,United States of America,2010,MCV2,Measles-containing vaccine - 2nd dose (booster),OFFICIAL,Official country-reported coverage estimate,2373168.0,1342352,56.6
COUNTRIES,IND,India,2021,PCV3,Pneumococcal conjugate vaccine - 3rd dose,ADMIN,Administrative coverage (doses given / target population),504018.0,408087,81.0
COUNTRIES,ETH,Ethiopia,2021,MCV2,Measles-containing vaccine - 2nd dose (booster),WUENIC,WHO/UNICEF Estimates of National Immunization Coverage,1582240.0,1582240,100.0
COUNTRIES,BGD,Bangladesh,2013,POL3,Polio - 3rd dose,OFFICIAL,Official country-reported coverage estimate,1438913.0,1232063,85.6
COUNTRIES,PAK,Pakistan,2015,MCV2,Measles-containing vaccine - 2nd dose (booster),OFFICIAL,Official country-reported coverage estimate,2716238.0,1374120,50.6
COUNTRIES,ZAF,South Africa,2011,POL3,Polio - 3rd dose,OFFICIAL,Official country-reported coverage estimate,592358.0,336017,56.7
COUNTRIES,IDN,Indonesia,2010,MCV2,Measles-containing vaccine - 2nd dose (booster),WUENIC,WHO/UNICEF Estimates of National Immunization Coverage,4953592.0,4192534,84.6
COUNTRIES,BGD,Bangladesh,2021,BCG,Bacille Calmette-Guerin (Tuberculosis),WUENIC,WHO/UNICEF Estimates of National Immunization Coverage,4786536.0,3563862,74.5
COUNTRIES,IDN,Indonesia,2020,BCG,Bacille Calmette-Guerin (Tuberculosis),ADMIN,Administrative coverage (doses given / target population),180659.0,136901,75.8
COUNTRIES,AUS,Australia,2012,HEPB3,Hepatitis B - 3rd dose,OFFICIAL,Official country-reported coverage estimate,1773201.0,1182004,66.7
COUNTRIES,DEU,Germany,2015,DTP1,Diphtheria/Tetanus/Pertussis - 1st dose,OFFICIAL,Official country-reported coverage estimate,913858.0,428167,46.9
COUNTRIES,AUS,Australia,2017,DTP1,Diphtheria/Tetanus/Pertussis - 1st dose,WUENIC,WHO/UNICEF Estimates of National Immunization Coverage,1875002.0,1156377,61.7
COUNTRIES,IDN,Indonesia,2015,BCG,Bacille Calmette-Guerin (Tuberculosis),ADMIN,Administrative coverage (doses given / target population),4409974.0,3331242,75.5
COUNTRIES,CHN,China,2011,MCV2,Measles-containing vaccine - 2nd dose (booster),ADMIN,Administrative coverage (doses given / target population),2073905.0,1393183,67.2
COUNTRIES,EGY,Egypt,2018,MCV1,Measles-containing vaccine - 1st dose,ADMIN,Administrative coverage (doses given / target population),3797969.0,3637036,95.8
COUNTRIES,AUS,Australia,2020,BCG,Bacille Calmette-Guerin (Tuberculosis),ADMIN,Administrative coverage (doses given / target population),85496.0,54587,63.8
COUNTRIES,AUS,Australia,2010,HEPB3,Hepatitis B - 3rd dose,OFFICIAL,Official country-reported coverage estimate,2731551.0,1572597,57.6
COUNTRIES,CHN,China,2020,POL3,Polio - 3rd dose,ADMIN,Administrative coverage (doses given / target population),1212980.0,704989,58.1
COUNTRIES,ETH,Ethiopia,2023,POL3,Polio - 3rd dose,ADMIN,Administrative coverage (doses given / target population),1617685.0,1617685,100.0
COUNTRIES,USA,United States of America,2019,PCV3,Pneumococcal conjugate vaccine - 3rd dose,ADMIN,Administrative coverage (doses given / target population),4776747.0,2730229,57.2
COUNTRIES,ETH,Ethiopia,2020,HEPB3,Hepatitis B - 3rd dose,ADMIN,Administrative coverage (doses given / target population),548769.0,543126,99.0
COUNTRIES,BGD,Bangladesh,2019,PCV3,Pneumococcal conjugate vaccine - 3rd dose,ADMIN,Administrative coverage (doses given / target population),1716520.0,1485456,86.5
COUNTRIES,AUS,Australia,2011,DTP3,Diphtheria/Tetanus/Pertussis - 3rd dose,OFFICIAL,Official country-reported coverage estimate,3855654.0,2007144,52.1
COUNTRIES,CHN,China,2010,HEPB3,Hepatitis B - 3rd dose,ADMIN,Administrative coverage (doses given / target population),4251412.0,2428541,57.1
COUNTRIES,USA,United States of America,2022,HEPB3,Hepatitis B - 3rd dose,OFFICIAL,Official country-reported coverage estimate,3213117.0,1890020,58.8
COUNTRIES,IDN,Indonesia,2018,POL3,Polio - 3rd dose,WUENIC,WHO/UNICEF Estimates of National Immunization Coverage,537236.0,390032,72.6
COUNTRIES,AUS,Australia,2020,DTP3,Diphtheria/Tetanus/Pertussis - 3rd dose,ADMIN,Administrative coverage (doses given / target population),4278491.0,2658504,62.1
COUNTRIES,IDN,Indonesia,2012,DTP3,Diphtheria/Tetanus/Pertussis - 3rd dose,OFFICIAL,Official country-reported coverage estimate,2160422.0,1568608,
COUNTRIES,EGY,Egypt,2014,BCG,Bacille Calmette-Guerin (Tuberculosis),OFFICIAL,Official country-reported coverage estimate,1870315.0,1544674,82.6
COUNTRIES,MEX,Mexico,2022,MCV1,Measles-containing vaccine - 1st dose,OFFICIAL,Official country-reported coverage estimate,4863687.0,4854934,99.8
COUNTRIES,ZAF,South Africa,2015,MCV2,Measles-containing vaccine - 2nd dose (booster),ADMIN,Administrative coverage (doses given / target population),2053044.0,1278389,62.3
COUNTRIES,DEU,Germany,2019,DTP1,Diphtheria/Tetanus/Pertussis - 1st dose,OFFICIAL,Official country-reported coverage estimate,4527858.0,2085368,46.1
COUNTRIES,USA,United States of America,2017,MCV2,Measles-containing vaccine - 2nd dose (booster),ADMIN,Administrative coverage (doses given / target population),3893254.0,2275592,58.4
COUNTRIES,IND,India,2014,MCV2,Measles-containing vaccine - 2nd dose (booster),ADMIN,Administrative coverage (doses given / target population),4235931.0,3552821,83.9
COUNTRIES,ETH,Ethiopia,2014,MCV1,Measles-containing vaccine - 1st dose,ADMIN,Administrative coverage (doses given / target population),4499196.0,4191186,93.2
COUNTRIES,IDN,Indonesia,2011,PCV3,Pneumococcal conjugate vaccine - 3rd dose,WUENIC,WHO/UNICEF Estimates of National Immunization Coverage,2331988.0,1448223,62.1
COUNTRIES,IDN,Indonesia,2017,PCV3,Pneumococcal conjugate vaccine - 3rd dose,OFFICIAL,Official country-reported coverage estimate,,1143001,78.3
COUNTRIES,DEU,Germany,2013,POL3,Polio - 3rd dose,OFFICIAL,Official country-reported coverage estimate,2333396.0,1309259,56.1
COUNTRIES,IND,India,2020,DTP3,Diphtheria/Tetanus/Pertussis - 3rd dose,WUENIC,WHO/UNICEF Estimates of National Immunization Coverage,2184942.0,1690655,77.4
COUNTRIES,PAK,Pakistan,2011,DTP3,Diphtheria/Tetanus/Pertussis - 3rd dose,OFFICIAL,Official country-reported coverage estimate,2108544.0,686477,32.6
COUNTRIES,CHN,China,2023,MCV2,Measles-containing vaccine - 2nd dose (booster),OFFICIAL,Official country-reported coverage estimate,4635638.0,3062506,66.1
COUNTRIES,DEU,Germany,2017,PCV3,Pneumococcal conjugate vaccine - 3rd dose,OFFICIAL,Official country-reported coverage estimate,3418035.0,1907552,55.8
