ISO_3_Code,Country_Name,Who_Region,Year,Description,Intro
IND,India,SEARO,2010,Bacille Calmette-Guerin (Tuberculosis),Yes
IND,India,SEARO,2011,Bacille Calmette-Guerin (Tuberculosis),Yes
IND,India,SEARO,2012,Bacille Calmette-Guerin (Tuberculosis),Yes
IND,India,SEARO,2013,Bacille Calmette-Guerin (Tuberculosis),Yes
IND,India,SEARO,2014,Bacille Calmette-Guerin (Tuberculosis),Yes
IND,India,SEARO,2015,Bacille Calmette-Guerin (Tuberculosis),Yes
IND,India,SEARO,2016,Bacille Calmette-Guerin (Tuberculosis),Yes
IND,India,SEARO,2017,Bacille Calmette-Guerin (Tuberculosis),Yes
IND,India,SEARO,2018,Bacille Calmette-Guerin (Tuberculosis),Yes
IND,India,SEARO,2019,Bacille Calmette-Guerin (Tuberculosis),Yes
IND,India,SEARO,2020,Bacille Calmette-Guerin (Tuberculosis),Yes
IND,India,SEARO,2021,Bacille Calmette-Guerin (Tuberculosis),Yes
IND,India,SEARO,2022,Bacille Calmette-Guerin (Tuberculosis),Yes
IND,India,SEARO,2023,Bacille Calmette-Guerin (Tuberculosis),Yes
IND,India,SEARO,2010,Diphtheria/Tetanus/Pertussis - 1st dose,No
IND,India,SEARO,2011,Diphtheria/Tetanus/Pertussis - 1st dose,No
IND,India,SEARO,2012,Diphtheria/Tetanus/Pertussis - 1st dose,No
IND,India,SEARO,2013,Diphtheria/Tetanus/Pertussis - 1st dose,No
IND,India,SEARO,2014,Diphtheria/Tetanus/Pertussis - 1st dose,Yes
IND,India,SEARO,2015,Diphtheria/Tetanus/Pertussis - 1st dose,Yes
IND,India,SEARO,2016,Diphtheria/Tetanus/Pertussis - 1st dose,Yes
IND,India,SEARO,2017,Diphtheria/Tetanus/Pertussis - 1st dose,Yes
IND,India,SEARO,2018,Diphtheria/Tetanus/Pertussis - 1st dose,Yes
IND,India,SEARO,2019,Diphtheria/Tetanus/Pertussis - 1st dose,Yes
IND,India,SEARO,2020,Diphtheria/Tetanus/Pertussis - 1st dose,Yes
IND,India,SEARO,2021,Diphtheria/Tetanus/Pertussis - 1st dose,Yes
IND,India,SEARO,2022,Diphtheria/Tetanus/Pertussis - 1st dose,Yes
IND,India,SEARO,2023,Diphtheria/Tetanus/Pertussis - 1st dose,Yes
IND,India,SEARO,2010,Diphtheria/Tetanus/Pertussis - 3rd dose,No
IND,India,SEARO,2011,Diphtheria/Tetanus/Pertussis - 3rd dose,No
IND,India,SEARO,2012,Diphtheria/Tetanus/Pertussis - 3rd dose,No
IND,India,SEARO,2013,Diphtheria/Tetanus/Pertussis - 3rd dose,Yes
IND,India,SEARO,2014,Diphtheria/Tetanus/Pertussis - 3rd dose,Yes
IND,India,SEARO,2015,Diphtheria/Tetanus/Pertussis - 3rd dose,Yes
IND,India,SEARO,2016,Diphtheria/Tetanus/Pertussis - 3rd dose,Yes
IND,India,SEARO,2017,Diphtheria/Tetanus/Pertussis - 3rd dose,Yes
IND,India,SEARO,2018,Diphtheria/Tetanus/Pertussis - 3rd dose,Yes
IND,India,SEARO,2019,Diphtheria/Tetanus/Pertussis - 3rd dose,Yes
IND,India,SEARO,2020,Diphtheria/Tetanus/Pertussis - 3rd dose,Yes
IND,India,SEARO,2021,Diphtheria/Tetanus/Pertussis - 3rd dose,Yes
IND,India,SEARO,2022,Diphtheria/Tetanus/Pertussis - 3rd dose,Yes
IND,India,SEARO,2023,Diphtheria/Tetanus/Pertussis - 3rd dose,Yes
IND,India,SEARO,2010,Measles-containing vaccine - 1st dose,Yes
IND,India,SEARO,2011,Measles-containing vaccine - 1st dose,Yes
IND,India,SEARO,2012,Measles-containing vaccine - 1st dose,Yes
IND,India,SEARO,2013,Measles-containing vaccine - 1st dose,Yes
IND,India,SEARO,2014,Measles-containing vaccine - 1st dose,Yes
IND,India,SEARO,2015,Measles-containing vaccine - 1st dose,Yes
IND,India,SEARO,2016,Measles-containing vaccine - 1st dose,Yes
IND,India,SEARO,2017,Measles-containing vaccine - 1st dose,Yes
IND,India,SEARO,2018,Measles-containing vaccine - 1st dose,Yes
IND,India,SEARO,2019,Measles-containing vaccine - 1st dose,Yes
IND,India,SEARO,2020,Measles-containing vaccine - 1st dose,Yes
IND,India,SEARO,2021,Measles-containing vaccine - 1st dose,Yes
IND,India,SEARO,2022,Measles-containing vaccine - 1st dose,Yes
IND,India,SEARO,2023,Measles-containing vaccine - 1st dose,Yes
IND,India,SEARO,2010,Measles-containing vaccine - 2nd dose (booster),Yes
IND,India,SEARO,2011,Measles-containing vaccine - 2nd dose (booster),Yes
IND,India,SEARO,2012,Measles-containing vaccine - 2nd dose (booster),Yes
IND,India,SEARO,2013,Measles-containing vaccine - 2nd dose (booster),Yes
IND,India,SEARO,2014,Measles-containing vaccine - 2nd dose (booster),Yes
IND,India,SEARO,2015,Measles-containing vaccine - 2nd dose (booster),Yes
IND,India,SEARO,2016,Measles-containing vaccine - 2nd dose (booster),Yes
IND,India,SEARO,2017,Measles-containing vaccine - 2nd dose (booster),Yes
IND,India,SEARO,2018,Measles-containing vaccine - 2nd dose (booster),Yes
IND,India,SEARO,2019,Measles-containing vaccine - 2nd dose (booster),Yes
IND,India,SEARO,2020,Measles-containing vaccine - 2nd dose (booster),Yes
IND,India,SEARO,2021,Measles-containing vaccine - 2nd dose (booster),Yes
IND,India,SEARO,2022,Measles-containing vaccine - 2nd dose (booster),Yes
IND,India,SEARO,2023,Measles-containing vaccine - 2nd dose (booster),Yes
IND,India,SEARO,2010,Polio - 3rd dose,Yes
IND,India,SEARO,2011,Polio - 3rd dose,Yes
IND,India,SEARO,2012,Polio - 3rd dose,Yes
IND,India,SEARO,2013,Polio - 3rd dose,Yes
IND,India,SEARO,2014,Polio - 3rd dose,Yes
IND,India,SEARO,2015,Polio - 3rd dose,Yes
IND,India,SEARO,2016,Polio - 3rd dose,Yes
IND,India,SEARO,2017,Polio - 3rd dose,Yes
IND,India,SEARO,2018,Polio - 3rd dose,Yes
IND,India,SEARO,2019,Polio - 3rd dose,Yes
IND,India,SEARO,2020,Polio - 3rd dose,Yes
IND,India,SEARO,2021,Polio - 3rd dose,Yes
IND,India,SEARO,2022,Polio - 3rd dose,Yes
IND,India,SEARO,2023,Polio - 3rd dose,Yes
IND,India,SEARO,2010,Hepatitis B - 3rd dose,Yes
IND,India,SEARO,2011,Hepatitis B - 3rd dose,Yes
IND,India,SEARO,2012,Hepatitis B - 3rd dose,Yes
IND,India,SEARO,2013,Hepatitis B - 3rd dose,Yes
IND,India,SEARO,2014,Hepatitis B - 3rd dose,Yes
IND,India,SEARO,2015,Hepatitis B - 3rd dose,Yes
IND,India,SEARO,2016,Hepatitis B - 3rd dose,Yes
IND,India,SEARO,2017,Hepatitis B - 3rd dose,Yes
IND,India,SEARO,2018,Hepatitis B - 3rd dose,Yes
IND,India,SEARO,2019,Hepatitis B - 3rd dose,Yes
IND,India,SEARO,2020,Hepatitis B - 3rd dose,Yes
IND,India,SEARO,2021,Hepatitis B - 3rd dose,Yes
IND,India,SEARO,2022,Hepatitis B - 3rd dose,Yes
IND,India,SEARO,2023,Hepatitis B - 3rd dose,Yes
IND,India,SEARO,2010,Pneumococcal conjugate vaccine - 3rd dose,No
IND,India,SEARO,2011,Pneumococcal conjugate vaccine - 3rd dose,No
IND,India,SEARO,2012,Pneumococcal conjugate vaccine - 3rd dose,Yes
IND,India,SEARO,2013,Pneumococcal conjugate vaccine - 3rd dose,Yes
IND,India,SEARO,2014,Pneumococcal conjugate vaccine - 3rd dose,Yes
IND,India,SEARO,2015,Pneumococcal conjugate vaccine - 3rd dose,Yes
IND,India,SEARO,2016,Pneumococcal conjugate vaccine - 3rd dose,Yes
IND,India,SEARO,2017,Pneumococcal conjugate vaccine - 3rd dose,Yes
IND,India,SEARO,2018,Pneumococcal conjugate vaccine - 3rd dose,Yes
IND,India,SEARO,2019,Pneumococcal conjugate vaccine - 3rd dose,Yes
IND,India,SEARO,2020,Pneumococcal conjugate vaccine - 3rd dose,Yes
IND,India,SEARO,2021,Pneumococcal conjugate vaccine - 3rd dose,Yes
IND,India,SEARO,2022,Pneumococcal conjugate vaccine - 3rd dose,Yes
IND,India,SEARO,2023,Pneumococcal conjugate vaccine - 3rd dose,Yes
USA,United States of America,AMRO,2010,Bacille Calmette-Guerin (Tuberculosis),No
USA,United States of America,AMRO,2011,Bacille Calmette-Guerin (Tuberculosis),No
USA,United States of America,AMRO,2012,Bacille Calmette-Guerin (Tuberculosis),No
USA,United States of America,AMRO,2013,Bacille Calmette-Guerin (Tuberculosis),No
USA,United States of America,AMRO,2014,Bacille Calmette-Guerin (Tuberculosis),Yes
USA,United States of America,AMRO,2015,Bacille Calmette-Guerin (Tuberculosis),Yes
USA,United States of America,AMRO,2016,Bacille Calmette-Guerin (Tuberculosis),Yes
USA,United States of America,AMRO,2017,Bacille Calmette-Guerin (Tuberculosis),Yes
USA,United States of America,AMRO,2018,Bacille Calmette-Guerin (Tuberculosis),Yes
USA,United States of America,AMRO,2019,Bacille Calmette-Guerin (Tuberculosis),Yes
USA,United States of America,AMRO,2020,Bacille Calmette-Guerin (Tuberculosis),Yes
USA,United States of America,AMRO,2021,Bacille Calmette-Guerin (Tuberculosis),Yes
USA,United States of America,AMRO,2022,Bacille Calmette-Guerin (Tuberculosis),Yes
USA,United States of America,AMRO,2023,Bacille Calmette-Guerin (Tuberculosis),Yes
USA,United States of America,AMRO,2010,Diphtheria/Tetanus/Pertussis - 1st dose,Yes
USA,United States of America,AMRO,2011,Diphtheria/Tetanus/Pertussis - 1st dose,Yes
USA,United States of America,AMRO,2012,Diphtheria/Tetanus/Pertussis - 1st dose,Yes
USA,United States of America,AMRO,2013,Diphtheria/Tetanus/Pertussis - 1st dose,Yes
USA,United States of America,AMRO,2014,Diphtheria/Tetanus/Pertussis - 1st dose,Yes
USA,United States of America,AMRO,2015,Diphtheria/Tetanus/Pertussis - 1st dose,Yes
USA,United States of America,AMRO,2016,Diphtheria/Tetanus/Pertussis - 1st dose,Yes
USA,United States of America,AMRO,2017,Diphtheria/Tetanus/Pertussis - 1st dose,Yes
USA,United States of America,AMRO,2018,Diphtheria/Tetanus/Pertussis - 1st dose,Yes
USA,United States of America,AMRO,2019,Diphtheria/Tetanus/Pertussis - 1st dose,Yes
USA,United States of America,AMRO,2020,Diphtheria/Tetanus/Pertussis - 1st dose,Yes
USA,United States of America,AMRO,2021,Diphtheria/Tetanus/Pertussis - 1st dose,Yes
USA,United States of America,AMRO,2022,Diphtheria/Tetanus/Pertussis - 1st dose,Yes
USA,United States of America,AMRO,2023,Diphtheria/Tetanus/Pertussis - 1st dose,Yes
USA,United States of America,AMRO,2010,Diphtheria/Tetanus/Pertussis - 3rd dose,Yes
USA,United States of America,AMRO,2011,Diphtheria/Tetanus/Pertussis - 3rd dose,Yes
USA,United States of America,AMRO,2012,Diphtheria/Tetanus/Pertussis - 3rd dose,Yes
USA,United States of America,AMRO,2013,Diphtheria/Tetanus/Pertussis - 3rd dose,Yes
USA,United States of America,AMRO,2014,Diphtheria/Tetanus/Pertussis - 3rd dose,Yes
USA,United States of America,AMRO,2015,Diphtheria/Tetanus/Pertussis - 3rd dose,Yes
USA,United States of America,AMRO,2016,Diphtheria/Tetanus/Pertussis - 3rd dose,Yes
USA,United States of America,AMRO,2017,Diphtheria/Tetanus/Pertussis - 3rd dose,Yes
USA,United States of America,AMRO,2018,Diphtheria/Tetanus/Pertussis - 3rd dose,Yes
USA,United States of America,AMRO,2019,Diphtheria/Tetanus/Pertussis - 3rd dose,Yes
USA,United States of America,AMRO,2020,Diphtheria/Tetanus/Pertussis - 3rd dose,Yes
USA,United States of America,AMRO,2021,Diphtheria/Tetanus/Pertussis - 3rd dose,Yes
USA,United States of America,AMRO,2022,Diphtheria/Tetanus/Pertussis - 3rd dose,Yes
USA,United States of America,AMRO,2023,Diphtheria/Tetanus/Pertussis - 3rd dose,Yes
USA,United States of America,AMRO,2010,Measles-containing vaccine - 1st dose,No
USA,United States of America,AMRO,2011,Measles-containing vaccine - 1st dose,No
USA,United States of America,AMRO,2012,Measles-containing vaccine - 1st dose,No
USA,United States of America,AMRO,2013,Measles-containing vaccine - 1st dose,No
USA,United States of America,AMRO,2014,Measles-containing vaccine - 1st dose,Yes
USA,United States of America,AMRO,2015,Measles-containing vaccine - 1st dose,Yes
USA,United States of America,AMRO,2016,Measles-containing vaccine - 1st dose,Yes
USA,United States of America,AMRO,2017,Measles-containing vaccine - 1st dose,Yes
USA,United States of America,AMRO,2018,Measles-containing vaccine - 1st dose,Yes
USA,United States of America,AMRO,2019,Measles-containing vaccine - 1st dose,Yes
USA,United States of America,AMRO,2020,Measles-containing vaccine - 1st dose,Yes
USA,United States of America,AMRO,2021,Measles-containing vaccine - 1st dose,Yes
USA,United States of America,AMRO,2022,Measles-containing vaccine - 1st dose,Yes
USA,United States of America,AMRO,2023,Measles-containing vaccine - 1st dose,Yes
USA,United States of America,AMRO,2010,Measles-containing vaccine - 2nd dose (booster),Yes
USA,United States of America,AMRO,2011,Measles-containing vaccine - 2nd dose (booster),Yes
USA,United States of America,AMRO,2012,Measles-containing vaccine - 2nd dose (booster),Yes
USA,United States of America,AMRO,2013,Measles-containing vaccine - 2nd dose (booster),Yes
USA,United States of America,AMRO,2014,Measles-containing vaccine - 2nd dose (booster),Yes
USA,United States of America,AMRO,2015,Measles-containing vaccine - 2nd dose (booster),Yes
USA,United States of America,AMRO,2016,Measles-containing vaccine - 2nd dose (booster),Yes
USA,United States of America,AMRO,2017,Measles-containing vaccine - 2nd dose (booster),Yes
USA,United States of America,AMRO,2018,Measles-containing vaccine - 2nd dose (booster),Yes
USA,United States of America,AMRO,2019,Measles-containing vaccine - 2nd dose (booster),Yes
USA,United States of America,AMRO,2020,Measles-containing vaccine - 2nd dose (booster),Yes
USA,United States of America,AMRO,2021,Measles-containing vaccine - 2nd dose (booster),Yes
USA,United States of America,AMRO,2022,Measles-containing vaccine - 2nd dose (booster),Yes
USA,United States of America,AMRO,2023,Measles-containing vaccine - 2nd dose (booster),Yes
USA,United States of America,AMRO,2010,Polio - 3rd dose,Yes
USA,United States of America,AMRO,2011,Polio - 3rd dose,Yes
USA,United States of America,AMRO,2012,Polio - 3rd dose,Yes
USA,United States of America,AMRO,2013,Polio - 3rd dose,Yes
USA,United States of America,AMRO,2014,Polio - 3rd dose,Yes
USA,United States of America,AMRO,2015,Polio - 3rd dose,Yes
USA,United States of America,AMRO,2016,Polio - 3rd dose,Yes
USA,United States of America,AMRO,2017,Polio - 3rd dose,Yes
USA,United States of America,AMRO,2018,Polio - 3rd dose,Yes
USA,United States of America,AMRO,2019,Polio - 3rd dose,Yes
USA,United States of America,AMRO,2020,Polio - 3rd dose,Yes
USA,United States of America,AMRO,2021,Polio - 3rd dose,Yes
USA,United States of America,AMRO,2022,Polio - 3rd dose,Yes
USA,United States of America,AMRO,2023,Polio - 3rd dose,Yes
USA,United States of America,AMRO,2010,Hepatitis B - 3rd dose,No
USA,United States of America,AMRO,2011,Hepatitis B - 3rd dose,Yes
USA,United States of America,AMRO,2012,Hepatitis B - 3rd dose,Yes
USA,United States of America,AMRO,2013,Hepatitis B - 3rd dose,Yes
USA,United States of America,AMRO,2014,Hepatitis B - 3rd dose,Yes
USA,United States of America,AMRO,2015,Hepatitis B - 3rd dose,Yes
USA,United States of America,AMRO,2016,Hepatitis B - 3rd dose,Yes
USA,United States of America,AMRO,2017,Hepatitis B - 3rd dose,Yes
USA,United States of America,AMRO,2018,Hepatitis B - 3rd dose,Yes
USA,United States of America,AMRO,2019,Hepatitis B - 3rd dose,Yes
USA,United States of America,AMRO,2020,Hepatitis B - 3rd dose,Yes
USA,United States of America,AMRO,2021,Hepatitis B - 3rd dose,Yes
USA,United States of America,AMRO,2022,Hepatitis B - 3rd dose,Yes
USA,United States of America,AMRO,2023,Hepatitis B - 3rd dose,Yes
USA,United States of America,AMRO,2010,Pneumococcal conjugate vaccine - 3rd dose,Yes
USA,United States of America,AMRO,2011,Pneumococcal conjugate vaccine - 3rd dose,Yes
USA,United States of America,AMRO,2012,Pneumococcal conjugate vaccine - 3rd dose,Yes
USA,United States of America,AMRO,2013,Pneumococcal conjugate vaccine - 3rd dose,Yes
USA,United States of America,AMRO,2014,Pneumococcal conjugate vaccine - 3rd dose,Yes
USA,United States of America,AMRO,2015,Pneumococcal conjugate vaccine - 3rd dose,Yes
USA,United States of America,AMRO,2016,Pneumococcal conjugate vaccine - 3rd dose,Yes
USA,United States of America,AMRO,2017,Pneumococcal conjugate vaccine - 3rd dose,Yes
USA,United States of America,AMRO,2018,Pneumococcal conjugate vaccine - 3rd dose,Yes
USA,United States of America,AMRO,2019,Pneumococcal conjugate vaccine - 3rd dose,Yes
USA,United States of America,AMRO,2020,Pneumococcal conjugate vaccine - 3rd dose,Yes
USA,United States of America,AMRO,2021,Pneumococcal conjugate vaccine - 3rd dose,Yes
USA,United States of America,AMRO,2022,Pneumococcal conjugate vaccine - 3rd dose,Yes
USA,United States of America,AMRO,2023,Pneumococcal conjugate vaccine - 3rd dose,Yes
NGA,Nigeria,AFRO,2010,Bacille Calmette-Guerin (Tuberculosis),Yes
NGA,Nigeria,AFRO,2011,Bacille Calmette-Guerin (Tuberculosis),Yes
NGA,Nigeria,AFRO,2012,Bacille Calmette-Guerin (Tuberculosis),Yes
NGA,Nigeria,AFRO,2013,Bacille Calmette-Guerin (Tuberculosis),Yes
NGA,Nigeria,AFRO,2014,Bacille Calmette-Guerin (Tuberculosis),Yes
NGA,Nigeria,AFRO,2015,Bacille Calmette-Guerin (Tuberculosis),Yes
NGA,Nigeria,AFRO,2016,Bacille Calmette-Guerin (Tuberculosis),Yes
NGA,Nigeria,AFRO,2017,Bacille Calmette-Guerin (Tuberculosis),Yes
NGA,Nigeria,AFRO,2018,Bacille Calmette-Guerin (Tuberculosis),Yes
NGA,Nigeria,AFRO,2019,Bacille Calmette-Guerin (Tuberculosis),Yes
NGA,Nigeria,AFRO,2020,Bacille Calmette-Guerin (Tuberculosis),Yes
NGA,Nigeria,AFRO,2021,Bacille Calmette-Guerin (Tuberculosis),Yes
NGA,Nigeria,AFRO,2022,Bacille Calmette-Guerin (Tuberculosis),Yes
NGA,Nigeria,AFRO,2023,Bacille Calmette-Guerin (Tuberculosis),Yes
NGA,Nigeria,AFRO,2010,Diphtheria/Tetanus/Pertussis - 1st dose,Yes
NGA,Nigeria,AFRO,2011,Diphtheria/Tetanus/Pertussis - 1st dose,Yes
NGA,Nigeria,AFRO,2012,Diphtheria/Tetanus/Pertussis - 1st dose,Yes
NGA,Nigeria,AFRO,2013,Diphtheria/Tetanus/Pertussis - 1st dose,Yes
NGA,Nigeria,AFRO,2014,Diphtheria/Tetanus/Pertussis - 1st dose,Yes
NGA,Nigeria,AFRO,2015,Diphtheria/Tetanus/Pertussis - 1st dose,Yes
NGA,Nigeria,AFRO,2016,Diphtheria/Tetanus/Pertussis - 1st dose,Yes
NGA,Nigeria,AFRO,2017,Diphtheria/Tetanus/Pertussis - 1st dose,Yes
NGA,Nigeria,AFRO,2018,Diphtheria/Tetanus/Pertussis - 1st dose,Yes
NGA,Nigeria,AFRO,2019,Diphtheria/Tetanus/Pertussis - 1st dose,Yes
NGA,Nigeria,AFRO,2020,Diphtheria/Tetanus/Pertussis - 1st dose,Yes
NGA,Nigeria,AFRO,2021,Diphtheria/Tetanus/Pertussis - 1st dose,Yes
NGA,Nigeria,AFRO,2022,Diphtheria/Tetanus/Pertussis - 1st dose,Yes
NGA,Nigeria,AFRO,2023,Diphtheria/Tetanus/Pertussis - 1st dose,Yes
NGA,Nigeria,AFRO,2010,Diphtheria/Tetanus/Pertussis - 3rd dose,No
NGA,Nigeria,AFRO,2011,Diphtheria/Tetanus/Pertussis - 3rd dose,No
NGA,Nigeria,AFRO,2012,Diphtheria/Tetanus/Pertussis - 3rd dose,Yes
NGA,Nigeria,AFRO,2013,Diphtheria/Tetanus/Pertussis - 3rd dose,Yes
NGA,Nigeria,AFRO,2014,Diphtheria/Tetanus/Pertussis - 3rd dose,Yes
NGA,Nigeria,AFRO,2015,Diphtheria/Tetanus/Pertussis - 3rd dose,Yes
NGA,Nigeria,AFRO,2016,Diphtheria/Tetanus/Pertussis - 3rd dose,Yes
NGA,Nigeria,AFRO,2017,Diphtheria/Tetanus/Pertussis - 3rd dose,Yes
NGA,Nigeria,AFRO,2018,Diphtheria/Tetanus/Pertussis - 3rd dose,Yes
NGA,Nigeria,AFRO,2019,Diphtheria/Tetanus/Pertussis - 3rd dose,Yes
NGA,Nigeria,AFRO,2020,Diphtheria/Tetanus/Pertussis - 3rd dose,Yes
NGA,Nigeria,AFRO,2021,Diphtheria/Tetanus/Pertussis - 3rd dose,Yes
NGA,Nigeria,AFRO,2022,Diphtheria/Tetanus/Pertussis - 3rd dose,Yes
NGA,Nigeria,AFRO,2023,Diphtheria/Tetanus/Pertussis - 3rd dose,Yes
NGA,Nigeria,AFRO,2010,Measles-containing vaccine - 1st dose,No
NGA,Nigeria,AFRO,2011,Measles-containing vaccine - 1st dose,No
NGA,Nigeria,AFRO,2012,Measles-containing vaccine - 1st dose,No
NGA,Nigeria,AFRO,2013,Measles-containing vaccine - 1st dose,Yes
NGA,Nigeria,AFRO,2014,Measles-containing vaccine - 1st dose,Yes
NGA,Nigeria,AFRO,2015,Measles-containing vaccine - 1st dose,Yes
NGA,Nigeria,AFRO,2016,Measles-containing vaccine - 1st dose,Yes
NGA,Nigeria,AFRO,2017,Measles-containing vaccine - 1st dose,Yes
NGA,Nigeria,AFRO,2018,Measles-containing vaccine - 1st dose,Yes
NGA,Nigeria,AFRO,2019,Measles-containing vaccine - 1st dose,Yes
NGA,Nigeria,AFRO,2020,Measles-containing vaccine - 1st dose,Yes
NGA,Nigeria,AFRO,2021,Measles-containing vaccine - 1st dose,Yes
NGA,Nigeria,AFRO,2022,Measles-containing vaccine - 1st dose,Yes
NGA,Nigeria,AFRO,2023,Measles-containing vaccine - 1st dose,Yes
NGA,Nigeria,AFRO,2010,Measles-containing vaccine - 2nd dose (booster),Yes
NGA,Nigeria,AFRO,2011,Measles-containing vaccine - 2nd dose (booster),Yes
NGA,Nigeria,AFRO,2012,Measles-containing vaccine - 2nd dose (booster),Yes
NGA,Nigeria,AFRO,2013,Measles-containing vaccine - 2nd dose (booster),Yes
NGA,Nigeria,AFRO,2014,Measles-containing vaccine - 2nd dose (booster),Yes
NGA,Nigeria,AFRO,2015,Measles-containing vaccine - 2nd dose (booster),Yes
NGA,Nigeria,AFRO,2016,Measles-containing vaccine - 2nd dose (booster),Yes
NGA,Nigeria,AFRO,2017,Measles-containing vaccine - 2nd dose (booster),Yes
NGA,Nigeria,AFRO,2018,Measles-containing vaccine - 2nd dose (booster),Yes
NGA,Nigeria,AFRO,2019,Measles-containing vaccine - 2nd dose (booster),Yes
NGA,Nigeria,AFRO,2020,Measles-containing vaccine - 2nd dose (booster),Yes
NGA,Nigeria,AFRO,2021,Measles-containing vaccine - 2nd dose (booster),Yes
NGA,Nigeria,AFRO,2022,Measles-containing vaccine - 2nd dose (booster),Yes
NGA,Nigeria,AFRO,2023,Measles-containing vaccine - 2nd dose (booster),Yes
NGA,Nigeria,AFRO,2010,Polio - 3rd dose,Yes
NGA,Nigeria,AFRO,2011,Polio - 3rd dose,Yes
NGA,Nigeria,AFRO,2012,Polio - 3rd dose,Yes
NGA,Nigeria,AFRO,2013,Polio - 3rd dose,Yes
NGA,Nigeria,AFRO,2014,Polio - 3rd dose,Yes
NGA,Nigeria,AFRO,2015,Polio - 3rd dose,Yes
NGA,Nigeria,AFRO,2016,Polio - 3rd dose,Yes
NGA,Nigeria,AFRO,2017,Polio - 3rd dose,Yes
NGA,Nigeria,AFRO,2018,Polio - 3rd dose,Yes
NGA,Nigeria,AFRO,2019,Polio - 3rd dose,Yes
NGA,Nigeria,AFRO,2020,Polio - 3rd dose,Yes
NGA,Nigeria,AFRO,2021,Polio - 3rd dose,Yes
NGA,Nigeria,AFRO,2022,Polio - 3rd dose,Yes
NGA,Nigeria,AFRO,2023,Polio - 3rd dose,Yes
NGA,Nigeria,AFRO,2010,Hepatitis B - 3rd dose,Yes
NGA,Nigeria,AFRO,2011,Hepatitis B - 3rd dose,Yes
NGA,Nigeria,AFRO,2012,Hepatitis B - 3rd dose,Yes
NGA,Nigeria,AFRO,2013,Hepatitis B - 3rd dose,Yes
NGA,Nigeria,AFRO,2014,Hepatitis B - 3rd dose,Yes
NGA,Nigeria,AFRO,2015,Hepatitis B - 3rd dose,Yes
NGA,Nigeria,AFRO,2016,Hepatitis B - 3rd dose,Yes
NGA,Nigeria,AFRO,2017,Hepatitis B - 3rd dose,Yes
NGA,Nigeria,AFRO,2018,Hepatitis B - 3rd dose,Yes
NGA,Nigeria,AFRO,2019,Hepatitis B - 3rd dose,Yes
NGA,Nigeria,AFRO,2020,Hepatitis B - 3rd dose,Yes
NGA,Nigeria,AFRO,2021,Hepatitis B - 3rd dose,Yes
NGA,Nigeria,AFRO,2022,Hepatitis B - 3rd dose,Yes
NGA,Nigeria,AFRO,2023,Hepatitis B - 3rd dose,Yes
NGA,Nigeria,AFRO,2010,Pneumococcal conjugate vaccine - 3rd dose,Yes
NGA,Nigeria,AFRO,2011,Pneumococcal conjugate vaccine - 3rd dose,Yes
NGA,Nigeria,AFRO,2012,Pneumococcal conjugate vaccine - 3rd dose,Yes
NGA,Nigeria,AFRO,2013,Pneumococcal conjugate vaccine - 3rd dose,Yes
NGA,Nigeria,AFRO,2014,Pneumococcal conjugate vaccine - 3rd dose,Yes
NGA,Nigeria,AFRO,2015,Pneumococcal conjugate vaccine - 3rd dose,Yes
NGA,Nigeria,AFRO,2016,Pneumococcal conjugate vaccine - 3rd dose,Yes
NGA,Nigeria,AFRO,2017,Pneumococcal conjugate vaccine - 3rd dose,Yes
NGA,Nigeria,AFRO,2018,Pneumococcal conjugate vaccine - 3rd dose,Yes
NGA,Nigeria,AFRO,2019,Pneumococcal conjugate vaccine - 3rd dose,Yes
NGA,Nigeria,AFRO,2020,Pneumococcal conjugate vaccine - 3rd dose,Yes
NGA,Nigeria,AFRO,2021,Pneumococcal conjugate vaccine - 3rd dose,Yes
NGA,Nigeria,AFRO,2022,Pneumococcal conjugate vaccine - 3rd dose,Yes
NGA,Nigeria,AFRO,2023,Pneumococcal conjugate vaccine - 3rd dose,Yes
BRA,Brazil,AMRO,2010,Bacille Calmette-Guerin (Tuberculosis),Yes
BRA,Brazil,AMRO,2011,Bacille Calmette-Guerin (Tuberculosis),Yes
BRA,Brazil,AMRO,2012,Bacille Calmette-Guerin (Tuberculosis),Yes
BRA,Brazil,AMRO,2013,Bacille Calmette-Guerin (Tuberculosis),Yes
BRA,Brazil,AMRO,2014,Bacille Calmette-Guerin (Tuberculosis),Yes
BRA,Brazil,AMRO,2015,Bacille Calmette-Guerin (Tuberculosis),Yes
BRA,Brazil,AMRO,2016,Bacille Calmette-Guerin (Tuberculosis),Yes
BRA,Brazil,AMRO,2017,Bacille Calmette-Guerin (Tuberculosis),Yes
BRA,Brazil,AMRO,2018,Bacille Calmette-Guerin (Tuberculosis),Yes
BRA,Brazil,AMRO,2019,Bacille Calmette-Guerin (Tuberculosis),Yes
BRA,Brazil,AMRO,2020,Bacille Calmette-Guerin (Tuberculosis),Yes
BRA,Brazil,AMRO,2021,Bacille Calmette-Guerin (Tuberculosis),Yes
BRA,Brazil,AMRO,2022,Bacille Calmette-Guerin (Tuberculosis),Yes
BRA,Brazil,AMRO,2023,Bacille Calmette-Guerin (Tuberculosis),Yes
BRA,Brazil,AMRO,2010,Diphtheria/Tetanus/Pertussis - 1st dose,Yes
BRA,Brazil,AMRO,2011,Diphtheria/Tetanus/Pertussis - 1st dose,Yes
BRA,Brazil,AMRO,2012,Diphtheria/Tetanus/Pertussis - 1st dose,Yes
BRA,Brazil,AMRO,2013,Diphtheria/Tetanus/Pertussis - 1st dose,Yes
BRA,Brazil,AMRO,2014,Diphtheria/Tetanus/Pertussis - 1st dose,Yes
BRA,Brazil,AMRO,2015,Diphtheria/Tetanus/Pertussis - 1st dose,Yes
BRA,Brazil,AMRO,2016,Diphtheria/Tetanus/Pertussis - 1st dose,Yes
BRA,Brazil,AMRO,2017,Diphtheria/Tetanus/Pertussis - 1st dose,Yes
BRA,Brazil,AMRO,2018,Diphtheria/Tetanus/Pertussis - 1st dose,Yes
BRA,Brazil,AMRO,2019,Diphtheria/Tetanus/Pertussis - 1st dose,Yes
BRA,Brazil,AMRO,2020,Diphtheria/Tetanus/Pertussis - 1st dose,Yes
BRA,Brazil,AMRO,2021,Diphtheria/Tetanus/Pertussis - 1st dose,Yes
BRA,Brazil,AMRO,2022,Diphtheria/Tetanus/Pertussis - 1st dose,Yes
BRA,Brazil,AMRO,2023,Diphtheria/Tetanus/Pertussis - 1st dose,Yes
BRA,Brazil,AMRO,2010,Diphtheria/Tetanus/Pertussis - 3rd dose,Yes
BRA,Brazil,AMRO,2011,Diphtheria/Tetanus/Pertussis - 3rd dose,Yes
BRA,Brazil,AMRO,2012,Diphtheria/Tetanus/Pertussis - 3rd dose,Yes
BRA,Brazil,AMRO,2013,Diphtheria/Tetanus/Pertussis - 3rd dose,Yes
BRA,Brazil,AMRO,2014,Diphtheria/Tetanus/Pertussis - 3rd dose,Yes
BRA,Brazil,AMRO,2015,Diphtheria/Tetanus/Pertussis - 3rd dose,Yes
BRA,Brazil,AMRO,2016,Diphtheria/Tetanus/Pertussis - 3rd dose,Yes
BRA,Brazil,AMRO,2017,Diphtheria/Tetanus/Pertussis - 3rd dose,Yes
BRA,Brazil,AMRO,2018,Diphtheria/Tetanus/Pertussis - 3rd dose,Yes
BRA,Brazil,AMRO,2019,Diphtheria/Tetanus/Pertussis - 3rd dose,Yes
BRA,Brazil,AMRO,2020,Diphtheria/Tetanus/Pertussis - 3rd dose,Yes
BRA,Brazil,AMRO,2021,Diphtheria/Tetanus/Pertussis - 3rd dose,Yes
BRA,Brazil,AMRO,2022,Diphtheria/Tetanus/Pertussis - 3rd dose,Yes
BRA,Brazil,AMRO,2023,Diphtheria/Tetanus/Pertussis - 3rd dose,Yes
BRA,Brazil,AMRO,2010,Measles-containing vaccine - 1st dose,Yes
BRA,Brazil,AMRO,2011,Measles-containing vaccine - 1st dose,Yes
BRA,Brazil,AMRO,2012,Measles-containing vaccine - 1st dose,Yes
BRA,Brazil,AMRO,2013,Measles-containing vaccine - 1st dose,Yes
BRA,Brazil,AMRO,2014,Measles-containing vaccine - 1st dose,Yes
BRA,Brazil,AMRO,2015,Measles-containing vaccine - 1st dose,Yes
BRA,Brazil,AMRO,2016,Measles-containing vaccine - 1st dose,Yes
BRA,Brazil,AMRO,2017,Measles-containing vaccine - 1st dose,Yes
BRA,Brazil,AMRO,2018,Measles-containing vaccine - 1st dose,Yes
BRA,Brazil,AMRO,2019,Measles-containing vaccine - 1st dose,Yes
BRA,Brazil,AMRO,2020,Measles-containing vaccine - 1st dose,Yes
BRA,Brazil,AMRO,2021,Measles-containing vaccine - 1st dose,Yes
BRA,Brazil,AMRO,2022,Measles-containing vaccine - 1st dose,Yes
BRA,Brazil,AMRO,2023,Measles-containing vaccine - 1st dose,Yes
BRA,Brazil,AMRO,2010,Measles-containing vaccine - 2nd dose (booster),Yes
BRA,Brazil,AMRO,2011,Measles-containing vaccine - 2nd dose (booster),Yes
BRA,Brazil,AMRO,2012,Measles-containing vaccine - 2nd dose (booster),Yes
BRA,Brazil,AMRO,2013,Measles-containing vaccine - 2nd dose (booster),Yes
BRA,Brazil,AMRO,2014,Measles-containing vaccine - 2nd dose (booster),Yes
BRA,Brazil,AMRO,2015,Measles-containing vaccine - 2nd dose (booster),Yes
BRA,Brazil,AMRO,2016,Measles-containing vaccine - 2nd dose (booster),Yes
BRA,Brazil,AMRO,2017,Measles-containing vaccine - 2nd dose (booster),Yes
BRA,Brazil,AMRO,2018,Measles-containing vaccine - 2nd dose (booster),Yes
BRA,Brazil,AMRO,2019,Measles-containing vaccine - 2nd dose (booster),Yes
BRA,Brazil,AMRO,2020,Measles-containing vaccine - 2nd dose (booster),Yes
BRA,Brazil,AMRO,2021,Measles-containing vaccine - 2nd dose (booster),Yes
BRA,Brazil,AMRO,2022,Measles-containing vaccine - 2nd dose (booster),Yes
BRA,Brazil,AMRO,2023,Measles-containing vaccine - 2nd dose (booster),Yes
BRA,Brazil,AMRO,2010,Polio - 3rd dose,Yes
BRA,Brazil,AMRO,2011,Polio - 3rd dose,Yes
BRA,Brazil,AMRO,2012,Polio - 3rd dose,Yes
BRA,Brazil,AMRO,2013,Polio - 3rd dose,Yes
BRA,Brazil,AMRO,2014,Polio - 3rd dose,Yes
BRA,Brazil,AMRO,2015,Polio - 3rd dose,Yes
BRA,Brazil,AMRO,2016,Polio - 3rd dose,Yes
BRA,Brazil,AMRO,2017,Polio - 3rd dose,Yes
BRA,Brazil,AMRO,2018,Polio - 3rd dose,Yes
BRA,Brazil,AMRO,2019,Polio - 3rd dose,Yes
BRA,Brazil,AMRO,2020,Polio - 3rd dose,Yes
BRA,Brazil,AMRO,2021,Polio - 3rd dose,Yes
BRA,Brazil,AMRO,2022,Polio - 3rd dose,Yes
BRA,Brazil,AMRO,2023,Polio - 3rd dose,Yes
BRA,Brazil,AMRO,2010,Hepatitis B - 3rd dose,Yes
BRA,Brazil,AMRO,2011,Hepatitis B - 3rd dose,Yes
BRA,Brazil,AMRO,2012,Hepatitis B - 3rd dose,Yes
BRA,Brazil,AMRO,2013,Hepatitis B - 3rd dose,Yes
BRA,Brazil,AMRO,2014,Hepatitis B - 3rd dose,Yes
BRA,Brazil,AMRO,2015,Hepatitis B - 3rd dose,Yes
BRA,Brazil,AMRO,2016,Hepatitis B - 3rd dose,Yes
BRA,Brazil,AMRO,2017,Hepatitis B - 3rd dose,Yes
BRA,Brazil,AMRO,2018,Hepatitis B - 3rd dose,Yes
BRA,Brazil,AMRO,2019,Hepatitis B - 3rd dose,Yes
BRA,Brazil,AMRO,2020,Hepatitis B - 3rd dose,Yes
BRA,Brazil,AMRO,2021,Hepatitis B - 3rd dose,Yes
BRA,Brazil,AMRO,2022,Hepatitis B - 3rd dose,Yes
BRA,Brazil,AMRO,2023,Hepatitis B - 3rd dose,Yes
BRA,Brazil,AMRO,2010,Pneumococcal conjugate vaccine - 3rd dose,Yes
BRA,Brazil,AMRO,2011,Pneumococcal conjugate vaccine - 3rd dose,Yes
BRA,Brazil,AMRO,2012,Pneumococcal conjugate vaccine - 3rd dose,Yes
BRA,Brazil,AMRO,2013,Pneumococcal conjugate vaccine - 3rd dose,Yes
BRA,Brazil,AMRO,2014,Pneumococcal conjugate vaccine - 3rd dose,Yes
BRA,Brazil,AMRO,2015,Pneumococcal conjugate vaccine - 3rd dose,Yes
BRA,Brazil,AMRO,2016,Pneumococcal conjugate vaccine - 3rd dose,Yes
BRA,Brazil,AMRO,2017,Pneumococcal conjugate vaccine - 3rd dose,Yes
BRA,Brazil,AMRO,2018,Pneumococcal conjugate vaccine - 3rd dose,Yes
BRA,Brazil,AMRO,2019,Pneumococcal conjugate vaccine - 3rd dose,Yes
BRA,Brazil,AMRO,2020,Pneumococcal conjugate vaccine - 3rd dose,Yes
BRA,Brazil,AMRO,2021,Pneumococcal conjugate vaccine - 3rd dose,Yes
BRA,Brazil,AMRO,2022,Pneumococcal conjugate vaccine - 3rd dose,Yes
BRA,Brazil,AMRO,2023,Pneumococcal conjugate vaccine - 3rd dose,Yes
PAK,Pakistan,EMRO,2010,Bacille Calmette-Guerin (Tuberculosis),No
PAK,Pakistan,EMRO,2011,Bacille Calmette-Guerin (Tuberculosis),No
PAK,Pakistan,EMRO,2012,Bacille Calmette-Guerin (Tuberculosis),No
PAK,Pakistan,EMRO,2013,Bacille Calmette-Guerin (Tuberculosis),No
PAK,Pakistan,EMRO,2014,Bacille Calmette-Guerin (Tuberculosis),Yes
PAK,Pakistan,EMRO,2015,Bacille Calmette-Guerin (Tuberculosis),Yes
PAK,Pakistan,EMRO,2016,Bacille Calmette-Guerin (Tuberculosis),Yes
PAK,Pakistan,EMRO,2017,Bacille Calmette-Guerin (Tuberculosis),Yes
PAK,Pakistan,EMRO,2018,Bacille Calmette-Guerin (Tuberculosis),Yes
PAK,Pakistan,EMRO,2019,Bacille Calmette-Guerin (Tuberculosis),Yes
PAK,Pakistan,EMRO,2020,Bacille Calmette-Guerin (Tuberculosis),Yes
PAK,Pakistan,EMRO,2021,Bacille Calmette-Guerin (Tuberculosis),Yes
PAK,Pakistan,EMRO,2022,Bacille Calmette-Guerin (Tuberculosis),Yes
PAK,Pakistan,EMRO,2023,Bacille Calmette-Guerin (Tuberculosis),Yes
PAK,Pakistan,EMRO,2010,Diphtheria/Tetanus/Pertussis - 1st dose,Yes
PAK,Pakistan,EMRO,2011,Diphtheria/Tetanus/Pertussis - 1st dose,Yes
PAK,Pakistan,EMRO,2012,Diphtheria/Tetanus/Pertussis - 1st dose,Yes
PAK,Pakistan,EMRO,2013,Diphtheria/Tetanus/Pertussis - 1st dose,Yes
PAK,Pakistan,EMRO,2014,Diphtheria/Tetanus/Pertussis - 1st dose,Yes
PAK,Pakistan,EMRO,2015,Diphtheria/Tetanus/Pertussis - 1st dose,Yes
PAK,Pakistan,EMRO,2016,Diphtheria/Tetanus/Pertussis - 1st dose,Yes
PAK,Pakistan,EMRO,2017,Diphtheria/Tetanus/Pertussis - 1st dose,Yes
PAK,Pakistan,EMRO,2018,Diphtheria/Tetanus/Pertussis - 1st dose,Yes
PAK,Pakistan,EMRO,2019,Diphtheria/Tetanus/Pertussis - 1st dose,Yes
PAK,Pakistan,EMRO,2020,Diphtheria/Tetanus/Pertussis - 1st dose,Yes
PAK,Pakistan,EMRO,2021,Diphtheria/Tetanus/Pertussis - 1st dose,Yes
PAK,Pakistan,EMRO,2022,Diphtheria/Tetanus/Pertussis - 1st dose,Yes
PAK,Pakistan,EMRO,2023,Diphtheria/Tetanus/Pertussis - 1st dose,Yes
PAK,Pakistan,EMRO,2010,Diphtheria/Tetanus/Pertussis - 3rd dose,No
PAK,Pakistan,EMRO,2011,Diphtheria/Tetanus/Pertussis - 3rd dose,No
PAK,Pakistan,EMRO,2012,Diphtheria/Tetanus/Pertussis - 3rd dose,No
PAK,Pakistan,EMRO,2013,Diphtheria/Tetanus/Pertussis - 3rd dose,No
PAK,Pakistan,EMRO,2014,Diphtheria/Tetanus/Pertussis - 3rd dose,No
PAK,Pakistan,EMRO,2015,Diphtheria/Tetanus/Pertussis - 3rd dose,No
PAK,Pakistan,EMRO,2016,Diphtheria/Tetanus/Pertussis - 3rd dose,Yes
PAK,Pakistan,EMRO,2017,Diphtheria/Tetanus/Pertussis - 3rd dose,Yes
PAK,Pakistan,EMRO,2018,Diphtheria/Tetanus/Pertussis - 3rd dose,Yes
PAK,Pakistan,EMRO,2019,Diphtheria/Tetanus/Pertussis - 3rd dose,Yes
PAK,Pakistan,EMRO,2020,Diphtheria/Tetanus/Pertussis - 3rd dose,Yes
PAK,Pakistan,EMRO,2021,Diphtheria/Tetanus/Pertussis - 3rd dose,Yes
PAK,Pakistan,EMRO,2022,Diphtheria/Tetanus/Pertussis - 3rd dose,Yes
PAK,Pakistan,EMRO,2023,Diphtheria/Tetanus/Pertussis - 3rd dose,Yes
PAK,Pakistan,EMRO,2010,Measles-containing vaccine - 1st dose,No
PAK,Pakistan,EMRO,2011,Measles-containing vaccine - 1st dose,No
PAK,Pakistan,EMRO,2012,Measles-containing vaccine - 1st dose,Yes
PAK,Pakistan,EMRO,2013,Measles-containing vaccine - 1st dose,Yes
PAK,Pakistan,EMRO,2014,Measles-containing vaccine - 1st dose,Yes
PAK,Pakistan,EMRO,2015,Measles-containing vaccine - 1st dose,Yes
PAK,Pakistan,EMRO,2016,Measles-containing vaccine - 1st dose,Yes
PAK,Pakistan,EMRO,2017,Measles-containing vaccine - 1st dose,Yes
PAK,Pakistan,EMRO,2018,Measles-containing vaccine - 1st dose,Yes
PAK,Pakistan,EMRO,2019,Measles-containing vaccine - 1st dose,Yes
PAK,Pakistan,EMRO,2020,Measles-containing vaccine - 1st dose,Yes
PAK,Pakistan,EMRO,2021,Measles-containing vaccine - 1st dose,Yes
PAK,Pakistan,EMRO,2022,Measles-containing vaccine - 1st dose,Yes
PAK,Pakistan,EMRO,2023,Measles-containing vaccine - 1st dose,Yes
PAK,Pakistan,EMRO,2010,Measles-containing vaccine - 2nd dose (booster),No
PAK,Pakistan,EMRO,2011,Measles-containing vaccine - 2nd dose (booster),No
PAK,Pakistan,EMRO,2012,Measles-containing vaccine - 2nd dose (booster),No
PAK,Pakistan,EMRO,2013,Measles-containing vaccine - 2nd dose (booster),Yes
PAK,Pakistan,EMRO,2014,Measles-containing vaccine - 2nd dose (booster),Yes
PAK,Pakistan,EMRO,2015,Measles-containing vaccine - 2nd dose (booster),Yes
PAK,Pakistan,EMRO,2016,Measles-containing vaccine - 2nd dose (booster),Yes
PAK,Pakistan,EMRO,2017,Measles-containing vaccine - 2nd dose (booster),Yes
PAK,Pakistan,EMRO,2018,Measles-containing vaccine - 2nd dose (booster),Yes
PAK,Pakistan,EMRO,2019,Measles-containing vaccine - 2nd dose (booster),Yes
PAK,Pakistan,EMRO,2020,Measles-containing vaccine - 2nd dose (booster),Yes
PAK,Pakistan,EMRO,2021,Measles-containing vaccine - 2nd dose (booster),Yes
PAK,Pakistan,EMRO,2022,Measles-containing vaccine - 2nd dose (booster),Yes
PAK,Pakistan,EMRO,2023,Measles-containing vaccine - 2nd dose (booster),Yes
PAK,Pakistan,EMRO,2010,Polio - 3rd dose,No
PAK,Pakistan,EMRO,2011,Polio - 3rd dose,No
PAK,Pakistan,EMRO,2012,Polio - 3rd dose,No
PAK,Pakistan,EMRO,2013,Polio - 3rd dose,Yes
PAK,Pakistan,EMRO,2014,Polio - 3rd dose,Yes
PAK,Pakistan,EMRO,2015,Polio - 3rd dose,Yes
PAK,Pakistan,EMRO,2016,Polio - 3rd dose,Yes
PAK,Pakistan,EMRO,2017,Polio - 3rd dose,Yes
PAK,Pakistan,EMRO,2018,Polio - 3rd dose,Yes
PAK,Pakistan,EMRO,2019,Polio - 3rd dose,Yes
PAK,Pakistan,EMRO,2020,Polio - 3rd dose,Yes
PAK,Pakistan,EMRO,2021,Polio - 3rd dose,Yes
PAK,Pakistan,EMRO,2022,Polio - 3rd dose,Yes
PAK,Pakistan,EMRO,2023,Polio - 3rd dose,Yes
PAK,Pakistan,EMRO,2010,Hepatitis B - 3rd dose,Yes
PAK,Pakistan,EMRO,2011,Hepatitis B - 3rd dose,Yes
PAK,Pakistan,EMRO,2012,Hepatitis B - 3rd dose,Yes
PAK,Pakistan,EMRO,2013,Hepatitis B - 3rd dose,Yes
PAK,Pakistan,EMRO,2014,Hepatitis B - 3rd dose,Yes
PAK,Pakistan,EMRO,2015,Hepatitis B - 3rd dose,Yes
PAK,Pakistan,EMRO,2016,Hepatitis B - 3rd dose,Yes
PAK,Pakistan,EMRO,2017,Hepatitis B - 3rd dose,Yes
PAK,Pakistan,EMRO,2018,Hepatitis B - 3rd dose,Yes
PAK,Pakistan,EMRO,2019,Hepatitis B - 3rd dose,Yes
PAK,Pakistan,EMRO,2020,Hepatitis B - 3rd dose,Yes
PAK,Pakistan,EMRO,2021,Hepatitis B - 3rd dose,Yes
PAK,Pakistan,EMRO,2022,Hepatitis B - 3rd dose,Yes
PAK,Pakistan,EMRO,2023,Hepatitis B - 3rd dose,Yes
PAK,Pakistan,EMRO,2010,Pneumococcal conjugate vaccine - 3rd dose,Yes
PAK,Pakistan,EMRO,2011,Pneumococcal conjugate vaccine - 3rd dose,Yes
PAK,Pakistan,EMRO,2012,Pneumococcal conjugate vaccine - 3rd dose,Yes
PAK,Pakistan,EMRO,2013,Pneumococcal conjugate vaccine - 3rd dose,Yes
PAK,Pakistan,EMRO,2014,Pneumococcal conjugate vaccine - 3rd dose,Yes
PAK,Pakistan,EMRO,2015,Pneumococcal conjugate vaccine - 3rd dose,Yes
PAK,Pakistan,EMRO,2016,Pneumococcal conjugate vaccine - 3rd dose,Yes
PAK,Pakistan,EMRO,2017,Pneumococcal conjugate vaccine - 3rd dose,Yes
PAK,Pakistan,EMRO,2018,Pneumococcal conjugate vaccine - 3rd dose,Yes
PAK,Pakistan,EMRO,2019,Pneumococcal conjugate vaccine - 3rd dose,Yes
PAK,Pakistan,EMRO,2020,Pneumococcal conjugate vaccine - 3rd dose,Yes
PAK,Pakistan,EMRO,2021,Pneumococcal conjugate vaccine - 3rd dose,Yes
PAK,Pakistan,EMRO,2022,Pneumococcal conjugate vaccine - 3rd dose,Yes
PAK,Pakistan,EMRO,2023,Pneumococcal conjugate vaccine - 3rd dose,Yes
ETH,Ethiopia,AFRO,2010,Bacille Calmette-Guerin (Tuberculosis),Yes
ETH,Ethiopia,AFRO,2011,Bacille Calmette-Guerin (Tuberculosis),Yes
ETH,Ethiopia,AFRO,2012,Bacille Calmette-Guerin (Tuberculosis),Yes
ETH,Ethiopia,AFRO,2013,Bacille Calmette-Guerin (Tuberculosis),Yes
ETH,Ethiopia,AFRO,2014,Bacille Calmette-Guerin (Tuberculosis),Yes
ETH,Ethiopia,AFRO,2015,Bacille Calmette-Guerin (Tuberculosis),Yes
ETH,Ethiopia,AFRO,2016,Bacille Calmette-Guerin (Tuberculosis),Yes
ETH,Ethiopia,AFRO,2017,Bacille Calmette-Guerin (Tuberculosis),Yes
ETH,Ethiopia,AFRO,2018,Bacille Calmette-Guerin (Tuberculosis),Yes
ETH,Ethiopia,AFRO,2019,Bacille Calmette-Guerin (Tuberculosis),Yes
ETH,Ethiopia,AFRO,2020,Bacille Calmette-Guerin (Tuberculosis),Yes
ETH,Ethiopia,AFRO,2021,Bacille Calmette-Guerin (Tuberculosis),Yes
ETH,Ethiopia,AFRO,2022,Bacille Calmette-Guerin (Tuberculosis),Yes
ETH,Ethiopia,AFRO,2023,Bacille Calmette-Guerin (Tuberculosis),Yes
ETH,Ethiopia,AFRO,2010,Diphtheria/Tetanus/Pertussis - 1st dose,Yes
ETH,Ethiopia,AFRO,2011,Diphtheria/Tetanus/Pertussis - 1st dose,Yes
ETH,Ethiopia,AFRO,2012,Diphtheria/Tetanus/Pertussis - 1st dose,Yes
ETH,Ethiopia,AFRO,2013,Diphtheria/Tetanus/Pertussis - 1st dose,Yes
ETH,Ethiopia,AFRO,2014,Diphtheria/Tetanus/Pertussis - 1st dose,Yes
ETH,Ethiopia,AFRO,2015,Diphtheria/Tetanus/Pertussis - 1st dose,Yes
ETH,Ethiopia,AFRO,2016,Diphtheria/Tetanus/Pertussis - 1st dose,Yes
ETH,Ethiopia,AFRO,2017,Diphtheria/Tetanus/Pertussis - 1st dose,Yes
ETH,Ethiopia,AFRO,2018,Diphtheria/Tetanus/Pertussis - 1st dose,Yes
ETH,Ethiopia,AFRO,2019,Diphtheria/Tetanus/Pertussis - 1st dose,Yes
ETH,Ethiopia,AFRO,2020,Diphtheria/Tetanus/Pertussis - 1st dose,Yes
ETH,Ethiopia,AFRO,2021,Diphtheria/Tetanus/Pertussis - 1st dose,Yes
ETH,Ethiopia,AFRO,2022,Diphtheria/Tetanus/Pertussis - 1st dose,Yes
ETH,Ethiopia,AFRO,2023,Diphtheria/Tetanus/Pertussis - 1st dose,Yes
ETH,Ethiopia,AFRO,2010,Diphtheria/Tetanus/Pertussis - 3rd dose,Yes
ETH,Ethiopia,AFRO,2011,Diphtheria/Tetanus/Pertussis - 3rd dose,Yes
ETH,Ethiopia,AFRO,2012,Diphtheria/Tetanus/Pertussis - 3rd dose,Yes
ETH,Ethiopia,AFRO,2013,Diphtheria/Tetanus/Pertussis - 3rd dose,Yes
ETH,Ethiopia,AFRO,2014,Diphtheria/Tetanus/Pertussis - 3rd dose,Yes
ETH,Ethiopia,AFRO,2015,Diphtheria/Tetanus/Pertussis - 3rd dose,Yes
ETH,Ethiopia,AFRO,2016,Diphtheria/Tetanus/Pertussis - 3rd dose,Yes
ETH,Ethiopia,AFRO,2017,Diphtheria/Tetanus/Pertussis - 3rd dose,Yes
ETH,Ethiopia,AFRO,2018,Diphtheria/Tetanus/Pertussis - 3rd dose,Yes
ETH,Ethiopia,AFRO,2019,Diphtheria/Tetanus/Pertussis - 3rd dose,Yes
ETH,Ethiopia,AFRO,2020,Diphtheria/Tetanus/Pertussis - 3rd dose,Yes
ETH,Ethiopia,AFRO,2021,Diphtheria/Tetanus/Pertussis - 3rd dose,Yes
ETH,Ethiopia,AFRO,2022,Diphtheria/Tetanus/Pertussis - 3rd dose,Yes
ETH,Ethiopia,AFRO,2023,Diphtheria/Tetanus/Pertussis - 3rd dose,Yes
ETH,Ethiopia,AFRO,2010,Measles-containing vaccine - 1st dose,Yes
ETH,Ethiopia,AFRO,2011,Measles-containing vaccine - 1st dose,Yes
ETH,Ethiopia,AFRO,2012,Measles-containing vaccine - 1st dose,Yes
ETH,Ethiopia,AFRO,2013,Measles-containing vaccine - 1st dose,Yes
ETH,Ethiopia,AFRO,2014,Measles-containing vaccine - 1st dose,Yes
ETH,Ethiopia,AFRO,2015,Measles-containing vaccine - 1st dose,Yes
ETH,Ethiopia,AFRO,2016,Measles-containing vaccine - 1st dose,Yes
ETH,Ethiopia,AFRO,2017,Measles-containing vaccine - 1st dose,Yes
ETH,Ethiopia,AFRO,2018,Measles-containing vaccine - 1st dose,Yes
ETH,Ethiopia,AFRO,2019,Measles-containing vaccine - 1st dose,Yes
ETH,Ethiopia,AFRO,2020,Measles-containing vaccine - 1st dose,Yes
ETH,Ethiopia,AFRO,2021,Measles-containing vaccine - 1st dose,Yes
ETH,Ethiopia,AFRO,2022,Measles-containing vaccine - 1st dose,Yes
ETH,Ethiopia,AFRO,2023,Measles-containing vaccine - 1st dose,Yes
ETH,Ethiopia,AFRO,2010,Measles-containing vaccine - 2nd dose (booster),Yes
ETH,Ethiopia,AFRO,2011,Measles-containing vaccine - 2nd dose (booster),Yes
ETH,Ethiopia,AFRO,2012,Measles-containing vaccine - 2nd dose (booster),Yes
ETH,Ethiopia,AFRO,2013,Measles-containing vaccine - 2nd dose (booster),Yes
ETH,Ethiopia,AFRO,2014,Measles-containing vaccine - 2nd dose (booster),Yes
ETH,Ethiopia,AFRO,2015,Measles-containing vaccine - 2nd dose (booster),Yes
ETH,Ethiopia,AFRO,2016,Measles-containing vaccine - 2nd dose (booster),Yes
ETH,Ethiopia,AFRO,2017,Measles-containing vaccine - 2nd dose (booster),Yes
ETH,Ethiopia,AFRO,2018,Measles-containing vaccine - 2nd dose (booster),Yes
ETH,Ethiopia,AFRO,2019,Measles-containing vaccine - 2nd dose (booster),Yes
ETH,Ethiopia,AFRO,2020,Measles-containing vaccine - 2nd dose (booster),Yes
ETH,Ethiopia,AFRO,2021,Measles-containing vaccine - 2nd dose (booster),Yes
ETH,Ethiopia,AFRO,2022,Measles-containing vaccine - 2nd dose (booster),Yes
ETH,Ethiopia,AFRO,2023,Measles-containing vaccine - 2nd dose (booster),Yes
ETH,Ethiopia,AFRO,2010,Polio - 3rd dose,Yes
ETH,Ethiopia,AFRO,2011,Polio - 3rd dose,Yes
ETH,Ethiopia,AFRO,2012,Polio - 3rd dose,Yes
ETH,Ethiopia,AFRO,2013,Polio - 3rd dose,Yes
ETH,Ethiopia,AFRO,2014,Polio - 3rd dose,Yes
ETH,Ethiopia,AFRO,2015,Polio - 3rd dose,Yes
ETH,Ethiopia,AFRO,2016,Polio - 3rd dose,Yes
ETH,Ethiopia,AFRO,2017,Polio - 3rd dose,Yes
ETH,Ethiopia,AFRO,2018,Polio - 3rd dose,Yes
ETH,Ethiopia,AFRO,2019,Polio - 3rd dose,Yes
ETH,Ethiopia,AFRO,2020,Polio - 3rd dose,Yes
ETH,Ethiopia,AFRO,2021,Polio - 3rd dose,Yes
ETH,Ethiopia,AFRO,2022,Polio - 3rd dose,Yes
ETH,Ethiopia,AFRO,2023,Polio - 3rd dose,Yes
ETH,Ethiopia,AFRO,2010,Hepatitis B - 3rd dose,Yes
ETH,Ethiopia,AFRO,2011,Hepatitis B - 3rd dose,Yes
ETH,Ethiopia,AFRO,2012,Hepatitis B - 3rd dose,Yes
ETH,Ethiopia,AFRO,2013,Hepatitis B - 3rd dose,Yes
ETH,Ethiopia,AFRO,2014,Hepatitis B - 3rd dose,Yes
ETH,Ethiopia,AFRO,2015,Hepatitis B - 3rd dose,Yes
ETH,Ethiopia,AFRO,2016,Hepatitis B - 3rd dose,Yes
ETH,Ethiopia,AFRO,2017,Hepatitis B - 3rd dose,Yes
ETH,Ethiopia,AFRO,2018,Hepatitis B - 3rd dose,Yes
ETH,Ethiopia,AFRO,2019,Hepatitis B - 3rd dose,Yes
ETH,Ethiopia,AFRO,2020,Hepatitis B - 3rd dose,Yes
ETH,Ethiopia,AFRO,2021,Hepatitis B - 3rd dose,Yes
ETH,Ethiopia,AFRO,2022,Hepatitis B - 3rd dose,Yes
ETH,Ethiopia,AFRO,2023,Hepatitis B - 3rd dose,Yes
ETH,Ethiopia,AFRO,2010,Pneumococcal conjugate vaccine - 3rd dose,Yes
ETH,Ethiopia,AFRO,2011,Pneumococcal conjugate vaccine - 3rd dose,Yes
ETH,Ethiopia,AFRO,2012,Pneumococcal conjugate vaccine - 3rd dose,Yes
ETH,Ethiopia,AFRO,2013,Pneumococcal conjugate vaccine - 3rd dose,Yes
ETH,Ethiopia,AFRO,2014,Pneumococcal conjugate vaccine - 3rd dose,Yes
ETH,Ethiopia,AFRO,2015,Pneumococcal conjugate vaccine - 3rd dose,Yes
ETH,Ethiopia,AFRO,2016,Pneumococcal conjugate vaccine - 3rd dose,Yes
ETH,Ethiopia,AFRO,2017,Pneumococcal conjugate vaccine - 3rd dose,Yes
ETH,Ethiopia,AFRO,2018,Pneumococcal conjugate vaccine - 3rd dose,Yes
ETH,Ethiopia,AFRO,2019,Pneumococcal conjugate vaccine - 3rd dose,Yes
ETH,Ethiopia,AFRO,2020,Pneumococcal conjugate vaccine - 3rd dose,Yes
ETH,Ethiopia,AFRO,2021,Pneumococcal conjugate vaccine - 3rd dose,Yes
ETH,Ethiopia,AFRO,2022,Pneumococcal conjugate vaccine - 3rd dose,Yes
ETH,Ethiopia,AFRO,2023,Pneumococcal conjugate vaccine - 3rd dose,Yes
BGD,Bangladesh,SEARO,2010,Bacille Calmette-Guerin (Tuberculosis),Yes
BGD,Bangladesh,SEARO,2011,Bacille Calmette-Guerin (Tuberculosis),Yes
BGD,Bangladesh,SEARO,2012,Bacille Calmette-Guerin (Tuberculosis),Yes
BGD,Bangladesh,SEARO,2013,Bacille Calmette-Guerin (Tuberculosis),Yes
BGD,Bangladesh,SEARO,2014,Bacille Calmette-Guerin (Tuberculosis),Yes
BGD,Bangladesh,SEARO,2015,Bacille Calmette-Guerin (Tuberculosis),Yes
BGD,Bangladesh,SEARO,2016,Bacille Calmette-Guerin (Tuberculosis),Yes
BGD,Bangladesh,SEARO,2017,Bacille Calmette-Guerin (Tuberculosis),Yes
BGD,Bangladesh,SEARO,2018,Bacille Calmette-Guerin (Tuberculosis),Yes
BGD,Bangladesh,SEARO,2019,Bacille Calmette-Guerin (Tuberculosis),Yes
BGD,Bangladesh,SEARO,2020,Bacille Calmette-Guerin (Tuberculosis),Yes
BGD,Bangladesh,SEARO,2021,Bacille Calmette-Guerin (Tuberculosis),Yes
BGD,Bangladesh,SEARO,2022,Bacille Calmette-Guerin (Tuberculosis),Yes
BGD,Bangladesh,SEARO,2023,Bacille Calmette-Guerin (Tuberculosis),Yes
BGD,Bangladesh,SEARO,2010,Diphtheria/Tetanus/Pertussis - 1st dose,Yes
BGD,Bangladesh,SEARO,2011,Diphtheria/Tetanus/Pertussis - 1st dose,Yes
BGD,Bangladesh,SEARO,2012,Diphtheria/Tetanus/Pertussis - 1st dose,Yes
BGD,Bangladesh,SEARO,2013,Diphtheria/Tetanus/Pertussis - 1st dose,Yes
BGD,Bangladesh,SEARO,2014,Diphtheria/Tetanus/Pertussis - 1st dose,Yes
BGD,Bangladesh,SEARO,2015,Diphtheria/Tetanus/Pertussis - 1st dose,Yes
BGD,Bangladesh,SEARO,2016,Diphtheria/Tetanus/Pertussis - 1st dose,Yes
BGD,Bangladesh,SEARO,2017,Diphtheria/Tetanus/Pertussis - 1st dose,Yes
BGD,Bangladesh,SEARO,2018,Diphtheria/Tetanus/Pertussis - 1st dose,Yes
BGD,Bangladesh,SEARO,2019,Diphtheria/Tetanus/Pertussis - 1st dose,Yes
BGD,Bangladesh,SEARO,2020,Diphtheria/Tetanus/Pertussis - 1st dose,Yes
BGD,Bangladesh,SEARO,2021,Diphtheria/Tetanus/Pertussis - 1st dose,Yes
BGD,Bangladesh,SEARO,2022,Diphtheria/Tetanus/Pertussis - 1st dose,Yes
BGD,Bangladesh,SEARO,2023,Diphtheria/Tetanus/Pertussis - 1st dose,Yes
BGD,Bangladesh,SEARO,2010,Diphtheria/Tetanus/Pertussis - 3rd dose,Yes
BGD,Bangladesh,SEARO,2011,Diphtheria/Tetanus/Pertussis - 3rd dose,Yes
BGD,Bangladesh,SEARO,2012,Diphtheria/Tetanus/Pertussis - 3rd dose,Yes
BGD,Bangladesh,SEARO,2013,Diphtheria/Tetanus/Pertussis - 3rd dose,Yes
BGD,Bangladesh,SEARO,2014,Diphtheria/Tetanus/Pertussis - 3rd dose,Yes
BGD,Bangladesh,SEARO,2015,Diphtheria/Tetanus/Pertussis - 3rd dose,Yes
BGD,Bangladesh,SEARO,2016,Diphtheria/Tetanus/Pertussis - 3rd dose,Yes
BGD,Bangladesh,SEARO,2017,Diphtheria/Tetanus/Pertussis - 3rd dose,Yes
BGD,Bangladesh,SEARO,2018,Diphtheria/Tetanus/Pertussis - 3rd dose,Yes
BGD,Bangladesh,SEARO,2019,Diphtheria/Tetanus/Pertussis - 3rd dose,Yes
BGD,Bangladesh,SEARO,2020,Diphtheria/Tetanus/Pertussis - 3rd dose,Yes
BGD,Bangladesh,SEARO,2021,Diphtheria/Tetanus/Pertussis - 3rd dose,Yes
BGD,Bangladesh,SEARO,2022,Diphtheria/Tetanus/Pertussis - 3rd dose,Yes
BGD,Bangladesh,SEARO,2023,Diphtheria/Tetanus/Pertussis - 3rd dose,Yes
BGD,Bangladesh,SEARO,2010,Measles-containing vaccine - 1st dose,Yes
BGD,Bangladesh,SEARO,2011,Measles-containing vaccine - 1st dose,Yes
BGD,Bangladesh,SEARO,2012,Measles-containing vaccine - 1st dose,Yes
BGD,Bangladesh,SEARO,2013,Measles-containing vaccine - 1st dose,Yes
BGD,Bangladesh,SEARO,2014,Measles-containing vaccine - 1st dose,Yes
BGD,Bangladesh,SEARO,2015,Measles-containing vaccine - 1st dose,Yes
BGD,Bangladesh,SEARO,2016,Measles-containing vaccine - 1st dose,Yes
BGD,Bangladesh,SEARO,2017,Measles-containing vaccine - 1st dose,Yes
BGD,Bangladesh,SEARO,2018,Measles-containing vaccine - 1st dose,Yes
BGD,Bangladesh,SEARO,2019,Measles-containing vaccine - 1st dose,Yes
BGD,Bangladesh,SEARO,2020,Measles-containing vaccine - 1st dose,Yes
BGD,Bangladesh,SEARO,2021,Measles-containing vaccine - 1st dose,Yes
BGD,Bangladesh,SEARO,2022,Measles-containing vaccine - 1st dose,Yes
BGD,Bangladesh,SEARO,2023,Measles-containing vaccine - 1st dose,Yes
BGD,Bangladesh,SEARO,2010,Measles-containing vaccine - 2nd dose (booster),Yes
BGD,Bangladesh,SEARO,2011,Measles-containing vaccine - 2nd dose (booster),Yes
BGD,Bangladesh,SEARO,2012,Measles-containing vaccine - 2nd dose (booster),Yes
BGD,Bangladesh,SEARO,2013,Measles-containing vaccine - 2nd dose (booster),Yes
BGD,Bangladesh,SEARO,2014,Measles-containing vaccine - 2nd dose (booster),Yes
BGD,Bangladesh,SEARO,2015,Measles-containing vaccine - 2nd dose (booster),Yes
BGD,Bangladesh,SEARO,2016,Measles-containing vaccine - 2nd dose (booster),Yes
BGD,Bangladesh,SEARO,2017,Measles-containing vaccine - 2nd dose (booster),Yes
BGD,Bangladesh,SEARO,2018,Measles-containing vaccine - 2nd dose (booster),Yes
BGD,Bangladesh,SEARO,2019,Measles-containing vaccine - 2nd dose (booster),Yes
BGD,Bangladesh,SEARO,2020,Measles-containing vaccine - 2nd dose (booster),Yes
BGD,Bangladesh,SEARO,2021,Measles-containing vaccine - 2nd dose (booster),Yes
BGD,Bangladesh,SEARO,2022,Measles-containing vaccine - 2nd dose (booster),Yes
BGD,Bangladesh,SEARO,2023,Measles-containing vaccine - 2nd dose (booster),Yes
BGD,Bangladesh,SEARO,2010,Polio - 3rd dose,No
BGD,Bangladesh,SEARO,2011,Polio - 3rd dose,Yes
BGD,Bangladesh,SEARO,2012,Polio - 3rd dose,Yes
BGD,Bangladesh,SEARO,2013,Polio - 3rd dose,Yes
BGD,Bangladesh,SEARO,2014,Polio - 3rd dose,Yes
BGD,Bangladesh,SEARO,2015,Polio - 3rd dose,Yes
BGD,Bangladesh,SEARO,2016,Polio - 3rd dose,Yes
BGD,Bangladesh,SEARO,2017,Polio - 3rd dose,Yes
BGD,Bangladesh,SEARO,2018,Polio - 3rd dose,Yes
BGD,Bangladesh,SEARO,2019,Polio - 3rd dose,Yes
BGD,Bangladesh,SEARO,2020,Polio - 3rd dose,Yes
BGD,Bangladesh,SEARO,2021,Polio - 3rd dose,Yes
BGD,Bangladesh,SEARO,2022,Polio - 3rd dose,Yes
BGD,Bangladesh,SEARO,2023,Polio - 3rd dose,Yes
BGD,Bangladesh,SEARO,2010,Hepatitis B - 3rd dose,Yes
BGD,Bangladesh,SEARO,2011,Hepatitis B - 3rd dose,Yes
BGD,Bangladesh,SEARO,2012,Hepatitis B - 3rd dose,Yes
BGD,Bangladesh,SEARO,2013,Hepatitis B - 3rd dose,Yes
BGD,Bangladesh,SEARO,2014,Hepatitis B - 3rd dose,Yes
BGD,Bangladesh,SEARO,2015,Hepatitis B - 3rd dose,Yes
BGD,Bangladesh,SEARO,2016,Hepatitis B - 3rd dose,Yes
BGD,Bangladesh,SEARO,2017,Hepatitis B - 3rd dose,Yes
BGD,Bangladesh,SEARO,2018,Hepatitis B - 3rd dose,Yes
BGD,Bangladesh,SEARO,2019,Hepatitis B - 3rd dose,Yes
BGD,Bangladesh,SEARO,2020,Hepatitis B - 3rd dose,Yes
BGD,Bangladesh,SEARO,2021,Hepatitis B - 3rd dose,Yes
BGD,Bangladesh,SEARO,2022,Hepatitis B - 3rd dose,Yes
BGD,Bangladesh,SEARO,2023,Hepatitis B - 3rd dose,Yes
BGD,Bangladesh,SEARO,2010,Pneumococcal conjugate vaccine - 3rd dose,Yes
BGD,Bangladesh,SEARO,2011,Pneumococcal conjugate vaccine - 3rd dose,Yes
BGD,Bangladesh,SEARO,2012,Pneumococcal conjugate vaccine - 3rd dose,Yes
BGD,Bangladesh,SEARO,2013,Pneumococcal conjugate vaccine - 3rd dose,Yes
BGD,Bangladesh,SEARO,2014,Pneumococcal conjugate vaccine - 3rd dose,Yes
BGD,Bangladesh,SEARO,2015,Pneumococcal conjugate vaccine - 3rd dose,Yes
BGD,Bangladesh,SEARO,2016,Pneumococcal conjugate vaccine - 3rd dose,Yes
BGD,Bangladesh,SEARO,2017,Pneumococcal conjugate vaccine - 3rd dose,Yes
BGD,Bangladesh,SEARO,2018,Pneumococcal conjugate vaccine - 3rd dose,Yes
BGD,Bangladesh,SEARO,2019,Pneumococcal conjugate vaccine - 3rd dose,Yes
BGD,Bangladesh,SEARO,2020,Pneumococcal conjugate vaccine - 3rd dose,Yes
BGD,Bangladesh,SEARO,2021,Pneumococcal conjugate vaccine - 3rd dose,Yes
BGD,Bangladesh,SEARO,2022,Pneumococcal conjugate vaccine - 3rd dose,Yes
BGD,Bangladesh,SEARO,2023,Pneumococcal conjugate vaccine - 3rd dose,Yes
GBR,United Kingdom,EURO,2010,Bacille Calmette-Guerin (Tuberculosis),Yes
GBR,United Kingdom,EURO,2011,Bacille Calmette-Guerin (Tuberculosis),Yes
GBR,United Kingdom,EURO,2012,Bacille Calmette-Guerin (Tuberculosis),Yes
GBR,United Kingdom,EURO,2013,Bacille Calmette-Guerin (Tuberculosis),Yes
GBR,United Kingdom,EURO,2014,Bacille Calmette-Guerin (Tuberculosis),Yes
GBR,United Kingdom,EURO,2015,Bacille Calmette-Guerin (Tuberculosis),Yes
GBR,United Kingdom,EURO,2016,Bacille Calmette-Guerin (Tuberculosis),Yes
GBR,United Kingdom,EURO,2017,Bacille Calmette-Guerin (Tuberculosis),Yes
GBR,United Kingdom,EURO,2018,Bacille Calmette-Guerin (Tuberculosis),Yes
GBR,United Kingdom,EURO,2019,Bacille Calmette-Guerin (Tuberculosis),Yes
GBR,United Kingdom,EURO,2020,Bacille Calmette-Guerin (Tuberculosis),Yes
GBR,United Kingdom,EURO,2021,Bacille Calmette-Guerin (Tuberculosis),Yes
GBR,United Kingdom,EURO,2022,Bacille Calmette-Guerin (Tuberculosis),Yes
GBR,United Kingdom,EURO,2023,Bacille Calmette-Guerin (Tuberculosis),Yes
GBR,United Kingdom,EURO,2010,Diphtheria/Tetanus/Pertussis - 1st dose,Yes
GBR,United Kingdom,EURO,2011,Diphtheria/Tetanus/Pertussis - 1st dose,Yes
GBR,United Kingdom,EURO,2012,Diphtheria/Tetanus/Pertussis - 1st dose,Yes
GBR,United Kingdom,EURO,2013,Diphtheria/Tetanus/Pertussis - 1st dose,Yes
GBR,United Kingdom,EURO,2014,Diphtheria/Tetanus/Pertussis - 1st dose,Yes
GBR,United Kingdom,EURO,2015,Diphtheria/Tetanus/Pertussis - 1st dose,Yes
GBR,United Kingdom,EURO,2016,Diphtheria/Tetanus/Pertussis - 1st dose,Yes
GBR,United Kingdom,EURO,2017,Diphtheria/Tetanus/Pertussis - 1st dose,Yes
GBR,United Kingdom,EURO,2018,Diphtheria/Tetanus/Pertussis - 1st dose,Yes
GBR,United Kingdom,EURO,2019,Diphtheria/Tetanus/Pertussis - 1st dose,Yes
GBR,United Kingdom,EURO,2020,Diphtheria/Tetanus/Pertussis - 1st dose,Yes
GBR,United Kingdom,EURO,2021,Diphtheria/Tetanus/Pertussis - 1st dose,Yes
GBR,United Kingdom,EURO,2022,Diphtheria/Tetanus/Pertussis - 1st dose,Yes
GBR,United Kingdom,EURO,2023,Diphtheria/Tetanus/Pertussis - 1st dose,Yes
GBR,United Kingdom,EURO,2010,Diphtheria/Tetanus/Pertussis - 3rd dose,No
GBR,United Kingdom,EURO,2011,Diphtheria/Tetanus/Pertussis - 3rd dose,Yes
GBR,United Kingdom,EURO,2012,Diphtheria/Tetanus/Pertussis - 3rd dose,Yes
GBR,United Kingdom,EURO,2013,Diphtheria/Tetanus/Pertussis - 3rd dose,Yes
GBR,United Kingdom,EURO,2014,Diphtheria/Tetanus/Pertussis - 3rd dose,Yes
GBR,United Kingdom,EURO,2015,Diphtheria/Tetanus/Pertussis - 3rd dose,Yes
GBR,United Kingdom,EURO,2016,Diphtheria/Tetanus/Pertussis - 3rd dose,Yes
GBR,United Kingdom,EURO,2017,Diphtheria/Tetanus/Pertussis - 3rd dose,Yes
GBR,United Kingdom,EURO,2018,Diphtheria/Tetanus/Pertussis - 3rd dose,Yes
GBR,United Kingdom,EURO,2019,Diphtheria/Tetanus/Pertussis - 3rd dose,Yes
GBR,United Kingdom,EURO,2020,Diphtheria/Tetanus/Pertussis - 3rd dose,Yes
GBR,United Kingdom,EURO,2021,Diphtheria/Tetanus/Pertussis - 3rd dose,Yes
GBR,United Kingdom,EURO,2022,Diphtheria/Tetanus/Pertussis - 3rd dose,Yes
GBR,United Kingdom,EURO,2023,Diphtheria/Tetanus/Pertussis - 3rd dose,Yes
GBR,United Kingdom,EURO,2010,Measles-containing vaccine - 1st dose,Yes
GBR,United Kingdom,EURO,2011,Measles-containing vaccine - 1st dose,Yes
GBR,United Kingdom,EURO,2012,Measles-containing vaccine - 1st dose,Yes
GBR,United Kingdom,EURO,2013,Measles-containing vaccine - 1st dose,Yes
GBR,United Kingdom,EURO,2014,Measles-containing vaccine - 1st dose,Yes
GBR,United Kingdom,EURO,2015,Measles-containing vaccine - 1st dose,Yes
GBR,United Kingdom,EURO,2016,Measles-containing vaccine - 1st dose,Yes
GBR,United Kingdom,EURO,2017,Measles-containing vaccine - 1st dose,Yes
GBR,United Kingdom,EURO,2018,Measles-containing vaccine - 1st dose,Yes
GBR,United Kingdom,EURO,2019,Measles-containing vaccine - 1st dose,Yes
GBR,United Kingdom,EURO,2020,Measles-containing vaccine - 1st dose,Yes
GBR,United Kingdom,EURO,2021,Measles-containing vaccine - 1st dose,Yes
GBR,United Kingdom,EURO,2022,Measles-containing vaccine - 1st dose,Yes
GBR,United Kingdom,EURO,2023,Measles-containing vaccine - 1st dose,Yes
GBR,United Kingdom,EURO,2010,Measles-containing vaccine - 2nd dose (booster),Yes
GBR,United Kingdom,EURO,2011,Measles-containing vaccine - 2nd dose (booster),Yes
GBR,United Kingdom,EURO,2012,Measles-containing vaccine - 2nd dose (booster),Yes
GBR,United Kingdom,EURO,2013,Measles-containing vaccine - 2nd dose (booster),Yes
GBR,United Kingdom,EURO,2014,Measles-containing vaccine - 2nd dose (booster),Yes
GBR,United Kingdom,EURO,2015,Measles-containing vaccine - 2nd dose (booster),Yes
GBR,United Kingdom,EURO,2016,Measles-containing vaccine - 2nd dose (booster),Yes
GBR,United Kingdom,EURO,2017,Measles-containing vaccine - 2nd dose (booster),Yes
GBR,United Kingdom,EURO,2018,Measles-containing vaccine - 2nd dose (booster),Yes
GBR,United Kingdom,EURO,2019,Measles-containing vaccine - 2nd dose (booster),Yes
GBR,United Kingdom,EURO,2020,Measles-containing vaccine - 2nd dose (booster),Yes
GBR,United Kingdom,EURO,2021,Measles-containing vaccine - 2nd dose (booster),Yes
GBR,United Kingdom,EURO,2022,Measles-containing vaccine - 2nd dose (booster),Yes
GBR,United Kingdom,EURO,2023,Measles-containing vaccine - 2nd dose (booster),Yes
GBR,United Kingdom,EURO,2010,Polio - 3rd dose,Yes
GBR,United Kingdom,EURO,2011,Polio - 3rd dose,Yes
GBR,United Kingdom,EURO,2012,Polio - 3rd dose,Yes
GBR,United Kingdom,EURO,2013,Polio - 3rd dose,Yes
GBR,United Kingdom,EURO,2014,Polio - 3rd dose,Yes
GBR,United Kingdom,EURO,2015,Polio - 3rd dose,Yes
GBR,United Kingdom,EURO,2016,Polio - 3rd dose,Yes
GBR,United Kingdom,EURO,2017,Polio - 3rd dose,Yes
GBR,United Kingdom,EURO,2018,Polio - 3rd dose,Yes
GBR,United Kingdom,EURO,2019,Polio - 3rd dose,Yes
GBR,United Kingdom,EURO,2020,Polio - 3rd dose,Yes
GBR,United Kingdom,EURO,2021,Polio - 3rd dose,Yes
GBR,United Kingdom,EURO,2022,Polio - 3rd dose,Yes
GBR,United Kingdom,EURO,2023,Polio - 3rd dose,Yes
GBR,United Kingdom,EURO,2010,Hepatitis B - 3rd dose,Yes
GBR,United Kingdom,EURO,2011,Hepatitis B - 3rd dose,Yes
GBR,United Kingdom,EURO,2012,Hepatitis B - 3rd dose,Yes
GBR,United Kingdom,EURO,2013,Hepatitis B - 3rd dose,Yes
GBR,United Kingdom,EURO,2014,Hepatitis B - 3rd dose,Yes
GBR,United Kingdom,EURO,2015,Hepatitis B - 3rd dose,Yes
GBR,United Kingdom,EURO,2016,Hepatitis B - 3rd dose,Yes
GBR,United Kingdom,EURO,2017,Hepatitis B - 3rd dose,Yes
GBR,United Kingdom,EURO,2018,Hepatitis B - 3rd dose,Yes
GBR,United Kingdom,EURO,2019,Hepatitis B - 3rd dose,Yes
GBR,United Kingdom,EURO,2020,Hepatitis B - 3rd dose,Yes
GBR,United Kingdom,EURO,2021,Hepatitis B - 3rd dose,Yes
GBR,United Kingdom,EURO,2022,Hepatitis B - 3rd dose,Yes
GBR,United Kingdom,EURO,2023,Hepatitis B - 3rd dose,Yes
GBR,United Kingdom,EURO,2010,Pneumococcal conjugate vaccine - 3rd dose,Yes
GBR,United Kingdom,EURO,2011,Pneumococcal conjugate vaccine - 3rd dose,Yes
GBR,United Kingdom,EURO,2012,Pneumococcal conjugate vaccine - 3rd dose,Yes
GBR,United Kingdom,EURO,2013,Pneumococcal conjugate vaccine - 3rd dose,Yes
GBR,United Kingdom,EURO,2014,Pneumococcal conjugate vaccine - 3rd dose,Yes
GBR,United Kingdom,EURO,2015,Pneumococcal conjugate vaccine - 3rd dose,Yes
GBR,United Kingdom,EURO,2016,Pneumococcal conjugate vaccine - 3rd dose,Yes
GBR,United Kingdom,EURO,2017,Pneumococcal conjugate vaccine - 3rd dose,Yes
GBR,United Kingdom,EURO,2018,Pneumococcal conjugate vaccine - 3rd dose,Yes
GBR,United Kingdom,EURO,2019,Pneumococcal conjugate vaccine - 3rd dose,Yes
GBR,United Kingdom,EURO,2020,Pneumococcal conjugate vaccine - 3rd dose,Yes
GBR,United Kingdom,EURO,2021,Pneumococcal conjugate vaccine - 3rd dose,Yes
GBR,United Kingdom,EURO,2022,Pneumococcal conjugate vaccine - 3rd dose,Yes
GBR,United Kingdom,EURO,2023,Pneumococcal conjugate vaccine - 3rd dose,Yes
DEU,Germany,EURO,2010,Bacille Calmette-Guerin (Tuberculosis),Yes
DEU,Germany,EURO,2011,Bacille Calmette-Guerin (Tuberculosis),Yes
DEU,Germany,EURO,2012,Bacille Calmette-Guerin (Tuberculosis),Yes
DEU,Germany,EURO,2013,Bacille Calmette-Guerin (Tuberculosis),Yes
DEU,Germany,EURO,2014,Bacille Calmette-Guerin (Tuberculosis),Yes
DEU,Germany,EURO,2015,Bacille Calmette-Guerin (Tuberculosis),Yes
DEU,Germany,EURO,2016,Bacille Calmette-Guerin (Tuberculosis),Yes
DEU,Germany,EURO,2017,Bacille Calmette-Guerin (Tuberculosis),Yes
DEU,Germany,EURO,2018,Bacille Calmette-Guerin (Tuberculosis),Yes
DEU,Germany,EURO,2019,Bacille Calmette-Guerin (Tuberculosis),Yes
DEU,Germany,EURO,2020,Bacille Calmette-Guerin (Tuberculosis),Yes
DEU,Germany,EURO,2021,Bacille Calmette-Guerin (Tuberculosis),Yes
DEU,Germany,EURO,2022,Bacille Calmette-Guerin (Tuberculosis),Yes
DEU,Germany,EURO,2023,Bacille Calmette-Guerin (Tuberculosis),Yes
DEU,Germany,EURO,2010,Diphtheria/Tetanus/Pertussis - 1st dose,No
DEU,Germany,EURO,2011,Diphtheria/Tetanus/Pertussis - 1st dose,Yes
DEU,Germany,EURO,2012,Diphtheria/Tetanus/Pertussis - 1st dose,Yes
DEU,Germany,EURO,2013,Diphtheria/Tetanus/Pertussis - 1st dose,Yes
DEU,Germany,EURO,2014,Diphtheria/Tetanus/Pertussis - 1st dose,Yes
DEU,Germany,EURO,2015,Diphtheria/Tetanus/Pertussis - 1st dose,Yes
DEU,Germany,EURO,2016,Diphtheria/Tetanus/Pertussis - 1st dose,Yes
DEU,Germany,EURO,2017,Diphtheria/Tetanus/Pertussis - 1st dose,Yes
DEU,Germany,EURO,2018,Diphtheria/Tetanus/Pertussis - 1st dose,Yes
DEU,Germany,EURO,2019,Diphtheria/Tetanus/Pertussis - 1st dose,Yes
DEU,Germany,EURO,2020,Diphtheria/Tetanus/Pertussis - 1st dose,Yes
DEU,Germany,EURO,2021,Diphtheria/Tetanus/Pertussis - 1st dose,Yes
DEU,Germany,EURO,2022,Diphtheria/Tetanus/Pertussis - 1st dose,Yes
DEU,Germany,EURO,2023,Diphtheria/Tetanus/Pertussis - 1st dose,Yes
DEU,Germany,EURO,2010,Diphtheria/Tetanus/Pertussis - 3rd dose,No
DEU,Germany,EURO,2011,Diphtheria/Tetanus/Pertussis - 3rd dose,No
DEU,Germany,EURO,2012,Diphtheria/Tetanus/Pertussis - 3rd dose,No
DEU,Germany,EURO,2013,Diphtheria/Tetanus/Pertussis - 3rd dose,Yes
DEU,Germany,EURO,2014,Diphtheria/Tetanus/Pertussis - 3rd dose,Yes
DEU,Germany,EURO,2015,Diphtheria/Tetanus/Pertussis - 3rd dose,Yes
DEU,Germany,EURO,2016,Diphtheria/Tetanus/Pertussis - 3rd dose,Yes
DEU,Germany,EURO,2017,Diphtheria/Tetanus/Pertussis - 3rd dose,Yes
DEU,Germany,EURO,2018,Diphtheria/Tetanus/Pertussis - 3rd dose,Yes
DEU,Germany,EURO,2019,Diphtheria/Tetanus/Pertussis - 3rd dose,Yes
DEU,Germany,EURO,2020,Diphtheria/Tetanus/Pertussis - 3rd dose,Yes
DEU,Germany,EURO,2021,Diphtheria/Tetanus/Pertussis - 3rd dose,Yes
DEU,Germany,EURO,2022,Diphtheria/Tetanus/Pertussis - 3rd dose,Yes
DEU,Germany,EURO,2023,Diphtheria/Tetanus/Pertussis - 3rd dose,Yes
DEU,Germany,EURO,2010,Measles-containing vaccine - 1st dose,No
DEU,Germany,EURO,2011,Measles-containing vaccine - 1st dose,No
DEU,Germany,EURO,2012,Measles-containing vaccine - 1st dose,No
DEU,Germany,EURO,2013,Measles-containing vaccine - 1st dose,Yes
DEU,Germany,EURO,2014,Measles-containing vaccine - 1st dose,Yes
DEU,Germany,EURO,2015,Measles-containing vaccine - 1st dose,Yes
DEU,Germany,EURO,2016,Measles-containing vaccine - 1st dose,Yes
DEU,Germany,EURO,2017,Measles-containing vaccine - 1st dose,Yes
DEU,Germany,EURO,2018,Measles-containing vaccine - 1st dose,Yes
DEU,Germany,EURO,2019,Measles-containing vaccine - 1st dose,Yes
DEU,Germany,EURO,2020,Measles-containing vaccine - 1st dose,Yes
DEU,Germany,EURO,2021,Measles-containing vaccine - 1st dose,Yes
DEU,Germany,EURO,2022,Measles-containing vaccine - 1st dose,Yes
DEU,Germany,EURO,2023,Measles-containing vaccine - 1st dose,Yes
DEU,Germany,EURO,2010,Measles-containing vaccine - 2nd dose (booster),No
DEU,Germany,EURO,2011,Measles-containing vaccine - 2nd dose (booster),No
DEU,Germany,EURO,2012,Measles-containing vaccine - 2nd dose (booster),No
DEU,Germany,EURO,2013,Measles-containing vaccine - 2nd dose (booster),No
DEU,Germany,EURO,2014,Measles-containing vaccine - 2nd dose (booster),Yes
DEU,Germany,EURO,2015,Measles-containing vaccine - 2nd dose (booster),Yes
DEU,Germany,EURO,2016,Measles-containing vaccine - 2nd dose (booster),Yes
DEU,Germany,EURO,2017,Measles-containing vaccine - 2nd dose (booster),Yes
DEU,Germany,EURO,2018,Measles-containing vaccine - 2nd dose (booster),Yes
DEU,Germany,EURO,2019,Measles-containing vaccine - 2nd dose (booster),Yes
DEU,Germany,EURO,2020,Measles-containing vaccine - 2nd dose (booster),Yes
DEU,Germany,EURO,2021,Measles-containing vaccine - 2nd dose (booster),Yes
DEU,Germany,EURO,2022,Measles-containing vaccine - 2nd dose (booster),Yes
DEU,Germany,EURO,2023,Measles-containing vaccine - 2nd dose (booster),Yes
DEU,Germany,EURO,2010,Polio - 3rd dose,Yes
DEU,Germany,EURO,2011,Polio - 3rd dose,Yes
DEU,Germany,EURO,2012,Polio - 3rd dose,Yes
DEU,Germany,EURO,2013,Polio - 3rd dose,Yes
DEU,Germany,EURO,2014,Polio - 3rd dose,Yes
DEU,Germany,EURO,2015,Polio - 3rd dose,Yes
DEU,Germany,EURO,2016,Polio - 3rd dose,Yes
DEU,Germany,EURO,2017,Polio - 3rd dose,Yes
DEU,Germany,EURO,2018,Polio - 3rd dose,Yes
DEU,Germany,EURO,2019,Polio - 3rd dose,Yes
DEU,Germany,EURO,2020,Polio - 3rd dose,Yes
DEU,Germany,EURO,2021,Polio - 3rd dose,Yes
DEU,Germany,EURO,2022,Polio - 3rd dose,Yes
DEU,Germany,EURO,2023,Polio - 3rd dose,Yes
DEU,Germany,EURO,2010,Hepatitis B - 3rd dose,No
DEU,Germany,EURO,2011,Hepatitis B - 3rd dose,Yes
DEU,Germany,EURO,2012,Hepatitis B - 3rd dose,Yes
DEU,Germany,EURO,2013,Hepatitis B - 3rd dose,Yes
DEU,Germany,EURO,2014,Hepatitis B - 3rd dose,Yes
DEU,Germany,EURO,2015,Hepatitis B - 3rd dose,Yes
DEU,Germany,EURO,2016,Hepatitis B - 3rd dose,Yes
DEU,Germany,EURO,2017,Hepatitis B - 3rd dose,Yes
DEU,Germany,EURO,2018,Hepatitis B - 3rd dose,Yes
DEU,Germany,EURO,2019,Hepatitis B - 3rd dose,Yes
DEU,Germany,EURO,2020,Hepatitis B - 3rd dose,Yes
DEU,Germany,EURO,2021,Hepatitis B - 3rd dose,Yes
DEU,Germany,EURO,2022,Hepatitis B - 3rd dose,Yes
DEU,Germany,EURO,2023,Hepatitis B - 3rd dose,Yes
DEU,Germany,EURO,2010,Pneumococcal conjugate vaccine - 3rd dose,Yes
DEU,Germany,EURO,2011,Pneumococcal conjugate vaccine - 3rd dose,Yes
DEU,Germany,EURO,2012,Pneumococcal conjugate vaccine - 3rd dose,Yes
DEU,Germany,EURO,2013,Pneumococcal conjugate vaccine - 3rd dose,Yes
DEU,Germany,EURO,2014,Pneumococcal conjugate vaccine - 3rd dose,Yes
DEU,Germany,EURO,2015,Pneumococcal conjugate vaccine - 3rd dose,Yes
DEU,Germany,EURO,2016,Pneumococcal conjugate vaccine - 3rd dose,Yes
DEU,Germany,EURO,2017,Pneumococcal conjugate vaccine - 3rd dose,Yes
DEU,Germany,EURO,2018,Pneumococcal conjugate vaccine - 3rd dose,Yes
DEU,Germany,EURO,2019,Pneumococcal conjugate vaccine - 3rd dose,Yes
DEU,Germany,EURO,2020,Pneumococcal conjugate vaccine - 3rd dose,Yes
DEU,Germany,EURO,2021,Pneumococcal conjugate vaccine - 3rd dose,Yes
DEU,Germany,EURO,2022,Pneumococcal conjugate vaccine - 3rd dose,Yes
DEU,Germany,EURO,2023,Pneumococcal conjugate vaccine - 3rd dose,Yes
CHN,China,WPRO,2010,Bacille Calmette-Guerin (Tuberculosis),Yes
CHN,China,WPRO,2011,Bacille Calmette-Guerin (Tuberculosis),Yes
CHN,China,WPRO,2012,Bacille Calmette-Guerin (Tuberculosis),Yes
CHN,China,WPRO,2013,Bacille Calmette-Guerin (Tuberculosis),Yes
CHN,China,WPRO,2014,Bacille Calmette-Guerin (Tuberculosis),Yes
CHN,China,WPRO,2015,Bacille Calmette-Guerin (Tuberculosis),Yes
CHN,China,WPRO,2016,Bacille Calmette-Guerin (Tuberculosis),Yes
CHN,China,WPRO,2017,Bacille Calmette-Guerin (Tuberculosis),Yes
CHN,China,WPRO,2018,Bacille Calmette-Guerin (Tuberculosis),Yes
CHN,China,WPRO,2019,Bacille Calmette-Guerin (Tuberculosis),Yes
CHN,China,WPRO,2020,Bacille Calmette-Guerin (Tuberculosis),Yes
CHN,China,WPRO,2021,Bacille Calmette-Guerin (Tuberculosis),Yes
CHN,China,WPRO,2022,Bacille Calmette-Guerin (Tuberculosis),Yes
CHN,China,WPRO,2023,Bacille Calmette-Guerin (Tuberculosis),Yes
CHN,China,WPRO,2010,Diphtheria/Tetanus/Pertussis - 1st dose,Yes
CHN,China,WPRO,2011,Diphtheria/Tetanus/Pertussis - 1st dose,Yes
CHN,China,WPRO,2012,Diphtheria/Tetanus/Pertussis - 1st dose,Yes
CHN,China,WPRO,2013,Diphtheria/Tetanus/Pertussis - 1st dose,Yes
CHN,China,WPRO,2014,Diphtheria/Tetanus/Pertussis - 1st dose,Yes
CHN,China,WPRO,2015,Diphtheria/Tetanus/Pertussis - 1st dose,Yes
CHN,China,WPRO,2016,Diphtheria/Tetanus/Pertussis - 1st dose,Yes
CHN,China,WPRO,2017,Diphtheria/Tetanus/Pertussis - 1st dose,Yes
CHN,China,WPRO,2018,Diphtheria/Tetanus/Pertussis - 1st dose,Yes
CHN,China,WPRO,2019,Diphtheria/Tetanus/Pertussis - 1st dose,Yes
CHN,China,WPRO,2020,Diphtheria/Tetanus/Pertussis - 1st dose,Yes
CHN,China,WPRO,2021,Diphtheria/Tetanus/Pertussis - 1st dose,Yes
CHN,China,WPRO,2022,Diphtheria/Tetanus/Pertussis - 1st dose,Yes
CHN,China,WPRO,2023,Diphtheria/Tetanus/Pertussis - 1st dose,Yes
CHN,China,WPRO,2010,Diphtheria/Tetanus/Pertussis - 3rd dose,Yes
CHN,China,WPRO,2011,Diphtheria/Tetanus/Pertussis - 3rd dose,Yes
CHN,China,WPRO,2012,Diphtheria/Tetanus/Pertussis - 3rd dose,Yes
CHN,China,WPRO,2013,Diphtheria/Tetanus/Pertussis - 3rd dose,Yes
CHN,China,WPRO,2014,Diphtheria/Tetanus/Pertussis - 3rd dose,Yes
CHN,China,WPRO,2015,Diphtheria/Tetanus/Pertussis - 3rd dose,Yes
CHN,China,WPRO,2016,Diphtheria/Tetanus/Pertussis - 3rd dose,Yes
CHN,China,WPRO,2017,Diphtheria/Tetanus/Pertussis - 3rd dose,Yes
CHN,China,WPRO,2018,Diphtheria/Tetanus/Pertussis - 3rd dose,Yes
CHN,China,WPRO,2019,Diphtheria/Tetanus/Pertussis - 3rd dose,Yes
CHN,China,WPRO,2020,Diphtheria/Tetanus/Pertussis - 3rd dose,Yes
CHN,China,WPRO,2021,Diphtheria/Tetanus/Pertussis - 3rd dose,Yes
CHN,China,WPRO,2022,Diphtheria/Tetanus/Pertussis - 3rd dose,Yes
CHN,China,WPRO,2023,Diphtheria/Tetanus/Pertussis - 3rd dose,Yes
CHN,China,WPRO,2010,Measles-containing vaccine - 1st dose,Yes
CHN,China,WPRO,2011,Measles-containing vaccine - 1st dose,Yes
CHN,China,WPRO,2012,Measles-containing vaccine - 1st dose,Yes
CHN,China,WPRO,2013,Measles-containing vaccine - 1st dose,Yes
CHN,China,WPRO,2014,Measles-containing vaccine - 1st dose,Yes
CHN,China,WPRO,2015,Measles-containing vaccine - 1st dose,Yes
CHN,China,WPRO,2016,Measles-containing vaccine - 1st dose,Yes
CHN,China,WPRO,2017,Measles-containing vaccine - 1st dose,Yes
CHN,China,WPRO,2018,Measles-containing vaccine - 1st dose,Yes
CHN,China,WPRO,2019,Measles-containing vaccine - 1st dose,Yes
CHN,China,WPRO,2020,Measles-containing vaccine - 1st dose,Yes
CHN,China,WPRO,2021,Measles-containing vaccine - 1st dose,Yes
CHN,China,WPRO,2022,Measles-containing vaccine - 1st dose,Yes
CHN,China,WPRO,2023,Measles-containing vaccine - 1st dose,Yes
CHN,China,WPRO,2010,Measles-containing vaccine - 2nd dose (booster),No
CHN,China,WPRO,2011,Measles-containing vaccine - 2nd dose (booster),No
CHN,China,WPRO,2012,Measles-containing vaccine - 2nd dose (booster),No
CHN,China,WPRO,2013,Measles-containing vaccine - 2nd dose (booster),Yes
CHN,China,WPRO,2014,Measles-containing vaccine - 2nd dose (booster),Yes
CHN,China,WPRO,2015,Measles-containing vaccine - 2nd dose (booster),Yes
CHN,China,WPRO,2016,Measles-containing vaccine - 2nd dose (booster),Yes
CHN,China,WPRO,2017,Measles-containing vaccine - 2nd dose (booster),Yes
CHN,China,WPRO,2018,Measles-containing vaccine - 2nd dose (booster),Yes
CHN,China,WPRO,2019,Measles-containing vaccine - 2nd dose (booster),Yes
CHN,China,WPRO,2020,Measles-containing vaccine - 2nd dose (booster),Yes
CHN,China,WPRO,2021,Measles-containing vaccine - 2nd dose (booster),Yes
CHN,China,WPRO,2022,Measles-containing vaccine - 2nd dose (booster),Yes
CHN,China,WPRO,2023,Measles-containing vaccine - 2nd dose (booster),Yes
CHN,China,WPRO,2010,Polio - 3rd dose,Yes
CHN,China,WPRO,2011,Polio - 3rd dose,Yes
CHN,China,WPRO,2012,Polio - 3rd dose,Yes
CHN,China,WPRO,2013,Polio - 3rd dose,Yes
CHN,China,WPRO,2014,Polio - 3rd dose,Yes
CHN,China,WPRO,2015,Polio - 3rd dose,Yes
CHN,China,WPRO,2016,Polio - 3rd dose,Yes
CHN,China,WPRO,2017,Polio - 3rd dose,Yes
CHN,China,WPRO,2018,Polio - 3rd dose,Yes
CHN,China,WPRO,2019,Polio - 3rd dose,Yes
CHN,China,WPRO,2020,Polio - 3rd dose,Yes
CHN,China,WPRO,2021,Polio - 3rd dose,Yes
CHN,China,WPRO,2022,Polio - 3rd dose,Yes
CHN,China,WPRO,2023,Polio - 3rd dose,Yes
CHN,China,WPRO,2010,Hepatitis B - 3rd dose,Yes
CHN,China,WPRO,2011,Hepatitis B - 3rd dose,Yes
CHN,China,WPRO,2012,Hepatitis B - 3rd dose,Yes
CHN,China,WPRO,2013,Hepatitis B - 3rd dose,Yes
CHN,China,WPRO,2014,Hepatitis B - 3rd dose,Yes
CHN,China,WPRO,2015,Hepatitis B - 3rd dose,Yes
CHN,China,WPRO,2016,Hepatitis B - 3rd dose,Yes
CHN,China,WPRO,2017,Hepatitis B - 3rd dose,Yes
CHN,China,WPRO,2018,Hepatitis B - 3rd dose,Yes
CHN,China,WPRO,2019,Hepatitis B - 3rd dose,Yes
CHN,China,WPRO,2020,Hepatitis B - 3rd dose,Yes
CHN,China,WPRO,2021,Hepatitis B - 3rd dose,Yes
CHN,China,WPRO,2022,Hepatitis B - 3rd dose,Yes
CHN,China,WPRO,2023,Hepatitis B - 3rd dose,Yes
CHN,China,WPRO,2010,Pneumococcal conjugate vaccine - 3rd dose,No
CHN,China,WPRO,2011,Pneumococcal conjugate vaccine - 3rd dose,Yes
CHN,China,WPRO,2012,Pneumococcal conjugate vaccine - 3rd dose,Yes
CHN,China,WPRO,2013,Pneumococcal conjugate vaccine - 3rd dose,Yes
CHN,China,WPRO,2014,Pneumococcal conjugate vaccine - 3rd dose,Yes
CHN,China,WPRO,2015,Pneumococcal conjugate vaccine - 3rd dose,Yes
CHN,China,WPRO,2016,Pneumococcal conjugate vaccine - 3rd dose,Yes
CHN,China,WPRO,2017,Pneumococcal conjugate vaccine - 3rd dose,Yes
CHN,China,WPRO,2018,Pneumococcal conjugate vaccine - 3rd dose,Yes
CHN,China,WPRO,2019,Pneumococcal conjugate vaccine - 3rd dose,Yes
CHN,China,WPRO,2020,Pneumococcal conjugate vaccine - 3rd dose,Yes
CHN,China,WPRO,2021,Pneumococcal conjugate vaccine - 3rd dose,Yes
CHN,China,WPRO,2022,Pneumococcal conjugate vaccine - 3rd dose,Yes
CHN,China,WPRO,2023,Pneumococcal conjugate vaccine - 3rd dose,Yes
ZAF,South Africa,AFRO,2010,Bacille Calmette-Guerin (Tuberculosis),Yes
ZAF,South Africa,AFRO,2011,Bacille Calmette-Guerin (Tuberculosis),Yes
ZAF,South Africa,AFRO,2012,Bacille Calmette-Guerin (Tuberculosis),Yes
ZAF,South Africa,AFRO,2013,Bacille Calmette-Guerin (Tuberculosis),Yes
ZAF,South Africa,AFRO,2014,Bacille Calmette-Guerin (Tuberculosis),Yes
ZAF,South Africa,AFRO,2015,Bacille Calmette-Guerin (Tuberculosis),Yes
ZAF,South Africa,AFRO,2016,Bacille Calmette-Guerin (Tuberculosis),Yes
ZAF,South Africa,AFRO,2017,Bacille Calmette-Guerin (Tuberculosis),Yes
ZAF,South Africa,AFRO,2018,Bacille Calmette-Guerin (Tuberculosis),Yes
ZAF,South Africa,AFRO,2019,Bacille Calmette-Guerin (Tuberculosis),Yes
ZAF,South Africa,AFRO,2020,Bacille Calmette-Guerin (Tuberculosis),Yes
ZAF,South Africa,AFRO,2021,Bacille Calmette-Guerin (Tuberculosis),Yes
ZAF,South Africa,AFRO,2022,Bacille Calmette-Guerin (Tuberculosis),Yes
ZAF,South Africa,AFRO,2023,Bacille Calmette-Guerin (Tuberculosis),Yes
ZAF,South Africa,AFRO,2010,Diphtheria/Tetanus/Pertussis - 1st dose,Yes
ZAF,South Africa,AFRO,2011,Diphtheria/Tetanus/Pertussis - 1st dose,Yes
ZAF,South Africa,AFRO,2012,Diphtheria/Tetanus/Pertussis - 1st dose,Yes
ZAF,South Africa,AFRO,2013,Diphtheria/Tetanus/Pertussis - 1st dose,Yes
ZAF,South Africa,AFRO,2014,Diphtheria/Tetanus/Pertussis - 1st dose,Yes
ZAF,South Africa,AFRO,2015,Diphtheria/Tetanus/Pertussis - 1st dose,Yes
ZAF,South Africa,AFRO,2016,Diphtheria/Tetanus/Pertussis - 1st dose,Yes
ZAF,South Africa,AFRO,2017,Diphtheria/Tetanus/Pertussis - 1st dose,Yes
ZAF,South Africa,AFRO,2018,Diphtheria/Tetanus/Pertussis - 1st dose,Yes
ZAF,South Africa,AFRO,2019,Diphtheria/Tetanus/Pertussis - 1st dose,Yes
ZAF,South Africa,AFRO,2020,Diphtheria/Tetanus/Pertussis - 1st dose,Yes
ZAF,South Africa,AFRO,2021,Diphtheria/Tetanus/Pertussis - 1st dose,Yes
ZAF,South Africa,AFRO,2022,Diphtheria/Tetanus/Pertussis - 1st dose,Yes
ZAF,South Africa,AFRO,2023,Diphtheria/Tetanus/Pertussis - 1st dose,Yes
ZAF,South Africa,AFRO,2010,Diphtheria/Tetanus/Pertussis - 3rd dose,Yes
ZAF,South Africa,AFRO,2011,Diphtheria/Tetanus/Pertussis - 3rd dose,Yes
ZAF,South Africa,AFRO,2012,Diphtheria/Tetanus/Pertussis - 3rd dose,Yes
ZAF,South Africa,AFRO,2013,Diphtheria/Tetanus/Pertussis - 3rd dose,Yes
ZAF,South Africa,AFRO,2014,Diphtheria/Tetanus/Pertussis - 3rd dose,Yes
ZAF,South Africa,AFRO,2015,Diphtheria/Tetanus/Pertussis - 3rd dose,Yes
ZAF,South Africa,AFRO,2016,Diphtheria/Tetanus/Pertussis - 3rd dose,Yes
ZAF,South Africa,AFRO,2017,Diphtheria/Tetanus/Pertussis - 3rd dose,Yes
ZAF,South Africa,AFRO,2018,Diphtheria/Tetanus/Pertussis - 3rd dose,Yes
ZAF,South Africa,AFRO,2019,Diphtheria/Tetanus/Pertussis - 3rd dose,Yes
ZAF,South Africa,AFRO,2020,Diphtheria/Tetanus/Pertussis - 3rd dose,Yes
ZAF,South Africa,AFRO,2021,Diphtheria/Tetanus/Pertussis - 3rd dose,Yes
ZAF,South Africa,AFRO,2022,Diphtheria/Tetanus/Pertussis - 3rd dose,Yes
ZAF,South Africa,AFRO,2023,Diphtheria/Tetanus/Pertussis - 3rd dose,Yes
ZAF,South Africa,AFRO,2010,Measles-containing vaccine - 1st dose,No
ZAF,South Africa,AFRO,2011,Measles-containing vaccine - 1st dose,Yes
ZAF,South Africa,AFRO,2012,Measles-containing vaccine - 1st dose,Yes
ZAF,South Africa,AFRO,2013,Measles-containing vaccine - 1st dose,Yes
ZAF,South Africa,AFRO,2014,Measles-containing vaccine - 1st dose,Yes
ZAF,South Africa,AFRO,2015,Measles-containing vaccine - 1st dose,Yes
ZAF,South Africa,AFRO,2016,Measles-containing vaccine - 1st dose,Yes
ZAF,South Africa,AFRO,2017,Measles-containing vaccine - 1st dose,Yes
ZAF,South Africa,AFRO,2018,Measles-containing vaccine - 1st dose,Yes
ZAF,South Africa,AFRO,2019,Measles-containing vaccine - 1st dose,Yes
ZAF,South Africa,AFRO,2020,Measles-containing vaccine - 1st dose,Yes
ZAF,South Africa,AFRO,2021,Measles-containing vaccine - 1st dose,Yes
ZAF,South Africa,AFRO,2022,Measles-containing vaccine - 1st dose,Yes
ZAF,South Africa,AFRO,2023,Measles-containing vaccine - 1st dose,Yes
ZAF,South Africa,AFRO,2010,Measles-containing vaccine - 2nd dose (booster),Yes
ZAF,South Africa,AFRO,2011,Measles-containing vaccine - 2nd dose (booster),Yes
ZAF,South Africa,AFRO,2012,Measles-containing vaccine - 2nd dose (booster),Yes
ZAF,South Africa,AFRO,2013,Measles-containing vaccine - 2nd dose (booster),Yes
ZAF,South Africa,AFRO,2014,Measles-containing vaccine - 2nd dose (booster),Yes
ZAF,South Africa,AFRO,2015,Measles-containing vaccine - 2nd dose (booster),Yes
ZAF,South Africa,AFRO,2016,Measles-containing vaccine - 2nd dose (booster),Yes
ZAF,South Africa,AFRO,2017,Measles-containing vaccine - 2nd dose (booster),Yes
ZAF,South Africa,AFRO,2018,Measles-containing vaccine - 2nd dose (booster),Yes
ZAF,South Africa,AFRO,2019,Measles-containing vaccine - 2nd dose (booster),Yes
ZAF,South Africa,AFRO,2020,Measles-containing vaccine - 2nd dose (booster),Yes
ZAF,South Africa,AFRO,2021,Measles-containing vaccine - 2nd dose (booster),Yes
ZAF,South Africa,AFRO,2022,Measles-containing vaccine - 2nd dose (booster),Yes
ZAF,South Africa,AFRO,2023,Measles-containing vaccine - 2nd dose (booster),Yes
ZAF,South Africa,AFRO,2010,Polio - 3rd dose,Yes
ZAF,South Africa,AFRO,2011,Polio - 3rd dose,Yes
ZAF,South Africa,AFRO,2012,Polio - 3rd dose,Yes
ZAF,South Africa,AFRO,2013,Polio - 3rd dose,Yes
ZAF,South Africa,AFRO,2014,Polio - 3rd dose,Yes
ZAF,South Africa,AFRO,2015,Polio - 3rd dose,Yes
ZAF,South Africa,AFRO,2016,Polio - 3rd dose,Yes
ZAF,South Africa,AFRO,2017,Polio - 3rd dose,Yes
ZAF,South Africa,AFRO,2018,Polio - 3rd dose,Yes
ZAF,South Africa,AFRO,2019,Polio - 3rd dose,Yes
ZAF,South Africa,AFRO,2020,Polio - 3rd dose,Yes
ZAF,South Africa,AFRO,2021,Polio - 3rd dose,Yes
ZAF,South Africa,AFRO,2022,Polio - 3rd dose,Yes
ZAF,South Africa,AFRO,2023,Polio - 3rd dose,Yes
ZAF,South Africa,AFRO,2010,Hepatitis B - 3rd dose,No
ZAF,South Africa,AFRO,2011,Hepatitis B - 3rd dose,No
ZAF,South Africa,AFRO,2012,Hepatitis B - 3rd dose,No
ZAF,South Africa,AFRO,2013,Hepatitis B - 3rd dose,Yes
ZAF,South Africa,AFRO,2014,Hepatitis B - 3rd dose,Yes
ZAF,South Africa,AFRO,2015,Hepatitis B - 3rd dose,Yes
ZAF,South Africa,AFRO,2016,Hepatitis B - 3rd dose,Yes
ZAF,South Africa,AFRO,2017,Hepatitis B - 3rd dose,Yes
ZAF,South Africa,AFRO,2018,Hepatitis B - 3rd dose,Yes
ZAF,South Africa,AFRO,2019,Hepatitis B - 3rd dose,Yes
ZAF,South Africa,AFRO,2020,Hepatitis B - 3rd dose,Yes
ZAF,South Africa,AFRO,2021,Hepatitis B - 3rd dose,Yes
ZAF,South Africa,AFRO,2022,Hepatitis B - 3rd dose,Yes
ZAF,South Africa,AFRO,2023,Hepatitis B - 3rd dose,Yes
ZAF,South Africa,AFRO,2010,Pneumococcal conjugate vaccine - 3rd dose,Yes
ZAF,South Africa,AFRO,2011,Pneumococcal conjugate vaccine - 3rd dose,Yes
ZAF,South Africa,AFRO,2012,Pneumococcal conjugate vaccine - 3rd dose,Yes
ZAF,South Africa,AFRO,2013,Pneumococcal conjugate vaccine - 3rd dose,Yes
ZAF,South Africa,AFRO,2014,Pneumococcal conjugate vaccine - 3rd dose,Yes
ZAF,South Africa,AFRO,2015,Pneumococcal conjugate vaccine - 3rd dose,Yes
ZAF,South Africa,AFRO,2016,Pneumococcal conjugate vaccine - 3rd dose,Yes
ZAF,South Africa,AFRO,2017,Pneumococcal conjugate vaccine - 3rd dose,Yes
ZAF,South Africa,AFRO,2018,Pneumococcal conjugate vaccine - 3rd dose,Yes
ZAF,South Africa,AFRO,2019,Pneumococcal conjugate vaccine - 3rd dose,Yes
ZAF,South Africa,AFRO,2020,Pneumococcal conjugate vaccine - 3rd dose,Yes
ZAF,South Africa,AFRO,2021,Pneumococcal conjugate vaccine - 3rd dose,Yes
ZAF,South Africa,AFRO,2022,Pneumococcal conjugate vaccine - 3rd dose,Yes
ZAF,South Africa,AFRO,2023,Pneumococcal conjugate vaccine - 3rd dose,Yes
MEX,Mexico,AMRO,2010,Bacille Calmette-Guerin (Tuberculosis),Yes
MEX,Mexico,AMRO,2011,Bacille Calmette-Guerin (Tuberculosis),Yes
MEX,Mexico,AMRO,2012,Bacille Calmette-Guerin (Tuberculosis),Yes
MEX,Mexico,AMRO,2013,Bacille Calmette-Guerin (Tuberculosis),Yes
MEX,Mexico,AMRO,2014,Bacille Calmette-Guerin (Tuberculosis),Yes
MEX,Mexico,AMRO,2015,Bacille Calmette-Guerin (Tuberculosis),Yes
MEX,Mexico,AMRO,2016,Bacille Calmette-Guerin (Tuberculosis),Yes
MEX,Mexico,AMRO,2017,Bacille Calmette-Guerin (Tuberculosis),Yes
MEX,Mexico,AMRO,2018,Bacille Calmette-Guerin (Tuberculosis),Yes
MEX,Mexico,AMRO,2019,Bacille Calmette-Guerin (Tuberculosis),Yes
MEX,Mexico,AMRO,2020,Bacille Calmette-Guerin (Tuberculosis),Yes
MEX,Mexico,AMRO,2021,Bacille Calmette-Guerin (Tuberculosis),Yes
MEX,Mexico,AMRO,2022,Bacille Calmette-Guerin (Tuberculosis),Yes
MEX,Mexico,AMRO,2023,Bacille Calmette-Guerin (Tuberculosis),Yes
MEX,Mexico,AMRO,2010,Diphtheria/Tetanus/Pertussis - 1st dose,Yes
MEX,Mexico,AMRO,2011,Diphtheria/Tetanus/Pertussis - 1st dose,Yes
MEX,Mexico,AMRO,2012,Diphtheria/Tetanus/Pertussis - 1st dose,Yes
MEX,Mexico,AMRO,2013,Diphtheria/Tetanus/Pertussis - 1st dose,Yes
MEX,Mexico,AMRO,2014,Diphtheria/Tetanus/Pertussis - 1st dose,Yes
MEX,Mexico,AMRO,2015,Diphtheria/Tetanus/Pertussis - 1st dose,Yes
MEX,Mexico,AMRO,2016,Diphtheria/Tetanus/Pertussis - 1st dose,Yes
MEX,Mexico,AMRO,2017,Diphtheria/Tetanus/Pertussis - 1st dose,Yes
MEX,Mexico,AMRO,2018,Diphtheria/Tetanus/Pertussis - 1st dose,Yes
MEX,Mexico,AMRO,2019,Diphtheria/Tetanus/Pertussis - 1st dose,Yes
MEX,Mexico,AMRO,2020,Diphtheria/Tetanus/Pertussis - 1st dose,Yes
MEX,Mexico,AMRO,2021,Diphtheria/Tetanus/Pertussis - 1st dose,Yes
MEX,Mexico,AMRO,2022,Diphtheria/Tetanus/Pertussis - 1st dose,Yes
MEX,Mexico,AMRO,2023,Diphtheria/Tetanus/Pertussis - 1st dose,Yes
MEX,Mexico,AMRO,2010,Diphtheria/Tetanus/Pertussis - 3rd dose,Yes
MEX,Mexico,AMRO,2011,Diphtheria/Tetanus/Pertussis - 3rd dose,Yes
MEX,Mexico,AMRO,2012,Diphtheria/Tetanus/Pertussis - 3rd dose,Yes
MEX,Mexico,AMRO,2013,Diphtheria/Tetanus/Pertussis - 3rd dose,Yes
MEX,Mexico,AMRO,2014,Diphtheria/Tetanus/Pertussis - 3rd dose,Yes
MEX,Mexico,AMRO,2015,Diphtheria/Tetanus/Pertussis - 3rd dose,Yes
MEX,Mexico,AMRO,2016,Diphtheria/Tetanus/Pertussis - 3rd dose,Yes
MEX,Mexico,AMRO,2017,Diphtheria/Tetanus/Pertussis - 3rd dose,Yes
MEX,Mexico,AMRO,2018,Diphtheria/Tetanus/Pertussis - 3rd dose,Yes
MEX,Mexico,AMRO,2019,Diphtheria/Tetanus/Pertussis - 3rd dose,Yes
MEX,Mexico,AMRO,2020,Diphtheria/Tetanus/Pertussis - 3rd dose,Yes
MEX,Mexico,AMRO,2021,Diphtheria/Tetanus/Pertussis - 3rd dose,Yes
MEX,Mexico,AMRO,2022,Diphtheria/Tetanus/Pertussis - 3rd dose,Yes
MEX,Mexico,AMRO,2023,Diphtheria/Tetanus/Pertussis - 3rd dose,Yes
MEX,Mexico,AMRO,2010,Measles-containing vaccine - 1st dose,Yes
MEX,Mexico,AMRO,2011,Measles-containing vaccine - 1st dose,Yes
MEX,Mexico,AMRO,2012,Measles-containing vaccine - 1st dose,Yes
MEX,Mexico,AMRO,2013,Measles-containing vaccine - 1st dose,Yes
MEX,Mexico,AMRO,2014,Measles-containing vaccine - 1st dose,Yes
MEX,Mexico,AMRO,2015,Measles-containing vaccine - 1st dose,Yes
MEX,Mexico,AMRO,2016,Measles-containing vaccine - 1st dose,Yes
MEX,Mexico,AMRO,2017,Measles-containing vaccine - 1st dose,Yes
MEX,Mexico,AMRO,2018,Measles-containing vaccine - 1st dose,Yes
MEX,Mexico,AMRO,2019,Measles-containing vaccine - 1st dose,Yes
MEX,Mexico,AMRO,2020,Measles-containing vaccine - 1st dose,Yes
MEX,Mexico,AMRO,2021,Measles-containing vaccine - 1st dose,Yes
MEX,Mexico,AMRO,2022,Measles-containing vaccine - 1st dose,Yes
MEX,Mexico,AMRO,2023,Measles-containing vaccine - 1st dose,Yes
MEX,Mexico,AMRO,2010,Measles-containing vaccine - 2nd dose (booster),Yes
MEX,Mexico,AMRO,2011,Measles-containing vaccine - 2nd dose (booster),Yes
MEX,Mexico,AMRO,2012,Measles-containing vaccine - 2nd dose (booster),Yes
MEX,Mexico,AMRO,2013,Measles-containing vaccine - 2nd dose (booster),Yes
MEX,Mexico,AMRO,2014,Measles-containing vaccine - 2nd dose (booster),Yes
MEX,Mexico,AMRO,2015,Measles-containing vaccine - 2nd dose (booster),Yes
MEX,Mexico,AMRO,2016,Measles-containing vaccine - 2nd dose (booster),Yes
MEX,Mexico,AMRO,2017,Measles-containing vaccine - 2nd dose (booster),Yes
MEX,Mexico,AMRO,2018,Measles-containing vaccine - 2nd dose (booster),Yes
MEX,Mexico,AMRO,2019,Measles-containing vaccine - 2nd dose (booster),Yes
MEX,Mexico,AMRO,2020,Measles-containing vaccine - 2nd dose (booster),Yes
MEX,Mexico,AMRO,2021,Measles-containing vaccine - 2nd dose (booster),Yes
MEX,Mexico,AMRO,2022,Measles-containing vaccine - 2nd dose (booster),Yes
MEX,Mexico,AMRO,2023,Measles-containing vaccine - 2nd dose (booster),Yes
MEX,Mexico,AMRO,2010,Polio - 3rd dose,Yes
MEX,Mexico,AMRO,2011,Polio - 3rd dose,Yes
MEX,Mexico,AMRO,2012,Polio - 3rd dose,Yes
MEX,Mexico,AMRO,2013,Polio - 3rd dose,Yes
MEX,Mexico,AMRO,2014,Polio - 3rd dose,Yes
MEX,Mexico,AMRO,2015,Polio - 3rd dose,Yes
MEX,Mexico,AMRO,2016,Polio - 3rd dose,Yes
MEX,Mexico,AMRO,2017,Polio - 3rd dose,Yes
MEX,Mexico,AMRO,2018,Polio - 3rd dose,Yes
MEX,Mexico,AMRO,2019,Polio - 3rd dose,Yes
MEX,Mexico,AMRO,2020,Polio - 3rd dose,Yes
MEX,Mexico,AMRO,2021,Polio - 3rd dose,Yes
MEX,Mexico,AMRO,2022,Polio - 3rd dose,Yes
MEX,Mexico,AMRO,2023,Polio - 3rd dose,Yes
MEX,Mexico,AMRO,2010,Hepatitis B - 3rd dose,Yes
MEX,Mexico,AMRO,2011,Hepatitis B - 3rd dose,Yes
MEX,Mexico,AMRO,2012,Hepatitis B - 3rd dose,Yes
MEX,Mexico,AMRO,2013,Hepatitis B - 3rd dose,Yes
MEX,Mexico,AMRO,2014,Hepatitis B - 3rd dose,Yes
MEX,Mexico,AMRO,2015,Hepatitis B - 3rd dose,Yes
MEX,Mexico,AMRO,2016,Hepatitis B - 3rd dose,Yes
MEX,Mexico,AMRO,2017,Hepatitis B - 3rd dose,Yes
MEX,Mexico,AMRO,2018,Hepatitis B - 3rd dose,Yes
MEX,Mexico,AMRO,2019,Hepatitis B - 3rd dose,Yes
MEX,Mexico,AMRO,2020,Hepatitis B - 3rd dose,Yes
MEX,Mexico,AMRO,2021,Hepatitis B - 3rd dose,Yes
MEX,Mexico,AMRO,2022,Hepatitis B - 3rd dose,Yes
MEX,Mexico,AMRO,2023,Hepatitis B - 3rd dose,Yes
MEX,Mexico,AMRO,2010,Pneumococcal conjugate vaccine - 3rd dose,Yes
MEX,Mexico,AMRO,2011,Pneumococcal conjugate vaccine - 3rd dose,Yes
MEX,Mexico,AMRO,2012,Pneumococcal conjugate vaccine - 3rd dose,Yes
MEX,Mexico,AMRO,2013,Pneumococcal conjugate vaccine - 3rd dose,Yes
MEX,Mexico,AMRO,2014,Pneumococcal conjugate vaccine - 3rd dose,Yes
MEX,Mexico,AMRO,2015,Pneumococcal conjugate vaccine - 3rd dose,Yes
MEX,Mexico,AMRO,2016,Pneumococcal conjugate vaccine - 3rd dose,Yes
MEX,Mexico,AMRO,2017,Pneumococcal conjugate vaccine - 3rd dose,Yes
MEX,Mexico,AMRO,2018,Pneumococcal conjugate vaccine - 3rd dose,Yes
MEX,Mexico,AMRO,2019,Pneumococcal conjugate vaccine - 3rd dose,Yes
MEX,Mexico,AMRO,2020,Pneumococcal conjugate vaccine - 3rd dose,Yes
MEX,Mexico,AMRO,2021,Pneumococcal conjugate vaccine - 3rd dose,Yes
MEX,Mexico,AMRO,2022,Pneumococcal conjugate vaccine - 3rd dose,Yes
MEX,Mexico,AMRO,2023,Pneumococcal conjugate vaccine - 3rd dose,Yes
IDN,Indonesia,SEARO,2010,Bacille Calmette-Guerin (Tuberculosis),No
IDN,Indonesia,SEARO,2011,Bacille Calmette-Guerin (Tuberculosis),Yes
IDN,Indonesia,SEARO,2012,Bacille Calmette-Guerin (Tuberculosis),Yes
IDN,Indonesia,SEARO,2013,Bacille Calmette-Guerin (Tuberculosis),Yes
IDN,Indonesia,SEARO,2014,Bacille Calmette-Guerin (Tuberculosis),Yes
IDN,Indonesia,SEARO,2015,Bacille Calmette-Guerin (Tuberculosis),Yes
IDN,Indonesia,SEARO,2016,Bacille Calmette-Guerin (Tuberculosis),Yes
IDN,Indonesia,SEARO,2017,Bacille Calmette-Guerin (Tuberculosis),Yes
IDN,Indonesia,SEARO,2018,Bacille Calmette-Guerin (Tuberculosis),Yes
IDN,Indonesia,SEARO,2019,Bacille Calmette-Guerin (Tuberculosis),Yes
IDN,Indonesia,SEARO,2020,Bacille Calmette-Guerin (Tuberculosis),Yes
IDN,Indonesia,SEARO,2021,Bacille Calmette-Guerin (Tuberculosis),Yes
IDN,Indonesia,SEARO,2022,Bacille Calmette-Guerin (Tuberculosis),Yes
IDN,Indonesia,SEARO,2023,Bacille Calmette-Guerin (Tuberculosis),Yes
IDN,Indonesia,SEARO,2010,Diphtheria/Tetanus/Pertussis - 1st dose,Yes
IDN,Indonesia,SEARO,2011,Diphtheria/Tetanus/Pertussis - 1st dose,Yes
IDN,Indonesia,SEARO,2012,Diphtheria/Tetanus/Pertussis - 1st dose,Yes
IDN,Indonesia,SEARO,2013,Diphtheria/Tetanus/Pertussis - 1st dose,Yes
IDN,Indonesia,SEARO,2014,Diphtheria/Tetanus/Pertussis - 1st dose,Yes
IDN,Indonesia,SEARO,2015,Diphtheria/Tetanus/Pertussis - 1st dose,Yes
IDN,Indonesia,SEARO,2016,Diphtheria/Tetanus/Pertussis - 1st dose,Yes
IDN,Indonesia,SEARO,2017,Diphtheria/Tetanus/Pertussis - 1st dose,Yes
IDN,Indonesia,SEARO,2018,Diphtheria/Tetanus/Pertussis - 1st dose,Yes
IDN,Indonesia,SEARO,2019,Diphtheria/Tetanus/Pertussis - 1st dose,Yes
IDN,Indonesia,SEARO,2020,Diphtheria/Tetanus/Pertussis - 1st dose,Yes
IDN,Indonesia,SEARO,2021,Diphtheria/Tetanus/Pertussis - 1st dose,Yes
IDN,Indonesia,SEARO,2022,Diphtheria/Tetanus/Pertussis - 1st dose,Yes
IDN,Indonesia,SEARO,2023,Diphtheria/Tetanus/Pertussis - 1st dose,Yes
IDN,Indonesia,SEARO,2010,Diphtheria/Tetanus/Pertussis - 3rd dose,Yes
IDN,Indonesia,SEARO,2011,Diphtheria/Tetanus/Pertussis - 3rd dose,Yes
IDN,Indonesia,SEARO,2012,Diphtheria/Tetanus/Pertussis - 3rd dose,Yes
IDN,Indonesia,SEARO,2013,Diphtheria/Tetanus/Pertussis - 3rd dose,Yes
IDN,Indonesia,SEARO,2014,Diphtheria/Tetanus/Pertussis - 3rd dose,Yes
IDN,Indonesia,SEARO,2015,Diphtheria/Tetanus/Pertussis - 3rd dose,Yes
IDN,Indonesia,SEARO,2016,Diphtheria/Tetanus/Pertussis - 3rd dose,Yes
IDN,Indonesia,SEARO,2017,Diphtheria/Tetanus/Pertussis - 3rd dose,Yes
IDN,Indonesia,SEARO,2018,Diphtheria/Tetanus/Pertussis - 3rd dose,Yes
IDN,Indonesia,SEARO,2019,Diphtheria/Tetanus/Pertussis - 3rd dose,Yes
IDN,Indonesia,SEARO,2020,Diphtheria/Tetanus/Pertussis - 3rd dose,Yes
IDN,Indonesia,SEARO,2021,Diphtheria/Tetanus/Pertussis - 3rd dose,Yes
IDN,Indonesia,SEARO,2022,Diphtheria/Tetanus/Pertussis - 3rd dose,Yes
IDN,Indonesia,SEARO,2023,Diphtheria/Tetanus/Pertussis - 3rd dose,Yes
IDN,Indonesia,SEARO,2010,Measles-containing vaccine - 1st dose,Yes
IDN,Indonesia,SEARO,2011,Measles-containing vaccine - 1st dose,Yes
IDN,Indonesia,SEARO,2012,Measles-containing vaccine - 1st dose,Yes
IDN,Indonesia,SEARO,2013,Measles-containing vaccine - 1st dose,Yes
IDN,Indonesia,SEARO,2014,Measles-containing vaccine - 1st dose,Yes
IDN,Indonesia,SEARO,2015,Measles-containing vaccine - 1st dose,Yes
IDN,Indonesia,SEARO,2016,Measles-containing vaccine - 1st dose,Yes
IDN,Indonesia,SEARO,2017,Measles-containing vaccine - 1st dose,Yes
IDN,Indonesia,SEARO,2018,Measles-containing vaccine - 1st dose,Yes
IDN,Indonesia,SEARO,2019,Measles-containing vaccine - 1st dose,Yes
IDN,Indonesia,SEARO,2020,Measles-containing vaccine - 1st dose,Yes
IDN,Indonesia,SEARO,2021,Measles-containing vaccine - 1st dose,Yes
IDN,Indonesia,SEARO,2022,Measles-containing vaccine - 1st dose,Yes
IDN,Indonesia,SEARO,2023,Measles-containing vaccine - 1st dose,Yes
IDN,Indonesia,SEARO,2010,Measles-containing vaccine - 2nd dose (booster),Yes
IDN,Indonesia,SEARO,2011,Measles-containing vaccine - 2nd dose (booster),Yes
IDN,Indonesia,SEARO,2012,Measles-containing vaccine - 2nd dose (booster),Yes
IDN,Indonesia,SEARO,2013,Measles-containing vaccine - 2nd dose (booster),Yes
IDN,Indonesia,SEARO,2014,Measles-containing vaccine - 2nd dose (booster),Yes
IDN,Indonesia,SEARO,2015,Measles-containing vaccine - 2nd dose (booster),Yes
IDN,Indonesia,SEARO,2016,Measles-containing vaccine - 2nd dose (booster),Yes
IDN,Indonesia,SEARO,2017,Measles-containing vaccine - 2nd dose (booster),Yes
IDN,Indonesia,SEARO,2018,Measles-containing vaccine - 2nd dose (booster),Yes
IDN,Indonesia,SEARO,2019,Measles-containing vaccine - 2nd dose (booster),Yes
IDN,Indonesia,SEARO,2020,Measles-containing vaccine - 2nd dose (booster),Yes
IDN,Indonesia,SEARO,2021,Measles-containing vaccine - 2nd dose (booster),Yes
IDN,Indonesia,SEARO,2022,Measles-containing vaccine - 2nd dose (booster),Yes
IDN,Indonesia,SEARO,2023,Measles-containing vaccine - 2nd dose (booster),Yes
IDN,Indonesia,SEARO,2010,Polio - 3rd dose,Yes
IDN,Indonesia,SEARO,2011,Polio - 3rd dose,Yes
IDN,Indonesia,SEARO,2012,Polio - 3rd dose,Yes
IDN,Indonesia,SEARO,2013,Polio - 3rd dose,Yes
IDN,Indonesia,SEARO,2014,Polio - 3rd dose,Yes
IDN,Indonesia,SEARO,2015,Polio - 3rd dose,Yes
IDN,Indonesia,SEARO,2016,Polio - 3rd dose,Yes
IDN,Indonesia,SEARO,2017,Polio - 3rd dose,Yes
IDN,Indonesia,SEARO,2018,Polio - 3rd dose,Yes
IDN,Indonesia,SEARO,2019,Polio - 3rd dose,Yes
IDN,Indonesia,SEARO,2020,Polio - 3rd dose,Yes
IDN,Indonesia,SEARO,2021,Polio - 3rd dose,Yes
IDN,Indonesia,SEARO,2022,Polio - 3rd dose,Yes
IDN,Indonesia,SEARO,2023,Polio - 3rd dose,Yes
IDN,Indonesia,SEARO,2010,Hepatitis B - 3rd dose,Yes
IDN,Indonesia,SEARO,2011,Hepatitis B - 3rd dose,Yes
IDN,Indonesia,SEARO,2012,Hepatitis B - 3rd dose,Yes
IDN,Indonesia,SEARO,2013,Hepatitis B - 3rd dose,Yes
IDN,Indonesia,SEARO,2014,Hepatitis B - 3rd dose,Yes
IDN,Indonesia,SEARO,2015,Hepatitis B - 3rd dose,Yes
IDN,Indonesia,SEARO,2016,Hepatitis B - 3rd dose,Yes
IDN,Indonesia,SEARO,2017,Hepatitis B - 3rd dose,Yes
IDN,Indonesia,SEARO,2018,Hepatitis B - 3rd dose,Yes
IDN,Indonesia,SEARO,2019,Hepatitis B - 3rd dose,Yes
IDN,Indonesia,SEARO,2020,Hepatitis B - 3rd dose,Yes
IDN,Indonesia,SEARO,2021,Hepatitis B - 3rd dose,Yes
IDN,Indonesia,SEARO,2022,Hepatitis B - 3rd dose,Yes
IDN,Indonesia,SEARO,2023,Hepatitis B - 3rd dose,Yes
IDN,Indonesia,SEARO,2010,Pneumococcal conjugate vaccine - 3rd dose,Yes
IDN,Indonesia,SEARO,2011,Pneumococcal conjugate vaccine - 3rd dose,Yes
IDN,Indonesia,SEARO,2012,Pneumococcal conjugate vaccine - 3rd dose,Yes
IDN,Indonesia,SEARO,2013,Pneumococcal conjugate vaccine - 3rd dose,Yes
IDN,Indonesia,SEARO,2014,Pneumococcal conjugate vaccine - 3rd dose,Yes
IDN,Indonesia,SEARO,2015,Pneumococcal conjugate vaccine - 3rd dose,Yes
IDN,Indonesia,SEARO,2016,Pneumococcal conjugate vaccine - 3rd dose,Yes
IDN,Indonesia,SEARO,2017,Pneumococcal conjugate vaccine - 3rd dose,Yes
IDN,Indonesia,SEARO,2018,Pneumococcal conjugate vaccine - 3rd dose,Yes
IDN,Indonesia,SEARO,2019,Pneumococcal conjugate vaccine - 3rd dose,Yes
IDN,Indonesia,SEARO,2020,Pneumococcal conjugate vaccine - 3rd dose,Yes
IDN,Indonesia,SEARO,2021,Pneumococcal conjugate vaccine - 3rd dose,Yes
IDN,Indonesia,SEARO,2022,Pneumococcal conjugate vaccine - 3rd dose,Yes
IDN,Indonesia,SEARO,2023,Pneumococcal conjugate vaccine - 3rd dose,Yes
EGY,Egypt,EMRO,2010,Bacille Calmette-Guerin (Tuberculosis),Yes
EGY,Egypt,EMRO,2011,Bacille Calmette-Guerin (Tuberculosis),Yes
EGY,Egypt,EMRO,2012,Bacille Calmette-Guerin (Tuberculosis),Yes
EGY,Egypt,EMRO,2013,Bacille Calmette-Guerin (Tuberculosis),Yes
EGY,Egypt,EMRO,2014,Bacille Calmette-Guerin (Tuberculosis),Yes
EGY,Egypt,EMRO,2015,Bacille Calmette-Guerin (Tuberculosis),Yes
EGY,Egypt,EMRO,2016,Bacille Calmette-Guerin (Tuberculosis),Yes
EGY,Egypt,EMRO,2017,Bacille Calmette-Guerin (Tuberculosis),Yes
EGY,Egypt,EMRO,2018,Bacille Calmette-Guerin (Tuberculosis),Yes
EGY,Egypt,EMRO,2019,Bacille Calmette-Guerin (Tuberculosis),Yes
EGY,Egypt,EMRO,2020,Bacille Calmette-Guerin (Tuberculosis),Yes
EGY,Egypt,EMRO,2021,Bacille Calmette-Guerin (Tuberculosis),Yes
EGY,Egypt,EMRO,2022,Bacille Calmette-Guerin (Tuberculosis),Yes
EGY,Egypt,EMRO,2023,Bacille Calmette-Guerin (Tuberculosis),Yes
EGY,Egypt,EMRO,2010,Diphtheria/Tetanus/Pertussis - 1st dose,No
EGY,Egypt,EMRO,2011,Diphtheria/Tetanus/Pertussis - 1st dose,Yes
EGY,Egypt,EMRO,2012,Diphtheria/Tetanus/Pertussis - 1st dose,Yes
EGY,Egypt,EMRO,2013,Diphtheria/Tetanus/Pertussis - 1st dose,Yes
EGY,Egypt,EMRO,2014,Diphtheria/Tetanus/Pertussis - 1st dose,Yes
EGY,Egypt,EMRO,2015,Diphtheria/Tetanus/Pertussis - 1st dose,Yes
EGY,Egypt,EMRO,2016,Diphtheria/Tetanus/Pertussis - 1st dose,Yes
EGY,Egypt,EMRO,2017,Diphtheria/Tetanus/Pertussis - 1st dose,Yes
EGY,Egypt,EMRO,2018,Diphtheria/Tetanus/Pertussis - 1st dose,Yes
EGY,Egypt,EMRO,2019,Diphtheria/Tetanus/Pertussis - 1st dose,Yes
EGY,Egypt,EMRO,2020,Diphtheria/Tetanus/Pertussis - 1st dose,Yes
EGY,Egypt,EMRO,2021,Diphtheria/Tetanus/Pertussis - 1st dose,Yes
EGY,Egypt,EMRO,2022,Diphtheria/Tetanus/Pertussis - 1st dose,Yes
EGY,Egypt,EMRO,2023,Diphtheria/Tetanus/Pertussis - 1st dose,Yes
EGY,Egypt,EMRO,2010,Diphtheria/Tetanus/Pertussis - 3rd dose,Yes
EGY,Egypt,EMRO,2011,Diphtheria/Tetanus/Pertussis - 3rd dose,Yes
EGY,Egypt,EMRO,2012,Diphtheria/Tetanus/Pertussis - 3rd dose,Yes
EGY,Egypt,EMRO,2013,Diphtheria/Tetanus/Pertussis - 3rd dose,Yes
EGY,Egypt,EMRO,2014,Diphtheria/Tetanus/Pertussis - 3rd dose,Yes
EGY,Egypt,EMRO,2015,Diphtheria/Tetanus/Pertussis - 3rd dose,Yes
EGY,Egypt,EMRO,2016,Diphtheria/Tetanus/Pertussis - 3rd dose,Yes
EGY,Egypt,EMRO,2017,Diphtheria/Tetanus/Pertussis - 3rd dose,Yes
EGY,Egypt,EMRO,2018,Diphtheria/Tetanus/Pertussis - 3rd dose,Yes
EGY,Egypt,EMRO,2019,Diphtheria/Tetanus/Pertussis - 3rd dose,Yes
EGY,Egypt,EMRO,2020,Diphtheria/Tetanus/Pertussis - 3rd dose,Yes
EGY,Egypt,EMRO,2021,Diphtheria/Tetanus/Pertussis - 3rd dose,Yes
EGY,Egypt,EMRO,2022,Diphtheria/Tetanus/Pertussis - 3rd dose,Yes
EGY,Egypt,EMRO,2023,Diphtheria/Tetanus/Pertussis - 3rd dose,Yes
EGY,Egypt,EMRO,2010,Measles-containing vaccine - 1st dose,Yes
EGY,Egypt,EMRO,2011,Measles-containing vaccine - 1st dose,Yes
EGY,Egypt,EMRO,2012,Measles-containing vaccine - 1st dose,Yes
EGY,Egypt,EMRO,2013,Measles-containing vaccine - 1st dose,Yes
EGY,Egypt,EMRO,2014,Measles-containing vaccine - 1st dose,Yes
EGY,Egypt,EMRO,2015,Measles-containing vaccine - 1st dose,Yes
EGY,Egypt,EMRO,2016,Measles-containing vaccine - 1st dose,Yes
EGY,Egypt,EMRO,2017,Measles-containing vaccine - 1st dose,Yes
EGY,Egypt,EMRO,2018,Measles-containing vaccine - 1st dose,Yes
EGY,Egypt,EMRO,2019,Measles-containing vaccine - 1st dose,Yes
EGY,Egypt,EMRO,2020,Measles-containing vaccine - 1st dose,Yes
EGY,Egypt,EMRO,2021,Measles-containing vaccine - 1st dose,Yes
EGY,Egypt,EMRO,2022,Measles-containing vaccine - 1st dose,Yes
EGY,Egypt,EMRO,2023,Measles-containing vaccine - 1st dose,Yes
EGY,Egypt,EMRO,2010,Measles-containing vaccine - 2nd dose (booster),Yes
EGY,Egypt,EMRO,2011,Measles-containing vaccine - 2nd dose (booster),Yes
EGY,Egypt,EMRO,2012,Measles-containing vaccine - 2nd dose (booster),Yes
EGY,Egypt,EMRO,2013,Measles-containing vaccine - 2nd dose (booster),Yes
EGY,Egypt,EMRO,2014,Measles-containing vaccine - 2nd dose (booster),Yes
EGY,Egypt,EMRO,2015,Measles-containing vaccine - 2nd dose (booster),Yes
EGY,Egypt,EMRO,2016,Measles-containing vaccine - 2nd dose (booster),Yes
EGY,Egypt,EMRO,2017,Measles-containing vaccine - 2nd dose (booster),Yes
EGY,Egypt,EMRO,2018,Measles-containing vaccine - 2nd dose (booster),Yes
EGY,Egypt,EMRO,2019,Measles-containing vaccine - 2nd dose (booster),Yes
EGY,Egypt,EMRO,2020,Measles-containing vaccine - 2nd dose (booster),Yes
EGY,Egypt,EMRO,2021,Measles-containing vaccine - 2nd dose (booster),Yes
EGY,Egypt,EMRO,2022,Measles-containing vaccine - 2nd dose (booster),Yes
EGY,Egypt,EMRO,2023,Measles-containing vaccine - 2nd dose (booster),Yes
EGY,Egypt,EMRO,2010,Polio - 3rd dose,Yes
EGY,Egypt,EMRO,2011,Polio - 3rd dose,Yes
EGY,Egypt,EMRO,2012,Polio - 3rd dose,Yes
EGY,Egypt,EMRO,2013,Polio - 3rd dose,Yes
EGY,Egypt,EMRO,2014,Polio - 3rd dose,Yes
EGY,Egypt,EMRO,2015,Polio - 3rd dose,Yes
EGY,Egypt,EMRO,2016,Polio - 3rd dose,Yes
EGY,Egypt,EMRO,2017,Polio - 3rd dose,Yes
EGY,Egypt,EMRO,2018,Polio - 3rd dose,Yes
EGY,Egypt,EMRO,2019,Polio - 3rd dose,Yes
EGY,Egypt,EMRO,2020,Polio - 3rd dose,Yes
EGY,Egypt,EMRO,2021,Polio - 3rd dose,Yes
EGY,Egypt,EMRO,2022,Polio - 3rd dose,Yes
EGY,Egypt,EMRO,2023,Polio - 3rd dose,Yes
EGY,Egypt,EMRO,2010,Hepatitis B - 3rd dose,Yes
EGY,Egypt,EMRO,2011,Hepatitis B - 3rd dose,Yes
EGY,Egypt,EMRO,2012,Hepatitis B - 3rd dose,Yes
EGY,Egypt,EMRO,2013,Hepatitis B - 3rd dose,Yes
EGY,Egypt,EMRO,2014,Hepatitis B - 3rd dose,Yes
EGY,Egypt,EMRO,2015,Hepatitis B - 3rd dose,Yes
EGY,Egypt,EMRO,2016,Hepatitis B - 3rd dose,Yes
EGY,Egypt,EMRO,2017,Hepatitis B - 3rd dose,Yes
EGY,Egypt,EMRO,2018,Hepatitis B - 3rd dose,Yes
EGY,Egypt,EMRO,2019,Hepatitis B - 3rd dose,Yes
EGY,Egypt,EMRO,2020,Hepatitis B - 3rd dose,Yes
EGY,Egypt,EMRO,2021,Hepatitis B - 3rd dose,Yes
EGY,Egypt,EMRO,2022,Hepatitis B - 3rd dose,Yes
EGY,Egypt,EMRO,2023,Hepatitis B - 3rd dose,Yes
EGY,Egypt,EMRO,2010,Pneumococcal conjugate vaccine - 3rd dose,Yes
EGY,Egypt,EMRO,2011,Pneumococcal conjugate vaccine - 3rd dose,Yes
EGY,Egypt,EMRO,2012,Pneumococcal conjugate vaccine - 3rd dose,Yes
EGY,Egypt,EMRO,2013,Pneumococcal conjugate vaccine - 3rd dose,Yes
EGY,Egypt,EMRO,2014,Pneumococcal conjugate vaccine - 3rd dose,Yes
EGY,Egypt,EMRO,2015,Pneumococcal conjugate vaccine - 3rd dose,Yes
EGY,Egypt,EMRO,2016,Pneumococcal conjugate vaccine - 3rd dose,Yes
EGY,Egypt,EMRO,2017,Pneumococcal conjugate vaccine - 3rd dose,Yes
EGY,Egypt,EMRO,2018,Pneumococcal conjugate vaccine - 3rd dose,Yes
EGY,Egypt,EMRO,2019,Pneumococcal conjugate vaccine - 3rd dose,Yes
EGY,Egypt,EMRO,2020,Pneumococcal conjugate vaccine - 3rd dose,Yes
EGY,Egypt,EMRO,2021,Pneumococcal conjugate vaccine - 3rd dose,Yes
EGY,Egypt,EMRO,2022,Pneumococcal conjugate vaccine - 3rd dose,Yes
EGY,Egypt,EMRO,2023,Pneumococcal conjugate vaccine - 3rd dose,Yes
AUS,Australia,WPRO,2010,Bacille Calmette-Guerin (Tuberculosis),No
AUS,Australia,WPRO,2011,Bacille Calmette-Guerin (Tuberculosis),No
AUS,Australia,WPRO,2012,Bacille Calmette-Guerin (Tuberculosis),No
AUS,Australia,WPRO,2013,Bacille Calmette-Guerin (Tuberculosis),No
AUS,Australia,WPRO,2014,Bacille Calmette-Guerin (Tuberculosis),Yes
AUS,Australia,WPRO,2015,Bacille Calmette-Guerin (Tuberculosis),Yes
AUS,Australia,WPRO,2016,Bacille Calmette-Guerin (Tuberculosis),Yes
AUS,Australia,WPRO,2017,Bacille Calmette-Guerin (Tuberculosis),Yes
AUS,Australia,WPRO,2018,Bacille Calmette-Guerin (Tuberculosis),Yes
AUS,Australia,WPRO,2019,Bacille Calmette-Guerin (Tuberculosis),Yes
AUS,Australia,WPRO,2020,Bacille Calmette-Guerin (Tuberculosis),Yes
AUS,Australia,WPRO,2021,Bacille Calmette-Guerin (Tuberculosis),Yes
AUS,Australia,WPRO,2022,Bacille Calmette-Guerin (Tuberculosis),Yes
AUS,Australia,WPRO,2023,Bacille Calmette-Guerin (Tuberculosis),Yes
AUS,Australia,WPRO,2010,Diphtheria/Tetanus/Pertussis - 1st dose,Yes
AUS,Australia,WPRO,2011,Diphtheria/Tetanus/Pertussis - 1st dose,Yes
AUS,Australia,WPRO,2012,Diphtheria/Tetanus/Pertussis - 1st dose,Yes
AUS,Australia,WPRO,2013,Diphtheria/Tetanus/Pertussis - 1st dose,Yes
AUS,Australia,WPRO,2014,Diphtheria/Tetanus/Pertussis - 1st dose,Yes
AUS,Australia,WPRO,2015,Diphtheria/Tetanus/Pertussis - 1st dose,Yes
AUS,Australia,WPRO,2016,Diphtheria/Tetanus/Pertussis - 1st dose,Yes
AUS,Australia,WPRO,2017,Diphtheria/Tetanus/Pertussis - 1st dose,Yes
AUS,Australia,WPRO,2018,Diphtheria/Tetanus/Pertussis - 1st dose,Yes
AUS,Australia,WPRO,2019,Diphtheria/Tetanus/Pertussis - 1st dose,Yes
AUS,Australia,WPRO,2020,Diphtheria/Tetanus/Pertussis - 1st dose,Yes
AUS,Australia,WPRO,2021,Diphtheria/Tetanus/Pertussis - 1st dose,Yes
AUS,Australia,WPRO,2022,Diphtheria/Tetanus/Pertussis - 1st dose,Yes
AUS,Australia,WPRO,2023,Diphtheria/Tetanus/Pertussis - 1st dose,Yes
AUS,Australia,WPRO,2010,Diphtheria/Tetanus/Pertussis - 3rd dose,Yes
AUS,Australia,WPRO,2011,Diphtheria/Tetanus/Pertussis - 3rd dose,Yes
AUS,Australia,WPRO,2012,Diphtheria/Tetanus/Pertussis - 3rd dose,Yes
AUS,Australia,WPRO,2013,Diphtheria/Tetanus/Pertussis - 3rd dose,Yes
AUS,Australia,WPRO,2014,Diphtheria/Tetanus/Pertussis - 3rd dose,Yes
AUS,Australia,WPRO,2015,Diphtheria/Tetanus/Pertussis - 3rd dose,Yes
AUS,Australia,WPRO,2016,Diphtheria/Tetanus/Pertussis - 3rd dose,Yes
AUS,Australia,WPRO,2017,Diphtheria/Tetanus/Pertussis - 3rd dose,Yes
AUS,Australia,WPRO,2018,Diphtheria/Tetanus/Pertussis - 3rd dose,Yes
AUS,Australia,WPRO,2019,Diphtheria/Tetanus/Pertussis - 3rd dose,Yes
AUS,Australia,WPRO,2020,Diphtheria/Tetanus/Pertussis - 3rd dose,Yes
AUS,Australia,WPRO,2021,Diphtheria/Tetanus/Pertussis - 3rd dose,Yes
AUS,Australia,WPRO,2022,Diphtheria/Tetanus/Pertussis - 3rd dose,Yes
AUS,Australia,WPRO,2023,Diphtheria/Tetanus/Pertussis - 3rd dose,Yes
AUS,Australia,WPRO,2010,Measles-containing vaccine - 1st dose,Yes
AUS,Australia,WPRO,2011,Measles-containing vaccine - 1st dose,Yes
AUS,Australia,WPRO,2012,Measles-containing vaccine - 1st dose,Yes
AUS,Australia,WPRO,2013,Measles-containing vaccine - 1st dose,Yes
AUS,Australia,WPRO,2014,Measles-containing vaccine - 1st dose,Yes
AUS,Australia,WPRO,2015,Measles-containing vaccine - 1st dose,Yes
AUS,Australia,WPRO,2016,Measles-containing vaccine - 1st dose,Yes
AUS,Australia,WPRO,2017,Measles-containing vaccine - 1st dose,Yes
AUS,Australia,WPRO,2018,Measles-containing vaccine - 1st dose,Yes
AUS,Australia,WPRO,2019,Measles-containing vaccine - 1st dose,Yes
AUS,Australia,WPRO,2020,Measles-containing vaccine - 1st dose,Yes
AUS,Australia,WPRO,2021,Measles-containing vaccine - 1st dose,Yes
AUS,Australia,WPRO,2022,Measles-containing vaccine - 1st dose,Yes
AUS,Australia,WPRO,2023,Measles-containing vaccine - 1st dose,Yes
AUS,Australia,WPRO,2010,Measles-containing vaccine - 2nd dose (booster),Yes
AUS,Australia,WPRO,2011,Measles-containing vaccine - 2nd dose (booster),Yes
AUS,Australia,WPRO,2012,Measles-containing vaccine - 2nd dose (booster),Yes
AUS,Australia,WPRO,2013,Measles-containing vaccine - 2nd dose (booster),Yes
AUS,Australia,WPRO,2014,Measles-containing vaccine - 2nd dose (booster),Yes
AUS,Australia,WPRO,2015,Measles-containing vaccine - 2nd dose (booster),Yes
AUS,Australia,WPRO,2016,Measles-containing vaccine - 2nd dose (booster),Yes
AUS,Australia,WPRO,2017,Measles-containing vaccine - 2nd dose (booster),Yes
AUS,Australia,WPRO,2018,Measles-containing vaccine - 2nd dose (booster),Yes
AUS,Australia,WPRO,2019,Measles-containing vaccine - 2nd dose (booster),Yes
AUS,Australia,WPRO,2020,Measles-containing vaccine - 2nd dose (booster),Yes
AUS,Australia,WPRO,2021,Measles-containing vaccine - 2nd dose (booster),Yes
AUS,Australia,WPRO,2022,Measles-containing vaccine - 2nd dose (booster),Yes
AUS,Australia,WPRO,2023,Measles-containing vaccine - 2nd dose (booster),Yes
AUS,Australia,WPRO,2010,Polio - 3rd dose,Yes
AUS,Australia,WPRO,2011,Polio - 3rd dose,Yes
AUS,Australia,WPRO,2012,Polio - 3rd dose,Yes
AUS,Australia,WPRO,2013,Polio - 3rd dose,Yes
AUS,Australia,WPRO,2014,Polio - 3rd dose,Yes
AUS,Australia,WPRO,2015,Polio - 3rd dose,Yes
AUS,Australia,WPRO,2016,Polio - 3rd dose,Yes
AUS,Australia,WPRO,2017,Polio - 3rd dose,Yes
AUS,Australia,WPRO,2018,Polio - 3rd dose,Yes
AUS,Australia,WPRO,2019,Polio - 3rd dose,Yes
AUS,Australia,WPRO,2020,Polio - 3rd dose,Yes
AUS,Australia,WPRO,2021,Polio - 3rd dose,Yes
AUS,Australia,WPRO,2022,Polio - 3rd dose,Yes
AUS,Australia,WPRO,2023,Polio - 3rd dose,Yes
AUS,Australia,WPRO,2010,Hepatitis B - 3rd dose,Yes
AUS,Australia,WPRO,2011,Hepatitis B - 3rd dose,Yes
AUS,Australia,WPRO,2012,Hepatitis B - 3rd dose,Yes
AUS,Australia,WPRO,2013,Hepatitis B - 3rd dose,Yes
AUS,Australia,WPRO,2014,Hepatitis B - 3rd dose,Yes
AUS,Australia,WPRO,2015,Hepatitis B - 3rd dose,Yes
AUS,Australia,WPRO,2016,Hepatitis B - 3rd dose,Yes
AUS,Australia,WPRO,2017,Hepatitis B - 3rd dose,Yes
AUS,Australia,WPRO,2018,Hepatitis B - 3rd dose,Yes
AUS,Australia,WPRO,2019,Hepatitis B - 3rd dose,Yes
AUS,Australia,WPRO,2020,Hepatitis B - 3rd dose,Yes
AUS,Australia,WPRO,2021,Hepatitis B - 3rd dose,Yes
AUS,Australia,WPRO,2022,Hepatitis B - 3rd dose,Yes
AUS,Australia,WPRO,2023,Hepatitis B - 3rd dose,Yes
AUS,Australia,WPRO,2010,Pneumococcal conjugate vaccine - 3rd dose,Yes
AUS,Australia,WPRO,2011,Pneumococcal conjugate vaccine - 3rd dose,Yes
AUS,Australia,WPRO,2012,Pneumococcal conjugate vaccine - 3rd dose,Yes
AUS,Australia,WPRO,2013,Pneumococcal conjugate vaccine - 3rd dose,Yes
AUS,Australia,WPRO,2014,Pneumococcal conjugate vaccine - 3rd dose,Yes
AUS,Australia,WPRO,2015,Pneumococcal conjugate vaccine - 3rd dose,Yes
AUS,Australia,WPRO,2016,Pneumococcal conjugate vaccine - 3rd dose,Yes
AUS,Australia,WPRO,2017,Pneumococcal conjugate vaccine - 3rd dose,Yes
AUS,Australia,WPRO,2018,Pneumococcal conjugate vaccine - 3rd dose,Yes
AUS,Australia,WPRO,2019,Pneumococcal conjugate vaccine - 3rd dose,Yes
AUS,Australia,WPRO,2020,Pneumococcal conjugate vaccine - 3rd dose,Yes
AUS,Australia,WPRO,2021,Pneumococcal conjugate vaccine - 3rd dose,Yes
AUS,Australia,WPRO,2022,Pneumococcal conjugate vaccine - 3rd dose,Yes
AUS,Australia,WPRO,2023,Pneumococcal conjugate vaccine - 3rd dose,Yes
